log_id,order_id,status,updated_at
1,1,DELIVERING,2026-05-11 12:44:01.300168
2,1,DELIVERED,2026-05-11 13:17:01.300168
3,3,DELIVERING,2026-04-23 09:27:01.300168
4,3,DELIVERED,2026-04-23 09:47:01.300168
5,4,CANCELLED,2026-05-04 00:13:01.300168
6,5,CANCELLED,2026-05-03 16:12:01.300168
7,6,DELIVERING,2026-05-01 09:45:01.300168
8,6,DELIVERED,2026-05-01 10:10:01.300168
9,7,DELIVERING,2026-05-15 04:59:01.300168
10,7,DELIVERED,2026-05-15 05:16:01.300168
11,8,DELIVERING,2026-04-29 13:01:01.300168
12,8,DELIVERED,2026-04-29 13:31:01.300168
13,9,DELIVERING,2026-04-24 15:01:01.300168
14,9,DELIVERED,2026-04-24 15:26:01.300168
15,11,DELIVERING,2026-05-02 11:42:01.300168
16,11,DELIVERED,2026-05-02 12:14:01.300168
17,12,DELIVERING,2026-05-18 06:29:01.300168
18,12,DELIVERED,2026-05-18 06:45:01.300168
19,13,DELIVERING,2026-04-28 16:15:01.300168
20,13,DELIVERED,2026-04-28 16:46:01.300168
21,14,DELIVERING,2026-04-28 02:17:01.300168
22,14,DELIVERED,2026-04-28 02:53:01.300168
23,15,DELIVERING,2026-05-17 09:46:01.300168
24,15,DELIVERED,2026-05-17 10:11:01.300168
25,16,DELIVERING,2026-04-23 23:46:01.300168
26,16,DELIVERED,2026-04-24 00:16:01.300168
27,17,CANCELLED,2026-05-06 08:12:01.300168
28,18,DELIVERING,2026-05-07 08:21:01.300168
29,18,DELIVERED,2026-05-07 08:44:01.300168
30,19,DELIVERING,2026-05-14 09:40:01.300168
31,19,DELIVERED,2026-05-14 09:57:01.300168
32,20,DELIVERING,2026-05-19 14:03:01.300168
33,20,DELIVERED,2026-05-19 14:19:01.300168
34,21,DELIVERING,2026-05-04 19:14:01.300168
35,21,DELIVERED,2026-05-04 19:46:01.300168
36,22,CANCELLED,2026-05-18 17:01:01.300168
37,23,DELIVERING,2026-04-22 13:29:01.300168
38,23,DELIVERED,2026-04-22 13:52:01.300168
39,24,DELIVERING,2026-05-14 05:33:01.300168
40,24,DELIVERED,2026-05-14 06:02:01.300168
41,25,DELIVERING,2026-05-15 19:56:01.300168
42,25,DELIVERED,2026-05-15 20:13:01.300168
43,26,DELIVERING,2026-05-11 01:43:01.300168
44,26,DELIVERED,2026-05-11 02:13:01.300168
45,27,DELIVERING,2026-05-16 18:19:01.300168
46,27,DELIVERED,2026-05-16 18:35:01.300168
47,28,CANCELLED,2026-05-05 15:04:01.300168
48,29,DELIVERING,2026-04-26 12:48:01.300168
49,29,DELIVERED,2026-04-26 13:24:01.300168
50,30,DELIVERING,2026-05-12 17:42:01.300168
51,30,DELIVERED,2026-05-12 18:18:01.300168
52,31,DELIVERING,2026-04-19 20:18:01.300168
53,31,DELIVERED,2026-04-19 20:35:01.300168
54,32,DELIVERING,2026-04-30 23:20:01.300168
55,32,DELIVERED,2026-04-30 23:36:01.300168
56,33,CANCELLED,2026-04-26 02:36:01.300168
57,34,DELIVERING,2026-05-18 22:23:01.300168
58,34,DELIVERED,2026-05-18 22:49:01.300168
59,35,DELIVERING,2026-05-10 05:41:01.300168
60,35,DELIVERED,2026-05-10 06:16:01.300168
61,36,CANCELLED,2026-05-18 20:15:01.300168
62,37,CANCELLED,2026-04-20 20:50:01.300168
63,39,DELIVERING,2026-05-07 09:35:01.300168
64,39,DELIVERED,2026-05-07 10:03:01.300168
65,40,DELIVERING,2026-05-09 18:44:01.300168
66,40,DELIVERED,2026-05-09 19:13:01.300168
67,41,CANCELLED,2026-05-05 03:15:01.300168
68,42,DELIVERING,2026-05-15 02:30:01.300168
69,42,DELIVERED,2026-05-15 02:55:01.300168
70,43,DELIVERING,2026-05-18 19:19:01.300168
71,43,DELIVERED,2026-05-18 19:43:01.300168
72,44,CANCELLED,2026-05-12 22:50:01.300168
73,45,DELIVERING,2026-05-01 16:46:01.300168
74,45,DELIVERED,2026-05-01 17:07:01.300168
75,46,DELIVERING,2026-04-30 02:38:01.300168
76,46,DELIVERED,2026-04-30 03:15:01.300168
77,47,DELIVERING,2026-05-03 12:47:01.300168
78,47,DELIVERED,2026-05-03 13:12:01.300168
79,48,DELIVERING,2026-05-09 12:21:01.300168
80,48,DELIVERED,2026-05-09 12:56:01.300168
81,49,DELIVERING,2026-04-28 22:00:01.300168
82,49,DELIVERED,2026-04-28 22:36:01.300168
83,50,DELIVERING,2026-05-08 15:33:01.300168
84,50,DELIVERED,2026-05-08 16:02:01.300168
85,51,DELIVERING,2026-04-23 07:19:01.300168
86,51,DELIVERED,2026-04-23 07:37:01.300168
87,52,CANCELLED,2026-04-23 00:50:01.300168
88,53,CANCELLED,2026-05-19 14:40:01.300168
89,54,DELIVERING,2026-05-15 18:46:01.300168
90,54,DELIVERED,2026-05-15 19:14:01.300168
91,55,CANCELLED,2026-05-14 13:04:01.300168
92,56,DELIVERING,2026-05-03 14:28:01.300168
93,56,DELIVERED,2026-05-03 14:58:01.300168
94,57,DELIVERING,2026-05-11 15:37:01.300168
95,57,DELIVERED,2026-05-11 16:00:01.300168
96,58,CANCELLED,2026-05-15 11:58:01.300168
97,59,DELIVERING,2026-05-18 09:31:01.300168
98,59,DELIVERED,2026-05-18 09:57:01.300168
99,60,DELIVERING,2026-05-17 03:31:01.300168
100,60,DELIVERED,2026-05-17 03:50:01.300168
101,61,DELIVERING,2026-04-25 19:35:01.300168
102,61,DELIVERED,2026-04-25 19:54:01.300168
103,62,DELIVERING,2026-05-07 18:48:01.300168
104,62,DELIVERED,2026-05-07 19:06:01.300168
105,63,DELIVERING,2026-05-12 01:20:01.300168
106,63,DELIVERED,2026-05-12 01:52:01.300168
107,64,CANCELLED,2026-05-10 03:28:01.300168
108,65,DELIVERING,2026-05-19 13:48:01.300168
109,65,DELIVERED,2026-05-19 14:19:01.300168
110,66,DELIVERING,2026-05-04 16:10:01.300168
111,66,DELIVERED,2026-05-04 16:31:01.300168
112,67,DELIVERING,2026-05-03 15:25:01.300168
113,67,DELIVERED,2026-05-03 15:47:01.300168
114,68,CANCELLED,2026-05-18 13:36:01.300168
115,69,DELIVERING,2026-05-17 14:47:01.300168
116,69,DELIVERED,2026-05-17 15:23:01.300168
117,70,CANCELLED,2026-04-24 14:58:01.300168
118,71,DELIVERING,2026-04-28 13:27:01.300168
119,71,DELIVERED,2026-04-28 13:50:01.300168
120,72,DELIVERING,2026-05-07 15:34:01.300168
121,72,DELIVERED,2026-05-07 16:00:01.300168
122,73,CANCELLED,2026-04-27 06:02:01.300168
123,74,DELIVERING,2026-04-24 13:54:01.300168
124,74,DELIVERED,2026-04-24 14:17:01.300168
125,75,CANCELLED,2026-05-02 06:26:01.300168
126,76,DELIVERING,2026-04-23 12:37:01.300168
127,76,DELIVERED,2026-04-23 12:55:01.300168
128,77,DELIVERING,2026-04-22 05:25:01.300168
129,77,DELIVERED,2026-04-22 05:56:01.300168
130,78,DELIVERING,2026-04-27 16:07:01.300168
131,78,DELIVERED,2026-04-27 16:32:01.300168
132,79,DELIVERING,2026-05-14 14:19:01.300168
133,79,DELIVERED,2026-05-14 14:44:01.300168
134,80,DELIVERING,2026-05-08 02:24:01.300168
135,80,DELIVERED,2026-05-08 02:41:01.300168
136,81,DELIVERING,2026-04-30 21:13:01.300168
137,81,DELIVERED,2026-04-30 21:30:01.300168
138,82,DELIVERING,2026-04-20 14:55:01.300168
139,82,DELIVERED,2026-04-20 15:30:01.300168
140,83,DELIVERING,2026-04-29 19:15:01.300168
141,83,DELIVERED,2026-04-29 19:41:01.300168
142,84,CANCELLED,2026-04-27 17:10:01.300168
143,85,DELIVERING,2026-05-02 00:45:01.300168
144,85,DELIVERED,2026-05-02 01:08:01.300168
145,86,DELIVERING,2026-04-30 00:28:01.300168
146,86,DELIVERED,2026-04-30 00:43:01.300168
147,87,CANCELLED,2026-05-15 12:33:01.300168
148,88,DELIVERING,2026-05-04 05:25:01.300168
149,88,DELIVERED,2026-05-04 05:55:01.300168
150,89,DELIVERING,2026-05-16 06:59:01.300168
151,89,DELIVERED,2026-05-16 07:21:01.300168
152,90,DELIVERING,2026-05-12 17:54:01.300168
153,90,DELIVERED,2026-05-12 18:19:01.300168
154,91,DELIVERING,2026-05-12 01:39:01.300168
155,91,DELIVERED,2026-05-12 01:57:01.300168
156,92,DELIVERING,2026-04-21 11:12:01.300168
157,92,DELIVERED,2026-04-21 11:31:01.300168
158,93,DELIVERING,2026-05-15 11:00:01.300168
159,93,DELIVERED,2026-05-15 11:18:01.300168
160,94,DELIVERING,2026-05-03 19:19:01.300168
161,94,DELIVERED,2026-05-03 19:52:01.300168
162,95,DELIVERING,2026-05-03 14:36:01.300168
163,95,DELIVERED,2026-05-03 15:01:01.300168
164,96,DELIVERING,2026-05-01 18:02:01.300168
165,96,DELIVERED,2026-05-01 18:35:01.300168
166,97,DELIVERING,2026-05-02 04:31:01.300168
167,97,DELIVERED,2026-05-02 04:56:01.300168
168,98,DELIVERING,2026-04-23 06:06:01.300168
169,98,DELIVERED,2026-04-23 06:27:01.300168
170,99,DELIVERING,2026-04-22 16:48:01.300168
171,99,DELIVERED,2026-04-22 17:17:01.300168
172,100,DELIVERING,2026-05-01 20:38:01.300168
173,100,DELIVERED,2026-05-01 21:03:01.300168
174,101,DELIVERING,2026-04-20 08:42:01.300168
175,101,DELIVERED,2026-04-20 09:05:01.300168
176,102,DELIVERING,2026-05-13 09:16:01.300168
177,102,DELIVERED,2026-05-13 09:31:01.300168
178,103,CANCELLED,2026-04-30 03:21:01.300168
179,104,DELIVERING,2026-05-19 13:51:01.300168
180,104,DELIVERED,2026-05-19 14:07:01.300168
181,105,DELIVERING,2026-05-13 04:30:01.300168
182,105,DELIVERED,2026-05-13 04:56:01.300168
183,106,DELIVERING,2026-05-01 00:27:01.300168
184,106,DELIVERED,2026-05-01 00:48:01.300168
185,107,DELIVERING,2026-05-17 11:31:01.300168
186,107,DELIVERED,2026-05-17 11:50:01.300168
187,108,DELIVERING,2026-05-08 09:24:01.300168
188,108,DELIVERED,2026-05-08 09:50:01.300168
189,109,CANCELLED,2026-05-02 13:26:01.300168
190,110,DELIVERING,2026-05-04 15:02:01.300168
191,110,DELIVERED,2026-05-04 15:38:01.300168
192,111,CANCELLED,2026-04-20 16:53:01.300168
193,112,DELIVERING,2026-05-14 14:40:01.300168
194,112,DELIVERED,2026-05-14 15:16:01.300168
195,113,DELIVERING,2026-05-05 10:35:01.300168
196,113,DELIVERED,2026-05-05 11:03:01.300168
197,114,CANCELLED,2026-05-09 02:04:01.300168
198,115,DELIVERING,2026-04-25 04:18:01.300168
199,115,DELIVERED,2026-04-25 04:31:01.300168
200,116,DELIVERING,2026-05-05 12:57:01.300168
201,116,DELIVERED,2026-05-05 13:33:01.300168
202,117,DELIVERING,2026-05-08 08:26:01.300168
203,117,DELIVERED,2026-05-08 08:50:01.300168
204,118,DELIVERING,2026-05-18 11:10:01.300168
205,118,DELIVERED,2026-05-18 11:45:01.300168
206,119,DELIVERING,2026-04-22 19:46:01.300168
207,119,DELIVERED,2026-04-22 20:21:01.300168
208,120,DELIVERING,2026-05-17 17:54:01.300168
209,120,DELIVERED,2026-05-17 18:18:01.300168
210,121,DELIVERING,2026-05-09 20:41:01.300168
211,121,DELIVERED,2026-05-09 21:13:01.300168
212,122,DELIVERING,2026-05-08 00:34:01.300168
213,122,DELIVERED,2026-05-08 00:55:01.300168
214,123,DELIVERING,2026-05-07 19:08:01.300168
215,123,DELIVERED,2026-05-07 19:36:01.300168
216,124,DELIVERING,2026-04-27 09:32:01.300168
217,124,DELIVERED,2026-04-27 10:02:01.300168
218,125,DELIVERING,2026-05-13 08:14:01.300168
219,125,DELIVERED,2026-05-13 08:38:01.300168
220,126,DELIVERING,2026-05-04 07:38:01.300168
221,126,DELIVERED,2026-05-04 07:52:01.300168
222,127,DELIVERING,2026-05-02 20:17:01.300168
223,127,DELIVERED,2026-05-02 20:40:01.300168
224,128,DELIVERING,2026-04-20 20:36:01.300168
225,128,DELIVERED,2026-04-20 21:08:01.300168
226,129,DELIVERING,2026-05-06 21:24:01.300168
227,129,DELIVERED,2026-05-06 21:49:01.300168
228,130,DELIVERING,2026-04-23 15:17:01.300168
229,130,DELIVERED,2026-04-23 15:50:01.300168
230,131,DELIVERING,2026-05-04 12:19:01.300168
231,131,DELIVERED,2026-05-04 12:55:01.300168
232,132,CANCELLED,2026-04-21 03:29:01.300168
233,133,DELIVERING,2026-05-01 23:24:01.300168
234,133,DELIVERED,2026-05-01 23:56:01.300168
235,134,DELIVERING,2026-05-13 21:42:01.300168
236,134,DELIVERED,2026-05-13 22:18:01.300168
237,135,DELIVERING,2026-05-05 00:38:01.300168
238,135,DELIVERED,2026-05-05 01:11:01.300168
239,136,DELIVERING,2026-04-27 08:34:01.300168
240,136,DELIVERED,2026-04-27 09:08:01.300168
241,137,DELIVERING,2026-05-01 09:11:01.300168
242,137,DELIVERED,2026-05-01 09:31:01.300168
243,138,DELIVERING,2026-04-22 08:36:01.300168
244,138,DELIVERED,2026-04-22 09:08:01.300168
245,139,DELIVERING,2026-04-20 11:33:01.300168
246,139,DELIVERED,2026-04-20 12:09:01.300168
247,140,DELIVERING,2026-05-14 22:50:01.300168
248,140,DELIVERED,2026-05-14 23:10:01.300168
249,141,CANCELLED,2026-05-11 04:12:01.300168
250,142,DELIVERING,2026-04-26 23:36:01.300168
251,142,DELIVERED,2026-04-26 23:59:01.300168
252,143,DELIVERING,2026-05-06 10:02:01.300168
253,143,DELIVERED,2026-05-06 10:26:01.300168
254,144,DELIVERING,2026-05-03 17:30:01.300168
255,144,DELIVERED,2026-05-03 17:52:01.300168
256,145,CANCELLED,2026-05-15 19:41:01.300168
257,146,CANCELLED,2026-04-24 23:39:01.300168
258,147,DELIVERING,2026-05-02 18:33:01.300168
259,147,DELIVERED,2026-05-02 18:55:01.300168
260,148,DELIVERING,2026-04-27 07:14:01.300168
261,148,DELIVERED,2026-04-27 07:46:01.300168
262,149,DELIVERING,2026-05-13 18:35:01.300168
263,149,DELIVERED,2026-05-13 19:03:01.300168
264,150,DELIVERING,2026-05-02 04:21:01.300168
265,150,DELIVERED,2026-05-02 04:47:01.300168
266,151,CANCELLED,2026-05-03 05:51:01.300168
267,152,DELIVERING,2026-05-08 17:46:01.300168
268,152,DELIVERED,2026-05-08 18:17:01.300168
269,153,CANCELLED,2026-05-11 17:47:01.300168
270,154,DELIVERING,2026-05-08 01:46:01.300168
271,154,DELIVERED,2026-05-08 02:05:01.300168
272,155,DELIVERING,2026-05-13 20:50:01.300168
273,155,DELIVERED,2026-05-13 21:05:01.300168
274,156,DELIVERING,2026-05-16 15:39:01.300168
275,156,DELIVERED,2026-05-16 16:01:01.300168
276,157,DELIVERING,2026-04-23 03:39:01.300168
277,157,DELIVERED,2026-04-23 04:11:01.300168
278,158,DELIVERING,2026-05-13 12:21:01.300168
279,158,DELIVERED,2026-05-13 12:54:01.300168
280,159,DELIVERING,2026-04-23 18:21:01.300168
281,159,DELIVERED,2026-04-23 18:43:01.300168
282,160,CANCELLED,2026-04-24 03:32:01.300168
283,161,DELIVERING,2026-04-28 03:14:01.300168
284,161,DELIVERED,2026-04-28 03:45:01.300168
285,162,DELIVERING,2026-04-21 21:24:01.300168
286,162,DELIVERED,2026-04-21 21:38:01.300168
287,163,DELIVERING,2026-05-13 00:51:01.300168
288,163,DELIVERED,2026-05-13 01:24:01.300168
289,164,DELIVERING,2026-05-09 00:08:01.300168
290,164,DELIVERED,2026-05-09 00:36:01.300168
291,165,DELIVERING,2026-04-22 20:01:01.300168
292,165,DELIVERED,2026-04-22 20:33:01.300168
293,166,DELIVERING,2026-04-28 10:21:01.300168
294,166,DELIVERED,2026-04-28 10:45:01.300168
295,167,CANCELLED,2026-05-07 19:05:01.300168
296,168,CANCELLED,2026-05-09 09:46:01.300168
297,169,DELIVERING,2026-05-09 02:05:01.300168
298,169,DELIVERED,2026-05-09 02:42:01.300168
299,170,DELIVERING,2026-05-08 06:55:01.300168
300,170,DELIVERED,2026-05-08 07:21:01.300168
301,171,DELIVERING,2026-04-21 04:58:01.300168
302,171,DELIVERED,2026-04-21 05:24:01.300168
303,172,DELIVERING,2026-04-27 06:45:01.300168
304,172,DELIVERED,2026-04-27 07:13:01.300168
305,173,CANCELLED,2026-05-15 03:59:01.300168
306,174,DELIVERING,2026-05-04 13:53:01.300168
307,174,DELIVERED,2026-05-04 14:24:01.300168
308,175,DELIVERING,2026-05-17 15:35:01.300168
309,175,DELIVERED,2026-05-17 16:12:01.300168
310,176,DELIVERING,2026-05-07 00:09:01.300168
311,176,DELIVERED,2026-05-07 00:36:01.300168
312,177,DELIVERING,2026-05-01 04:33:01.300168
313,177,DELIVERED,2026-05-01 05:08:01.300168
314,178,DELIVERING,2026-04-22 19:56:01.300168
315,178,DELIVERED,2026-04-22 20:24:01.300168
316,179,DELIVERING,2026-05-17 14:03:01.300168
317,179,DELIVERED,2026-05-17 14:39:01.300168
318,180,DELIVERING,2026-05-02 04:17:01.300168
319,180,DELIVERED,2026-05-02 04:53:01.300168
320,181,DELIVERING,2026-05-08 09:15:01.300168
321,181,DELIVERED,2026-05-08 09:34:01.300168
322,182,CANCELLED,2026-05-06 02:07:01.300168
323,183,DELIVERING,2026-05-04 07:15:01.300168
324,183,DELIVERED,2026-05-04 07:49:01.300168
325,184,DELIVERING,2026-05-15 06:31:01.300168
326,184,DELIVERED,2026-05-15 06:56:01.300168
327,185,DELIVERING,2026-04-26 03:40:01.300168
328,185,DELIVERED,2026-04-26 04:00:01.300168
329,187,DELIVERING,2026-04-23 12:54:01.300168
330,187,DELIVERED,2026-04-23 13:16:01.300168
331,188,DELIVERING,2026-05-13 21:48:01.300168
332,188,DELIVERED,2026-05-13 22:23:01.300168
333,189,DELIVERING,2026-05-17 15:18:01.300168
334,189,DELIVERED,2026-05-17 15:46:01.300168
335,190,CANCELLED,2026-04-30 16:17:01.300168
336,191,CANCELLED,2026-05-15 23:19:01.300168
337,192,DELIVERING,2026-05-08 15:49:01.300168
338,192,DELIVERED,2026-05-08 16:25:01.300168
339,193,CANCELLED,2026-05-10 19:21:01.300168
340,194,DELIVERING,2026-04-28 21:01:01.300168
341,194,DELIVERED,2026-04-28 21:29:01.300168
342,195,CANCELLED,2026-04-24 05:57:01.300168
343,196,DELIVERING,2026-04-27 09:45:01.300168
344,196,DELIVERED,2026-04-27 10:05:01.300168
345,197,DELIVERING,2026-04-30 04:47:01.300168
346,197,DELIVERED,2026-04-30 05:10:01.300168
347,198,DELIVERING,2026-05-10 15:20:01.300168
348,198,DELIVERED,2026-05-10 15:39:01.300168
349,199,DELIVERING,2026-05-08 05:23:01.300168
350,199,DELIVERED,2026-05-08 06:00:01.300168
351,200,DELIVERING,2026-04-25 05:45:01.300168
352,200,DELIVERED,2026-04-25 06:19:01.300168
353,201,CANCELLED,2026-05-15 20:25:01.300168
354,202,DELIVERING,2026-04-29 11:14:01.300168
355,202,DELIVERED,2026-04-29 11:39:01.300168
356,203,DELIVERING,2026-05-01 11:54:01.300168
357,203,DELIVERED,2026-05-01 12:09:01.300168
358,204,DELIVERING,2026-04-30 01:19:01.300168
359,204,DELIVERED,2026-04-30 01:44:01.300168
360,205,DELIVERING,2026-05-16 18:31:01.300168
361,205,DELIVERED,2026-05-16 18:52:01.300168
362,206,DELIVERING,2026-04-25 03:05:01.300168
363,206,DELIVERED,2026-04-25 03:25:01.300168
364,208,CANCELLED,2026-04-20 11:02:01.300168
365,209,DELIVERING,2026-05-10 09:33:01.300168
366,209,DELIVERED,2026-05-10 10:04:01.300168
367,210,DELIVERING,2026-04-29 22:45:01.300168
368,210,DELIVERED,2026-04-29 23:17:01.300168
369,211,DELIVERING,2026-05-07 04:02:01.300168
370,211,DELIVERED,2026-05-07 04:22:01.300168
371,212,DELIVERING,2026-04-30 16:09:01.300168
372,212,DELIVERED,2026-04-30 16:42:01.300168
373,213,DELIVERING,2026-04-27 21:25:01.300168
374,213,DELIVERED,2026-04-27 21:47:01.300168
375,214,CANCELLED,2026-04-22 07:57:01.300168
376,215,DELIVERING,2026-05-11 00:10:01.300168
377,215,DELIVERED,2026-05-11 00:38:01.300168
378,216,DELIVERING,2026-05-18 15:48:01.300168
379,216,DELIVERED,2026-05-18 16:23:01.300168
380,217,DELIVERING,2026-05-05 10:48:01.300168
381,217,DELIVERED,2026-05-05 11:22:01.300168
382,218,DELIVERING,2026-05-17 10:43:01.300168
383,218,DELIVERED,2026-05-17 11:14:01.300168
384,219,DELIVERING,2026-05-12 00:25:01.300168
385,219,DELIVERED,2026-05-12 00:48:01.300168
386,220,DELIVERING,2026-04-28 08:17:01.300168
387,220,DELIVERED,2026-04-28 08:36:01.300168
388,221,DELIVERING,2026-05-06 21:06:01.300168
389,221,DELIVERED,2026-05-06 21:22:01.300168
390,222,DELIVERING,2026-05-04 02:45:01.300168
391,222,DELIVERED,2026-05-04 03:11:01.300168
392,223,DELIVERING,2026-04-30 14:54:01.300168
393,223,DELIVERED,2026-04-30 15:11:01.300168
394,224,DELIVERING,2026-05-18 16:48:01.300168
395,224,DELIVERED,2026-05-18 17:14:01.300168
396,225,DELIVERING,2026-05-16 22:14:01.300168
397,225,DELIVERED,2026-05-16 22:38:01.300168
398,226,DELIVERING,2026-05-13 12:03:01.300168
399,226,DELIVERED,2026-05-13 12:25:01.300168
400,227,DELIVERING,2026-05-01 00:23:01.300168
401,227,DELIVERED,2026-05-01 00:37:01.300168
402,228,DELIVERING,2026-05-05 06:59:01.300168
403,228,DELIVERED,2026-05-05 07:33:01.300168
404,229,DELIVERING,2026-04-29 13:25:01.300168
405,229,DELIVERED,2026-04-29 13:53:01.300168
406,230,DELIVERING,2026-04-22 13:11:01.300168
407,230,DELIVERED,2026-04-22 13:42:01.300168
408,231,DELIVERING,2026-05-18 06:05:01.300168
409,231,DELIVERED,2026-05-18 06:28:01.300168
410,232,DELIVERING,2026-04-26 00:55:01.300168
411,232,DELIVERED,2026-04-26 01:17:01.300168
412,233,DELIVERING,2026-05-06 16:44:01.300168
413,233,DELIVERED,2026-05-06 17:05:01.300168
414,234,DELIVERING,2026-05-14 02:39:01.300168
415,234,DELIVERED,2026-05-14 03:12:01.300168
416,235,DELIVERING,2026-04-30 14:32:01.300168
417,235,DELIVERED,2026-04-30 14:50:01.300168
418,236,DELIVERING,2026-05-04 21:50:01.300168
419,236,DELIVERED,2026-05-04 22:13:01.300168
420,237,DELIVERING,2026-05-13 22:53:01.300168
421,237,DELIVERED,2026-05-13 23:13:01.300168
422,238,DELIVERING,2026-05-16 03:55:01.300168
423,238,DELIVERED,2026-05-16 04:23:01.300168
424,239,DELIVERING,2026-05-11 22:10:01.300168
425,239,DELIVERED,2026-05-11 22:32:01.300168
426,240,DELIVERING,2026-05-08 02:15:01.300168
427,240,DELIVERED,2026-05-08 02:41:01.300168
428,241,DELIVERING,2026-04-26 04:18:01.300168
429,241,DELIVERED,2026-04-26 04:58:01.300168
430,242,DELIVERING,2026-05-04 22:52:01.300168
431,242,DELIVERED,2026-05-04 23:20:01.300168
432,243,DELIVERING,2026-05-16 06:04:01.300168
433,243,DELIVERED,2026-05-16 06:29:01.300168
434,244,DELIVERING,2026-05-07 01:47:01.300168
435,244,DELIVERED,2026-05-07 02:20:01.300168
436,245,CANCELLED,2026-05-14 14:59:01.300168
437,246,DELIVERING,2026-04-28 09:26:01.300168
438,246,DELIVERED,2026-04-28 10:03:01.300168
439,247,DELIVERING,2026-05-05 18:59:01.300168
440,247,DELIVERED,2026-05-05 19:28:01.300168
441,248,DELIVERING,2026-04-28 03:54:01.300168
442,248,DELIVERED,2026-04-28 04:16:01.300168
443,249,DELIVERING,2026-05-18 00:11:01.300168
444,249,DELIVERED,2026-05-18 00:41:01.300168
445,250,DELIVERING,2026-04-26 21:21:01.300168
446,250,DELIVERED,2026-04-26 21:39:01.300168
447,251,DELIVERING,2026-05-01 06:25:01.300168
448,251,DELIVERED,2026-05-01 06:41:01.300168
449,252,DELIVERING,2026-05-08 19:43:01.300168
450,252,DELIVERED,2026-05-08 20:08:01.300168
451,253,DELIVERING,2026-05-12 22:10:01.300168
452,253,DELIVERED,2026-05-12 22:36:01.300168
453,254,DELIVERING,2026-05-19 17:03:01.300168
454,254,DELIVERED,2026-05-19 17:34:01.300168
455,255,DELIVERING,2026-04-28 10:15:01.300168
456,255,DELIVERED,2026-04-28 10:50:01.300168
457,257,DELIVERING,2026-05-07 21:36:01.300168
458,257,DELIVERED,2026-05-07 21:56:01.300168
459,258,CANCELLED,2026-04-23 11:52:01.300168
460,260,DELIVERING,2026-05-10 03:29:01.300168
461,260,DELIVERED,2026-05-10 03:48:01.300168
462,261,DELIVERING,2026-05-18 14:46:01.300168
463,261,DELIVERED,2026-05-18 15:15:01.300168
464,262,CANCELLED,2026-05-03 07:09:01.300168
465,263,DELIVERING,2026-05-04 05:06:01.300168
466,263,DELIVERED,2026-05-04 05:29:01.300168
467,264,DELIVERING,2026-04-23 19:03:01.300168
468,264,DELIVERED,2026-04-23 19:31:01.300168
469,265,DELIVERING,2026-05-07 09:41:01.300168
470,265,DELIVERED,2026-05-07 10:20:01.300168
471,266,DELIVERING,2026-04-30 03:30:01.300168
472,266,DELIVERED,2026-04-30 03:51:01.300168
473,268,DELIVERING,2026-04-24 04:57:01.300168
474,268,DELIVERED,2026-04-24 05:18:01.300168
475,269,DELIVERING,2026-04-27 10:05:01.300168
476,269,DELIVERED,2026-04-27 10:26:01.300168
477,271,DELIVERING,2026-05-18 22:01:01.300168
478,271,DELIVERED,2026-05-18 22:31:01.300168
479,272,DELIVERING,2026-05-07 13:11:01.300168
480,272,DELIVERED,2026-05-07 13:45:01.300168
481,273,DELIVERING,2026-05-10 04:51:01.300168
482,273,DELIVERED,2026-05-10 05:20:01.300168
483,274,DELIVERING,2026-05-02 02:07:01.300168
484,274,DELIVERED,2026-05-02 02:32:01.300168
485,275,DELIVERING,2026-04-20 20:40:01.300168
486,275,DELIVERED,2026-04-20 21:12:01.300168
487,276,DELIVERING,2026-04-24 21:30:01.300168
488,276,DELIVERED,2026-04-24 22:05:01.300168
489,277,DELIVERING,2026-04-24 21:07:01.300168
490,277,DELIVERED,2026-04-24 21:31:01.300168
491,278,DELIVERING,2026-04-30 01:34:01.300168
492,278,DELIVERED,2026-04-30 01:51:01.300168
493,279,DELIVERING,2026-05-05 23:49:01.300168
494,279,DELIVERED,2026-05-06 00:09:01.300168
495,280,DELIVERING,2026-04-21 05:06:01.300168
496,280,DELIVERED,2026-04-21 05:21:01.300168
497,281,DELIVERING,2026-05-08 23:04:01.300168
498,281,DELIVERED,2026-05-08 23:29:01.300168
499,282,DELIVERING,2026-05-02 00:09:01.300168
500,282,DELIVERED,2026-05-02 00:42:01.300168
501,283,DELIVERING,2026-05-09 02:03:01.300168
502,283,DELIVERED,2026-05-09 02:36:01.300168
503,284,DELIVERING,2026-05-14 09:08:01.300168
504,284,DELIVERED,2026-05-14 09:35:01.300168
505,285,CANCELLED,2026-05-11 01:07:01.300168
506,286,CANCELLED,2026-05-06 03:25:01.300168
507,287,DELIVERING,2026-05-11 15:52:01.300168
508,287,DELIVERED,2026-05-11 16:19:01.300168
509,288,DELIVERING,2026-05-08 17:35:01.300168
510,288,DELIVERED,2026-05-08 17:55:01.300168
511,289,DELIVERING,2026-04-30 08:17:01.300168
512,289,DELIVERED,2026-04-30 08:47:01.300168
513,290,DELIVERING,2026-05-07 07:46:01.300168
514,290,DELIVERED,2026-05-07 08:05:01.300168
515,291,DELIVERING,2026-04-21 11:22:01.300168
516,291,DELIVERED,2026-04-21 11:53:01.300168
517,292,CANCELLED,2026-05-05 15:21:01.300168
518,293,DELIVERING,2026-05-18 18:15:01.300168
519,293,DELIVERED,2026-05-18 18:36:01.300168
520,294,DELIVERING,2026-05-16 20:45:01.300168
521,294,DELIVERED,2026-05-16 21:17:01.300168
522,295,CANCELLED,2026-04-22 20:54:01.300168
523,296,DELIVERING,2026-04-20 17:01:01.300168
524,296,DELIVERED,2026-04-20 17:39:01.300168
525,297,DELIVERING,2026-04-27 03:26:01.300168
526,297,DELIVERED,2026-04-27 04:02:01.300168
527,298,DELIVERING,2026-04-21 08:00:01.300168
528,298,DELIVERED,2026-04-21 08:30:01.300168
529,300,DELIVERING,2026-04-29 20:07:01.300168
530,300,DELIVERED,2026-04-29 20:36:01.300168
531,301,DELIVERING,2026-05-03 06:29:01.300168
532,301,DELIVERED,2026-05-03 06:56:01.300168
533,302,DELIVERING,2026-05-02 16:49:01.300168
534,302,DELIVERED,2026-05-02 17:22:01.300168
535,303,DELIVERING,2026-04-26 18:14:01.300168
536,303,DELIVERED,2026-04-26 18:45:01.300168
537,304,DELIVERING,2026-05-11 08:27:01.300168
538,304,DELIVERED,2026-05-11 08:50:01.300168
539,305,DELIVERING,2026-05-13 00:27:01.300168
540,305,DELIVERED,2026-05-13 00:53:01.300168
541,306,DELIVERING,2026-05-02 02:08:01.300168
542,306,DELIVERED,2026-05-02 02:43:01.300168
543,307,CANCELLED,2026-05-14 05:44:01.300168
544,308,DELIVERING,2026-05-15 17:59:01.300168
545,308,DELIVERED,2026-05-15 18:28:01.300168
546,309,DELIVERING,2026-05-03 05:54:01.300168
547,309,DELIVERED,2026-05-03 06:19:01.300168
548,310,DELIVERING,2026-04-30 18:15:01.300168
549,310,DELIVERED,2026-04-30 18:33:01.300168
550,311,DELIVERING,2026-05-19 08:58:01.300168
551,311,DELIVERED,2026-05-19 09:22:01.300168
552,312,CANCELLED,2026-04-25 14:49:01.300168
553,313,DELIVERING,2026-05-04 22:01:01.300168
554,313,DELIVERED,2026-05-04 22:22:01.300168
555,314,DELIVERING,2026-04-20 17:37:01.300168
556,314,DELIVERED,2026-04-20 17:59:01.300168
557,315,DELIVERING,2026-05-11 17:55:01.300168
558,315,DELIVERED,2026-05-11 18:25:01.300168
559,316,CANCELLED,2026-04-24 16:30:01.300168
560,317,DELIVERING,2026-05-04 01:36:01.300168
561,317,DELIVERED,2026-05-04 01:54:01.300168
562,318,DELIVERING,2026-04-29 00:51:01.300168
563,318,DELIVERED,2026-04-29 01:21:01.300168
564,319,DELIVERING,2026-04-24 02:32:01.300168
565,319,DELIVERED,2026-04-24 03:07:01.300168
566,320,DELIVERING,2026-04-21 11:07:01.300168
567,320,DELIVERED,2026-04-21 11:33:01.300168
568,321,DELIVERING,2026-04-22 07:24:01.300168
569,321,DELIVERED,2026-04-22 07:41:01.300168
570,322,DELIVERING,2026-05-03 02:22:01.300168
571,322,DELIVERED,2026-05-03 02:58:01.300168
572,323,DELIVERING,2026-04-26 05:49:01.300168
573,323,DELIVERED,2026-04-26 06:15:01.300168
574,324,DELIVERING,2026-04-30 09:44:01.300168
575,324,DELIVERED,2026-04-30 10:17:01.300168
576,325,DELIVERING,2026-05-06 13:01:01.300168
577,325,DELIVERED,2026-05-06 13:33:01.300168
578,326,CANCELLED,2026-05-18 00:20:01.300168
579,327,DELIVERING,2026-05-16 12:13:01.300168
580,327,DELIVERED,2026-05-16 12:37:01.300168
581,328,CANCELLED,2026-04-25 08:42:01.300168
582,329,DELIVERING,2026-04-29 09:30:01.300168
583,329,DELIVERED,2026-04-29 09:55:01.300168
584,330,DELIVERING,2026-05-02 09:27:01.300168
585,330,DELIVERED,2026-05-02 10:00:01.300168
586,331,DELIVERING,2026-04-26 03:12:01.300168
587,331,DELIVERED,2026-04-26 03:43:01.300168
588,333,DELIVERING,2026-04-27 16:51:01.300168
589,333,DELIVERED,2026-04-27 17:16:01.300168
590,334,CANCELLED,2026-05-16 20:29:01.300168
591,335,CANCELLED,2026-04-28 01:15:01.300168
592,336,DELIVERING,2026-05-01 17:31:01.300168
593,336,DELIVERED,2026-05-01 17:56:01.300168
594,337,DELIVERING,2026-04-24 17:03:01.300168
595,337,DELIVERED,2026-04-24 17:35:01.300168
596,338,DELIVERING,2026-05-02 10:04:01.300168
597,338,DELIVERED,2026-05-02 10:38:01.300168
598,339,DELIVERING,2026-04-21 20:17:01.300168
599,339,DELIVERED,2026-04-21 20:48:01.300168
600,341,DELIVERING,2026-04-25 03:18:01.300168
601,341,DELIVERED,2026-04-25 03:39:01.300168
602,342,CANCELLED,2026-04-25 23:04:01.300168
603,343,CANCELLED,2026-04-29 00:50:01.300168
604,344,CANCELLED,2026-04-21 02:00:01.300168
605,345,DELIVERING,2026-05-05 00:12:01.300168
606,345,DELIVERED,2026-05-05 00:44:01.300168
607,346,DELIVERING,2026-05-03 02:23:01.300168
608,346,DELIVERED,2026-05-03 02:48:01.300168
609,347,DELIVERING,2026-05-12 22:46:01.300168
610,347,DELIVERED,2026-05-12 23:20:01.300168
611,349,DELIVERING,2026-04-23 18:40:01.300168
612,349,DELIVERED,2026-04-23 19:04:01.300168
613,350,DELIVERING,2026-04-29 05:21:01.300168
614,350,DELIVERED,2026-04-29 05:56:01.300168
615,351,CANCELLED,2026-04-26 12:35:01.300168
616,352,DELIVERING,2026-05-10 15:08:01.300168
617,352,DELIVERED,2026-05-10 15:38:01.300168
618,353,DELIVERING,2026-05-09 12:15:01.300168
619,353,DELIVERED,2026-05-09 12:37:01.300168
620,354,DELIVERING,2026-05-04 19:37:01.300168
621,354,DELIVERED,2026-05-04 20:08:01.300168
622,355,DELIVERING,2026-05-01 09:22:01.300168
623,355,DELIVERED,2026-05-01 09:40:01.300168
624,356,DELIVERING,2026-04-30 13:10:01.300168
625,356,DELIVERED,2026-04-30 13:31:01.300168
626,357,DELIVERING,2026-04-28 20:11:01.300168
627,357,DELIVERED,2026-04-28 20:30:01.300168
628,358,DELIVERING,2026-05-08 20:00:01.300168
629,358,DELIVERED,2026-05-08 20:28:01.300168
630,359,CANCELLED,2026-05-06 16:41:01.300168
631,360,DELIVERING,2026-05-02 20:39:01.300168
632,360,DELIVERED,2026-05-02 21:12:01.300168
633,361,CANCELLED,2026-05-10 21:32:01.300168
634,362,DELIVERING,2026-04-30 08:27:01.300168
635,362,DELIVERED,2026-04-30 08:58:01.300168
636,363,DELIVERING,2026-05-07 20:50:01.300168
637,363,DELIVERED,2026-05-07 21:11:01.300168
638,364,DELIVERING,2026-04-25 18:21:01.300168
639,364,DELIVERED,2026-04-25 19:00:01.300168
640,365,DELIVERING,2026-05-07 01:05:01.300168
641,365,DELIVERED,2026-05-07 01:21:01.300168
642,366,DELIVERING,2026-05-05 12:53:01.300168
643,366,DELIVERED,2026-05-05 13:22:01.300168
644,367,DELIVERING,2026-04-26 15:45:01.300168
645,367,DELIVERED,2026-04-26 16:16:01.300168
646,368,DELIVERING,2026-05-06 12:47:01.300168
647,368,DELIVERED,2026-05-06 13:11:01.300168
648,369,DELIVERING,2026-05-09 10:17:01.300168
649,369,DELIVERED,2026-05-09 10:30:01.300168
650,370,DELIVERING,2026-04-26 10:07:01.300168
651,370,DELIVERED,2026-04-26 10:42:01.300168
652,371,CANCELLED,2026-05-02 01:05:01.300168
653,372,DELIVERING,2026-04-27 18:41:01.300168
654,372,DELIVERED,2026-04-27 19:15:01.300168
655,373,DELIVERING,2026-05-01 22:59:01.300168
656,373,DELIVERED,2026-05-01 23:25:01.300168
657,374,DELIVERING,2026-04-26 23:20:01.300168
658,374,DELIVERED,2026-04-26 23:58:01.300168
659,375,DELIVERING,2026-04-30 03:09:01.300168
660,375,DELIVERED,2026-04-30 03:43:01.300168
661,376,CANCELLED,2026-04-29 19:14:01.300168
662,377,DELIVERING,2026-05-12 12:10:01.300168
663,377,DELIVERED,2026-05-12 12:28:01.300168
664,378,CANCELLED,2026-05-02 10:02:01.300168
665,381,DELIVERING,2026-04-25 18:01:01.300168
666,381,DELIVERED,2026-04-25 18:22:01.300168
667,382,CANCELLED,2026-04-24 21:45:01.300168
668,383,DELIVERING,2026-05-15 23:31:01.300168
669,383,DELIVERED,2026-05-16 00:01:01.300168
670,384,DELIVERING,2026-05-09 21:32:01.300168
671,384,DELIVERED,2026-05-09 22:09:01.300168
672,385,DELIVERING,2026-05-14 19:16:01.300168
673,385,DELIVERED,2026-05-14 19:48:01.300168
674,386,DELIVERING,2026-05-06 06:29:01.300168
675,386,DELIVERED,2026-05-06 07:07:01.300168
676,387,DELIVERING,2026-05-03 08:18:01.300168
677,387,DELIVERED,2026-05-03 08:41:01.300168
678,388,DELIVERING,2026-05-04 20:40:01.300168
679,388,DELIVERED,2026-05-04 21:01:01.300168
680,389,DELIVERING,2026-04-22 23:50:01.300168
681,389,DELIVERED,2026-04-23 00:11:01.300168
682,390,DELIVERING,2026-05-02 15:18:01.300168
683,390,DELIVERED,2026-05-02 15:33:01.300168
684,391,DELIVERING,2026-04-22 00:06:01.300168
685,391,DELIVERED,2026-04-22 00:34:01.300168
686,392,DELIVERING,2026-05-09 20:15:01.300168
687,392,DELIVERED,2026-05-09 20:39:01.300168
688,393,DELIVERING,2026-04-23 20:32:01.300168
689,393,DELIVERED,2026-04-23 20:52:01.300168
690,394,DELIVERING,2026-04-20 08:26:01.300168
691,394,DELIVERED,2026-04-20 09:03:01.300168
692,395,DELIVERING,2026-05-03 02:21:01.300168
693,395,DELIVERED,2026-05-03 02:51:01.300168
694,396,DELIVERING,2026-05-08 19:15:01.300168
695,396,DELIVERED,2026-05-08 19:51:01.300168
696,397,DELIVERING,2026-05-13 08:52:01.300168
697,397,DELIVERED,2026-05-13 09:19:01.300168
698,398,DELIVERING,2026-05-13 00:19:01.300168
699,398,DELIVERED,2026-05-13 00:36:01.300168
700,399,DELIVERING,2026-05-06 23:20:01.300168
701,399,DELIVERED,2026-05-06 23:53:01.300168
702,400,DELIVERING,2026-04-23 23:45:01.300168
703,400,DELIVERED,2026-04-24 00:14:01.300168
704,401,DELIVERING,2026-05-08 00:28:01.300168
705,401,DELIVERED,2026-05-08 00:56:01.300168
706,402,DELIVERING,2026-04-22 14:28:01.300168
707,402,DELIVERED,2026-04-22 14:44:01.300168
708,403,DELIVERING,2026-04-23 07:29:01.300168
709,403,DELIVERED,2026-04-23 07:51:01.300168
710,404,CANCELLED,2026-04-24 09:44:01.300168
711,405,DELIVERING,2026-05-17 10:14:01.300168
712,405,DELIVERED,2026-05-17 10:34:01.300168
713,406,DELIVERING,2026-05-02 22:35:01.300168
714,406,DELIVERED,2026-05-02 22:54:01.300168
715,407,DELIVERING,2026-04-24 11:57:01.300168
716,407,DELIVERED,2026-04-24 12:27:01.300168
717,408,DELIVERING,2026-05-08 16:21:01.300168
718,408,DELIVERED,2026-05-08 16:51:01.300168
719,409,CANCELLED,2026-04-27 12:26:01.300168
720,410,DELIVERING,2026-04-22 22:37:01.300168
721,410,DELIVERED,2026-04-22 23:00:01.300168
722,411,DELIVERING,2026-05-16 23:20:01.300168
723,411,DELIVERED,2026-05-16 23:40:01.300168
724,412,DELIVERING,2026-05-06 03:42:01.300168
725,412,DELIVERED,2026-05-06 04:05:01.300168
726,413,DELIVERING,2026-05-09 07:45:01.300168
727,413,DELIVERED,2026-05-09 08:19:01.300168
728,414,DELIVERING,2026-05-19 12:28:01.300168
729,414,DELIVERED,2026-05-19 13:01:01.300168
730,416,DELIVERING,2026-05-13 06:04:01.300168
731,416,DELIVERED,2026-05-13 06:25:01.300168
732,417,DELIVERING,2026-04-29 09:28:01.300168
733,417,DELIVERED,2026-04-29 09:44:01.300168
734,418,DELIVERING,2026-05-08 02:25:01.300168
735,418,DELIVERED,2026-05-08 02:38:01.300168
736,419,DELIVERING,2026-04-26 17:13:01.300168
737,419,DELIVERED,2026-04-26 17:50:01.300168
738,420,DELIVERING,2026-04-20 19:32:01.300168
739,420,DELIVERED,2026-04-20 20:00:01.300168
740,421,DELIVERING,2026-04-26 11:12:01.300168
741,421,DELIVERED,2026-04-26 11:31:01.300168
742,422,DELIVERING,2026-05-08 10:43:01.300168
743,422,DELIVERED,2026-05-08 11:11:01.300168
744,423,DELIVERING,2026-05-07 06:50:01.300168
745,423,DELIVERED,2026-05-07 07:16:01.300168
746,424,CANCELLED,2026-04-28 14:06:01.300168
747,425,DELIVERING,2026-04-26 21:58:01.300168
748,425,DELIVERED,2026-04-26 22:24:01.300168
749,426,CANCELLED,2026-04-22 16:41:01.300168
750,427,CANCELLED,2026-05-02 20:33:01.300168
751,428,DELIVERING,2026-05-13 19:48:01.300168
752,428,DELIVERED,2026-05-13 20:23:01.300168
753,429,DELIVERING,2026-04-28 21:58:01.300168
754,429,DELIVERED,2026-04-28 22:27:01.300168
755,430,DELIVERING,2026-05-15 18:50:01.300168
756,430,DELIVERED,2026-05-15 19:18:01.300168
757,431,DELIVERING,2026-04-28 08:24:01.300168
758,431,DELIVERED,2026-04-28 09:01:01.300168
759,432,CANCELLED,2026-05-12 01:50:01.300168
760,433,DELIVERING,2026-04-30 10:04:01.300168
761,433,DELIVERED,2026-04-30 10:26:01.300168
762,434,DELIVERING,2026-05-05 10:51:01.300168
763,434,DELIVERED,2026-05-05 11:18:01.300168
764,435,DELIVERING,2026-05-11 17:23:01.300168
765,435,DELIVERED,2026-05-11 17:53:01.300168
766,436,DELIVERING,2026-04-21 10:01:01.300168
767,436,DELIVERED,2026-04-21 10:34:01.300168
768,437,DELIVERING,2026-05-03 12:18:01.300168
769,437,DELIVERED,2026-05-03 12:45:01.300168
770,438,DELIVERING,2026-05-13 14:09:01.300168
771,438,DELIVERED,2026-05-13 14:47:01.300168
772,439,DELIVERING,2026-05-16 16:37:01.300168
773,439,DELIVERED,2026-05-16 17:12:01.300168
774,440,DELIVERING,2026-04-25 16:55:01.300168
775,440,DELIVERED,2026-04-25 17:20:01.300168
776,441,CANCELLED,2026-05-11 18:57:01.300168
777,442,DELIVERING,2026-05-13 11:12:01.300168
778,442,DELIVERED,2026-05-13 11:37:01.300168
779,443,CANCELLED,2026-05-10 11:18:01.300168
780,444,DELIVERING,2026-05-13 21:35:01.300168
781,444,DELIVERED,2026-05-13 22:00:01.300168
782,445,DELIVERING,2026-04-27 07:19:01.300168
783,445,DELIVERED,2026-04-27 07:52:01.300168
784,446,DELIVERING,2026-04-21 13:43:01.300168
785,446,DELIVERED,2026-04-21 14:06:01.300168
786,447,CANCELLED,2026-05-03 02:40:01.300168
787,448,CANCELLED,2026-04-27 19:36:01.300168
788,449,DELIVERING,2026-04-25 09:52:01.300168
789,449,DELIVERED,2026-04-25 10:14:01.300168
790,450,CANCELLED,2026-05-10 00:24:01.300168
791,451,DELIVERING,2026-05-01 08:22:01.300168
792,451,DELIVERED,2026-05-01 08:45:01.300168
793,452,DELIVERING,2026-04-28 21:11:01.300168
794,452,DELIVERED,2026-04-28 21:27:01.300168
795,453,CANCELLED,2026-05-01 20:33:01.300168
796,454,DELIVERING,2026-05-11 14:29:01.300168
797,454,DELIVERED,2026-05-11 14:48:01.300168
798,455,DELIVERING,2026-04-20 10:45:01.300168
799,455,DELIVERED,2026-04-20 11:02:01.300168
800,457,DELIVERING,2026-04-29 02:56:01.300168
801,457,DELIVERED,2026-04-29 03:15:01.300168
802,458,DELIVERING,2026-04-23 11:00:01.300168
803,458,DELIVERED,2026-04-23 11:35:01.300168
804,459,DELIVERING,2026-04-20 22:48:01.300168
805,459,DELIVERED,2026-04-20 23:21:01.300168
806,460,DELIVERING,2026-05-09 01:34:01.300168
807,460,DELIVERED,2026-05-09 02:10:01.300168
808,461,CANCELLED,2026-05-02 20:57:01.300168
809,462,DELIVERING,2026-05-10 10:42:01.300168
810,462,DELIVERED,2026-05-10 11:06:01.300168
811,463,DELIVERING,2026-05-19 11:01:01.300168
812,463,DELIVERED,2026-05-19 11:29:01.300168
813,464,DELIVERING,2026-05-04 14:58:01.300168
814,464,DELIVERED,2026-05-04 15:21:01.300168
815,465,DELIVERING,2026-05-19 05:36:01.300168
816,465,DELIVERED,2026-05-19 05:56:01.300168
817,466,CANCELLED,2026-05-03 08:11:01.300168
818,467,DELIVERING,2026-05-16 23:50:01.300168
819,467,DELIVERED,2026-05-17 00:09:01.300168
820,468,DELIVERING,2026-04-30 18:02:01.300168
821,468,DELIVERED,2026-04-30 18:22:01.300168
822,469,DELIVERING,2026-05-03 14:19:01.300168
823,469,DELIVERED,2026-05-03 14:38:01.300168
824,470,DELIVERING,2026-05-06 21:17:01.300168
825,470,DELIVERED,2026-05-06 21:48:01.300168
826,471,DELIVERING,2026-05-05 09:17:01.300168
827,471,DELIVERED,2026-05-05 09:39:01.300168
828,472,DELIVERING,2026-05-17 09:45:01.300168
829,472,DELIVERED,2026-05-17 10:16:01.300168
830,473,DELIVERING,2026-05-16 22:54:01.300168
831,473,DELIVERED,2026-05-16 23:20:01.300168
832,474,CANCELLED,2026-04-22 11:15:01.300168
833,475,DELIVERING,2026-04-21 19:09:01.300168
834,475,DELIVERED,2026-04-21 19:26:01.300168
835,476,DELIVERING,2026-05-11 02:01:01.300168
836,476,DELIVERED,2026-05-11 02:25:01.300168
837,477,DELIVERING,2026-05-12 20:08:01.300168
838,477,DELIVERED,2026-05-12 20:45:01.300168
839,478,DELIVERING,2026-05-04 11:59:01.300168
840,478,DELIVERED,2026-05-04 12:37:01.300168
841,479,DELIVERING,2026-04-27 10:40:01.300168
842,479,DELIVERED,2026-04-27 11:15:01.300168
843,480,DELIVERING,2026-05-03 17:12:01.300168
844,480,DELIVERED,2026-05-03 17:36:01.300168
845,481,DELIVERING,2026-05-07 20:09:01.300168
846,481,DELIVERED,2026-05-07 20:37:01.300168
847,482,DELIVERING,2026-05-08 22:46:01.300168
848,482,DELIVERED,2026-05-08 23:11:01.300168
849,483,DELIVERING,2026-05-13 22:23:01.300168
850,483,DELIVERED,2026-05-13 22:41:01.300168
851,484,DELIVERING,2026-05-16 20:33:01.300168
852,484,DELIVERED,2026-05-16 21:04:01.300168
853,485,DELIVERING,2026-04-22 01:52:01.300168
854,485,DELIVERED,2026-04-22 02:28:01.300168
855,486,DELIVERING,2026-05-07 17:22:01.300168
856,486,DELIVERED,2026-05-07 17:50:01.300168
857,487,DELIVERING,2026-05-02 04:43:01.300168
858,487,DELIVERED,2026-05-02 05:06:01.300168
859,488,DELIVERING,2026-05-18 16:26:01.300168
860,488,DELIVERED,2026-05-18 16:49:01.300168
861,489,DELIVERING,2026-04-28 17:02:01.300168
862,489,DELIVERED,2026-04-28 17:25:01.300168
863,490,CANCELLED,2026-05-15 08:20:01.300168
864,491,DELIVERING,2026-04-21 22:31:01.300168
865,491,DELIVERED,2026-04-21 22:46:01.300168
866,492,DELIVERING,2026-04-21 07:06:01.300168
867,492,DELIVERED,2026-04-21 07:42:01.300168
868,493,CANCELLED,2026-04-27 23:12:01.300168
869,494,DELIVERING,2026-05-15 15:01:01.300168
870,494,DELIVERED,2026-05-15 15:29:01.300168
871,495,DELIVERING,2026-05-06 00:29:01.300168
872,495,DELIVERED,2026-05-06 01:06:01.300168
873,496,CANCELLED,2026-04-22 15:26:01.300168
874,497,DELIVERING,2026-05-06 05:46:01.300168
875,497,DELIVERED,2026-05-06 06:16:01.300168
876,498,CANCELLED,2026-04-30 17:57:01.300168
877,499,CANCELLED,2026-04-20 06:12:01.300168
878,500,DELIVERING,2026-05-17 10:54:01.300168
879,500,DELIVERED,2026-05-17 11:27:01.300168
880,501,DELIVERING,2026-05-02 13:41:01.300168
881,501,DELIVERED,2026-05-02 14:11:01.300168
882,502,DELIVERING,2026-05-04 23:40:01.300168
883,502,DELIVERED,2026-05-04 23:57:01.300168
884,503,DELIVERING,2026-05-03 13:51:01.300168
885,503,DELIVERED,2026-05-03 14:08:01.300168
886,504,DELIVERING,2026-05-12 20:18:01.300168
887,504,DELIVERED,2026-05-12 20:47:01.300168
888,505,DELIVERING,2026-05-14 00:43:01.300168
889,505,DELIVERED,2026-05-14 01:07:01.300168
890,506,DELIVERING,2026-05-17 19:27:01.300168
891,506,DELIVERED,2026-05-17 19:55:01.300168
892,507,DELIVERING,2026-05-11 03:30:01.300168
893,507,DELIVERED,2026-05-11 04:05:01.300168
894,508,DELIVERING,2026-05-03 03:49:01.300168
895,508,DELIVERED,2026-05-03 04:19:01.300168
896,509,DELIVERING,2026-05-01 01:11:01.300168
897,509,DELIVERED,2026-05-01 01:34:01.300168
898,510,DELIVERING,2026-05-05 16:55:01.300168
899,510,DELIVERED,2026-05-05 17:13:01.300168
900,511,DELIVERING,2026-05-19 10:17:01.300168
901,511,DELIVERED,2026-05-19 10:47:01.300168
902,512,CANCELLED,2026-05-16 02:03:01.300168
903,513,DELIVERING,2026-05-12 16:55:01.300168
904,513,DELIVERED,2026-05-12 17:18:01.300168
905,514,DELIVERING,2026-04-24 17:39:01.300168
906,514,DELIVERED,2026-04-24 18:02:01.300168
907,516,DELIVERING,2026-05-01 02:50:01.300168
908,516,DELIVERED,2026-05-01 03:10:01.300168
909,517,DELIVERING,2026-05-08 13:19:01.300168
910,517,DELIVERED,2026-05-08 13:50:01.300168
911,518,CANCELLED,2026-04-21 07:02:01.300168
912,519,DELIVERING,2026-05-10 00:28:01.300168
913,519,DELIVERED,2026-05-10 00:46:01.300168
914,520,DELIVERING,2026-05-14 14:18:01.300168
915,520,DELIVERED,2026-05-14 14:43:01.300168
916,521,DELIVERING,2026-05-17 10:26:01.300168
917,521,DELIVERED,2026-05-17 10:55:01.300168
918,522,DELIVERING,2026-04-25 10:08:01.300168
919,522,DELIVERED,2026-04-25 10:24:01.300168
920,523,DELIVERING,2026-05-06 09:12:01.300168
921,523,DELIVERED,2026-05-06 09:32:01.300168
922,524,DELIVERING,2026-05-08 12:23:01.300168
923,524,DELIVERED,2026-05-08 12:56:01.300168
924,525,DELIVERING,2026-05-05 06:38:01.300168
925,525,DELIVERED,2026-05-05 07:02:01.300168
926,526,DELIVERING,2026-05-04 22:43:01.300168
927,526,DELIVERED,2026-05-04 23:11:01.300168
928,527,DELIVERING,2026-05-11 22:58:01.300168
929,527,DELIVERED,2026-05-11 23:12:01.300168
930,528,CANCELLED,2026-05-19 13:17:01.300168
931,529,DELIVERING,2026-04-29 22:02:01.300168
932,529,DELIVERED,2026-04-29 22:30:01.300168
933,530,DELIVERING,2026-05-13 19:07:01.300168
934,530,DELIVERED,2026-05-13 19:24:01.300168
935,531,DELIVERING,2026-05-01 05:48:01.300168
936,531,DELIVERED,2026-05-01 06:10:01.300168
937,532,DELIVERING,2026-04-30 05:47:01.300168
938,532,DELIVERED,2026-04-30 06:09:01.300168
939,534,DELIVERING,2026-05-06 07:09:01.300168
940,534,DELIVERED,2026-05-06 07:39:01.300168
941,535,DELIVERING,2026-04-26 01:21:01.300168
942,535,DELIVERED,2026-04-26 01:53:01.300168
943,536,DELIVERING,2026-04-24 00:11:01.300168
944,536,DELIVERED,2026-04-24 00:36:01.300168
945,539,DELIVERING,2026-05-04 05:30:01.300168
946,539,DELIVERED,2026-05-04 05:50:01.300168
947,540,CANCELLED,2026-04-23 17:36:01.300168
948,541,DELIVERING,2026-04-28 18:54:01.300168
949,541,DELIVERED,2026-04-28 19:21:01.300168
950,542,DELIVERING,2026-04-28 18:49:01.300168
951,542,DELIVERED,2026-04-28 19:04:01.300168
952,543,DELIVERING,2026-05-13 19:16:01.300168
953,543,DELIVERED,2026-05-13 19:53:01.300168
954,544,DELIVERING,2026-05-09 15:15:01.300168
955,544,DELIVERED,2026-05-09 15:44:01.300168
956,545,DELIVERING,2026-05-10 02:44:01.300168
957,545,DELIVERED,2026-05-10 03:08:01.300168
958,547,DELIVERING,2026-05-04 00:12:01.300168
959,547,DELIVERED,2026-05-04 00:38:01.300168
960,548,DELIVERING,2026-04-30 20:10:01.300168
961,548,DELIVERED,2026-04-30 20:29:01.300168
962,549,DELIVERING,2026-05-16 08:31:01.300168
963,549,DELIVERED,2026-05-16 08:58:01.300168
964,550,CANCELLED,2026-05-16 17:07:01.300168
965,551,DELIVERING,2026-05-16 17:49:01.300168
966,551,DELIVERED,2026-05-16 18:15:01.300168
967,552,DELIVERING,2026-04-23 03:18:01.300168
968,552,DELIVERED,2026-04-23 03:36:01.300168
969,553,DELIVERING,2026-04-26 06:49:01.300168
970,553,DELIVERED,2026-04-26 07:10:01.300168
971,554,DELIVERING,2026-05-03 08:45:01.300168
972,554,DELIVERED,2026-05-03 09:10:01.300168
973,555,CANCELLED,2026-04-20 12:25:01.300168
974,556,DELIVERING,2026-04-30 08:32:01.300168
975,556,DELIVERED,2026-04-30 09:02:01.300168
976,557,DELIVERING,2026-05-08 18:13:01.300168
977,557,DELIVERED,2026-05-08 18:34:01.300168
978,558,DELIVERING,2026-05-05 02:59:01.300168
979,558,DELIVERED,2026-05-05 03:20:01.300168
980,559,DELIVERING,2026-05-02 10:28:01.300168
981,559,DELIVERED,2026-05-02 11:06:01.300168
982,560,DELIVERING,2026-04-27 09:38:01.300168
983,560,DELIVERED,2026-04-27 10:01:01.300168
984,561,CANCELLED,2026-05-18 08:30:01.300168
985,563,DELIVERING,2026-04-27 13:27:01.300168
986,563,DELIVERED,2026-04-27 13:47:01.300168
987,564,DELIVERING,2026-04-29 09:09:01.300168
988,564,DELIVERED,2026-04-29 09:27:01.300168
989,565,CANCELLED,2026-04-23 00:11:01.300168
990,566,CANCELLED,2026-04-26 18:15:01.300168
991,567,CANCELLED,2026-05-08 07:55:01.300168
992,568,DELIVERING,2026-05-02 01:51:01.300168
993,568,DELIVERED,2026-05-02 02:12:01.300168
994,569,DELIVERING,2026-05-02 03:17:01.300168
995,569,DELIVERED,2026-05-02 03:55:01.300168
996,570,DELIVERING,2026-04-26 06:24:01.300168
997,570,DELIVERED,2026-04-26 06:47:01.300168
998,571,DELIVERING,2026-05-13 07:23:01.300168
999,571,DELIVERED,2026-05-13 07:48:01.300168
1000,572,DELIVERING,2026-05-19 14:10:01.300168
1001,572,DELIVERED,2026-05-19 14:31:01.300168
1002,573,DELIVERING,2026-05-02 21:19:01.300168
1003,573,DELIVERED,2026-05-02 21:36:01.300168
1004,574,DELIVERING,2026-04-28 18:37:01.300168
1005,574,DELIVERED,2026-04-28 19:08:01.300168
1006,575,DELIVERING,2026-04-23 01:57:01.300168
1007,575,DELIVERED,2026-04-23 02:30:01.300168
1008,576,DELIVERING,2026-04-22 09:26:01.300168
1009,576,DELIVERED,2026-04-22 10:03:01.300168
1010,577,DELIVERING,2026-05-11 23:34:01.300168
1011,577,DELIVERED,2026-05-12 00:02:01.300168
1012,578,DELIVERING,2026-05-08 03:54:01.300168
1013,578,DELIVERED,2026-05-08 04:29:01.300168
1014,579,DELIVERING,2026-04-28 05:51:01.300168
1015,579,DELIVERED,2026-04-28 06:24:01.300168
1016,580,CANCELLED,2026-05-10 21:55:01.300168
1017,581,CANCELLED,2026-05-03 21:27:01.300168
1018,582,DELIVERING,2026-05-09 02:29:01.300168
1019,582,DELIVERED,2026-05-09 03:02:01.300168
1020,583,CANCELLED,2026-05-14 22:05:01.300168
1021,584,DELIVERING,2026-05-05 02:56:01.300168
1022,584,DELIVERED,2026-05-05 03:12:01.300168
1023,585,DELIVERING,2026-05-10 11:12:01.300168
1024,585,DELIVERED,2026-05-10 11:38:01.300168
1025,586,DELIVERING,2026-05-02 15:58:01.300168
1026,586,DELIVERED,2026-05-02 16:25:01.300168
1027,587,CANCELLED,2026-05-08 23:58:01.300168
1028,588,DELIVERING,2026-05-17 08:29:01.300168
1029,588,DELIVERED,2026-05-17 09:01:01.300168
1030,589,DELIVERING,2026-05-06 08:12:01.300168
1031,589,DELIVERED,2026-05-06 08:41:01.300168
1032,590,CANCELLED,2026-05-12 07:41:01.300168
1033,591,CANCELLED,2026-05-16 17:53:01.300168
1034,592,DELIVERING,2026-05-06 09:03:01.300168
1035,592,DELIVERED,2026-05-06 09:32:01.300168
1036,593,CANCELLED,2026-04-30 15:33:01.300168
1037,594,DELIVERING,2026-05-12 14:22:01.300168
1038,594,DELIVERED,2026-05-12 14:59:01.300168
1039,595,DELIVERING,2026-04-24 09:26:01.300168
1040,595,DELIVERED,2026-04-24 09:54:01.300168
1041,596,DELIVERING,2026-04-28 06:06:01.300168
1042,596,DELIVERED,2026-04-28 06:33:01.300168
1043,597,DELIVERING,2026-05-11 00:35:01.300168
1044,597,DELIVERED,2026-05-11 01:09:01.300168
1045,598,DELIVERING,2026-05-08 22:22:01.300168
1046,598,DELIVERED,2026-05-08 23:02:01.300168
1047,599,DELIVERING,2026-05-09 18:11:01.300168
1048,599,DELIVERED,2026-05-09 18:33:01.300168
1049,600,DELIVERING,2026-04-27 06:27:01.300168
1050,600,DELIVERED,2026-04-27 07:00:01.300168
1051,601,DELIVERING,2026-05-01 16:58:01.300168
1052,601,DELIVERED,2026-05-01 17:24:01.300168
1053,602,DELIVERING,2026-05-06 01:17:01.300168
1054,602,DELIVERED,2026-05-06 01:40:01.300168
1055,603,DELIVERING,2026-05-01 01:37:01.300168
1056,603,DELIVERED,2026-05-01 02:11:01.300168
1057,604,DELIVERING,2026-04-25 21:16:01.300168
1058,604,DELIVERED,2026-04-25 21:38:01.300168
1059,605,DELIVERING,2026-04-20 15:59:01.300168
1060,605,DELIVERED,2026-04-20 16:31:01.300168
1061,606,DELIVERING,2026-04-27 20:54:01.300168
1062,606,DELIVERED,2026-04-27 21:29:01.300168
1063,607,DELIVERING,2026-04-30 10:59:01.300168
1064,607,DELIVERED,2026-04-30 11:27:01.300168
1065,608,DELIVERING,2026-04-22 23:54:01.300168
1066,608,DELIVERED,2026-04-23 00:27:01.300168
1067,609,DELIVERING,2026-04-19 20:16:01.300168
1068,609,DELIVERED,2026-04-19 20:49:01.300168
1069,610,DELIVERING,2026-05-05 01:58:01.300168
1070,610,DELIVERED,2026-05-05 02:17:01.300168
1071,611,DELIVERING,2026-05-14 14:06:01.300168
1072,611,DELIVERED,2026-05-14 14:36:01.300168
1073,613,DELIVERING,2026-05-15 00:03:01.300168
1074,613,DELIVERED,2026-05-15 00:35:01.300168
1075,614,DELIVERING,2026-05-18 23:43:01.300168
1076,614,DELIVERED,2026-05-19 00:22:01.300168
1077,615,DELIVERING,2026-04-20 04:14:01.300168
1078,615,DELIVERED,2026-04-20 04:43:01.300168
1079,616,DELIVERING,2026-05-09 02:18:01.300168
1080,616,DELIVERED,2026-05-09 02:43:01.300168
1081,617,DELIVERING,2026-05-12 09:30:01.300168
1082,617,DELIVERED,2026-05-12 10:10:01.300168
1083,618,DELIVERING,2026-04-29 21:47:01.300168
1084,618,DELIVERED,2026-04-29 22:22:01.300168
1085,619,DELIVERING,2026-05-08 15:24:01.300168
1086,619,DELIVERED,2026-05-08 15:41:01.300168
1087,620,DELIVERING,2026-05-14 11:23:01.300168
1088,620,DELIVERED,2026-05-14 11:53:01.300168
1089,621,CANCELLED,2026-04-23 17:17:01.300168
1090,622,CANCELLED,2026-05-05 08:15:01.300168
1091,623,DELIVERING,2026-05-12 00:21:01.300168
1092,623,DELIVERED,2026-05-12 00:49:01.300168
1093,624,CANCELLED,2026-05-05 00:24:01.300168
1094,625,DELIVERING,2026-04-21 05:35:01.300168
1095,625,DELIVERED,2026-04-21 06:08:01.300168
1096,626,DELIVERING,2026-05-17 10:36:01.300168
1097,626,DELIVERED,2026-05-17 11:10:01.300168
1098,627,DELIVERING,2026-04-27 17:07:01.300168
1099,627,DELIVERED,2026-04-27 17:27:01.300168
1100,628,DELIVERING,2026-04-22 22:05:01.300168
1101,628,DELIVERED,2026-04-22 22:28:01.300168
1102,629,DELIVERING,2026-05-06 13:30:01.300168
1103,629,DELIVERED,2026-05-06 13:56:01.300168
1104,630,DELIVERING,2026-05-13 12:02:01.300168
1105,630,DELIVERED,2026-05-13 12:34:01.300168
1106,631,DELIVERING,2026-05-09 16:34:01.300168
1107,631,DELIVERED,2026-05-09 16:56:01.300168
1108,632,DELIVERING,2026-05-09 03:42:01.300168
1109,632,DELIVERED,2026-05-09 04:03:01.300168
1110,633,DELIVERING,2026-04-23 18:29:01.300168
1111,633,DELIVERED,2026-04-23 18:43:01.300168
1112,634,DELIVERING,2026-05-15 05:54:01.300168
1113,634,DELIVERED,2026-05-15 06:25:01.300168
1114,635,DELIVERING,2026-04-22 01:45:01.300168
1115,635,DELIVERED,2026-04-22 02:03:01.300168
1116,637,DELIVERING,2026-04-25 01:02:01.300168
1117,637,DELIVERED,2026-04-25 01:40:01.300168
1118,638,DELIVERING,2026-05-01 18:35:01.300168
1119,638,DELIVERED,2026-05-01 18:59:01.300168
1120,639,CANCELLED,2026-04-28 22:20:01.300168
1121,640,CANCELLED,2026-04-22 22:19:01.300168
1122,641,DELIVERING,2026-04-20 18:17:01.300168
1123,641,DELIVERED,2026-04-20 18:33:01.300168
1124,642,DELIVERING,2026-05-15 09:34:01.300168
1125,642,DELIVERED,2026-05-15 10:04:01.300168
1126,643,CANCELLED,2026-04-28 12:27:01.300168
1127,644,DELIVERING,2026-05-01 19:30:01.300168
1128,644,DELIVERED,2026-05-01 19:46:01.300168
1129,645,DELIVERING,2026-05-16 22:00:01.300168
1130,645,DELIVERED,2026-05-16 22:25:01.300168
1131,646,DELIVERING,2026-05-17 21:43:01.300168
1132,646,DELIVERED,2026-05-17 22:09:01.300168
1133,647,DELIVERING,2026-04-25 05:05:01.300168
1134,647,DELIVERED,2026-04-25 05:35:01.300168
1135,648,DELIVERING,2026-04-24 12:42:01.300168
1136,648,DELIVERED,2026-04-24 13:10:01.300168
1137,649,DELIVERING,2026-05-08 11:34:01.300168
1138,649,DELIVERED,2026-05-08 12:07:01.300168
1139,650,DELIVERING,2026-05-06 05:08:01.300168
1140,650,DELIVERED,2026-05-06 05:41:01.300168
1141,651,DELIVERING,2026-05-19 17:18:01.300168
1142,651,DELIVERED,2026-05-19 17:51:01.300168
1143,652,CANCELLED,2026-04-21 13:18:01.300168
1144,653,DELIVERING,2026-04-26 23:57:01.300168
1145,653,DELIVERED,2026-04-27 00:29:01.300168
1146,654,DELIVERING,2026-05-11 16:48:01.300168
1147,654,DELIVERED,2026-05-11 17:19:01.300168
1148,655,DELIVERING,2026-05-10 14:09:01.300168
1149,655,DELIVERED,2026-05-10 14:35:01.300168
1150,656,DELIVERING,2026-04-20 20:07:01.300168
1151,656,DELIVERED,2026-04-20 20:24:01.300168
1152,657,DELIVERING,2026-05-16 23:05:01.300168
1153,657,DELIVERED,2026-05-16 23:36:01.300168
1154,658,DELIVERING,2026-05-05 20:55:01.300168
1155,658,DELIVERED,2026-05-05 21:19:01.300168
1156,659,DELIVERING,2026-05-05 01:06:01.300168
1157,659,DELIVERED,2026-05-05 01:30:01.300168
1158,660,DELIVERING,2026-05-15 00:49:01.300168
1159,660,DELIVERED,2026-05-15 01:14:01.300168
1160,661,CANCELLED,2026-05-13 09:55:01.300168
1161,662,DELIVERING,2026-04-20 12:48:01.300168
1162,662,DELIVERED,2026-04-20 13:11:01.300168
1163,663,CANCELLED,2026-05-14 21:32:01.300168
1164,664,DELIVERING,2026-04-20 09:59:01.300168
1165,664,DELIVERED,2026-04-20 10:20:01.300168
1166,665,DELIVERING,2026-05-16 20:17:01.300168
1167,665,DELIVERED,2026-05-16 20:41:01.300168
1168,666,DELIVERING,2026-04-20 14:17:01.300168
1169,666,DELIVERED,2026-04-20 14:52:01.300168
1170,667,DELIVERING,2026-05-08 03:33:01.300168
1171,667,DELIVERED,2026-05-08 03:51:01.300168
1172,668,DELIVERING,2026-05-11 07:33:01.300168
1173,668,DELIVERED,2026-05-11 08:09:01.300168
1174,669,DELIVERING,2026-05-04 04:13:01.300168
1175,669,DELIVERED,2026-05-04 04:38:01.300168
1176,670,DELIVERING,2026-05-09 11:41:01.300168
1177,670,DELIVERED,2026-05-09 12:14:01.300168
1178,671,DELIVERING,2026-05-14 04:02:01.300168
1179,671,DELIVERED,2026-05-14 04:39:01.300168
1180,672,DELIVERING,2026-05-05 00:01:01.300168
1181,672,DELIVERED,2026-05-05 00:36:01.300168
1182,673,DELIVERING,2026-04-22 14:08:01.300168
1183,673,DELIVERED,2026-04-22 14:37:01.300168
1184,674,DELIVERING,2026-05-14 05:52:01.300168
1185,674,DELIVERED,2026-05-14 06:18:01.300168
1186,675,DELIVERING,2026-04-21 12:03:01.300168
1187,675,DELIVERED,2026-04-21 12:24:01.300168
1188,676,DELIVERING,2026-05-03 14:09:01.300168
1189,676,DELIVERED,2026-05-03 14:28:01.300168
1190,677,DELIVERING,2026-05-06 23:28:01.300168
1191,677,DELIVERED,2026-05-07 00:01:01.300168
1192,678,DELIVERING,2026-04-21 11:57:01.300168
1193,678,DELIVERED,2026-04-21 12:23:01.300168
1194,679,DELIVERING,2026-04-27 09:06:01.300168
1195,679,DELIVERED,2026-04-27 09:40:01.300168
1196,680,DELIVERING,2026-05-18 17:14:01.300168
1197,680,DELIVERED,2026-05-18 17:35:01.300168
1198,681,CANCELLED,2026-05-15 21:26:01.300168
1199,682,DELIVERING,2026-04-20 03:37:01.300168
1200,682,DELIVERED,2026-04-20 04:10:01.300168
1201,683,DELIVERING,2026-05-11 23:18:01.300168
1202,683,DELIVERED,2026-05-11 23:37:01.300168
1203,684,DELIVERING,2026-05-12 07:30:01.300168
1204,684,DELIVERED,2026-05-12 08:07:01.300168
1205,685,DELIVERING,2026-05-14 22:22:01.300168
1206,685,DELIVERED,2026-05-14 22:56:01.300168
1207,686,CANCELLED,2026-04-28 05:27:01.300168
1208,687,DELIVERING,2026-05-13 18:10:01.300168
1209,687,DELIVERED,2026-05-13 18:33:01.300168
1210,688,DELIVERING,2026-05-03 08:44:01.300168
1211,688,DELIVERED,2026-05-03 09:08:01.300168
1212,689,CANCELLED,2026-04-23 19:44:01.300168
1213,690,DELIVERING,2026-05-03 09:13:01.300168
1214,690,DELIVERED,2026-05-03 09:35:01.300168
1215,691,DELIVERING,2026-05-14 19:59:01.300168
1216,691,DELIVERED,2026-05-14 20:23:01.300168
1217,692,DELIVERING,2026-05-01 01:18:01.300168
1218,692,DELIVERED,2026-05-01 01:53:01.300168
1219,693,DELIVERING,2026-04-25 16:19:01.300168
1220,693,DELIVERED,2026-04-25 16:54:01.300168
1221,694,DELIVERING,2026-04-30 12:07:01.300168
1222,694,DELIVERED,2026-04-30 12:27:01.300168
1223,695,DELIVERING,2026-04-28 02:45:01.300168
1224,695,DELIVERED,2026-04-28 03:15:01.300168
1225,696,DELIVERING,2026-04-30 20:34:01.300168
1226,696,DELIVERED,2026-04-30 20:54:01.300168
1227,697,DELIVERING,2026-05-05 03:13:01.300168
1228,697,DELIVERED,2026-05-05 03:40:01.300168
1229,698,DELIVERING,2026-05-18 20:15:01.300168
1230,698,DELIVERED,2026-05-18 20:47:01.300168
1231,699,DELIVERING,2026-04-25 08:57:01.300168
1232,699,DELIVERED,2026-04-25 09:23:01.300168
1233,700,CANCELLED,2026-05-10 05:41:01.300168
1234,701,DELIVERING,2026-05-08 12:16:01.300168
1235,701,DELIVERED,2026-05-08 12:45:01.300168
1236,702,DELIVERING,2026-04-29 12:56:01.300168
1237,702,DELIVERED,2026-04-29 13:18:01.300168
1238,703,DELIVERING,2026-04-21 09:19:01.300168
1239,703,DELIVERED,2026-04-21 09:51:01.300168
1240,704,DELIVERING,2026-05-02 08:47:01.300168
1241,704,DELIVERED,2026-05-02 09:15:01.300168
1242,705,DELIVERING,2026-05-01 20:05:01.300168
1243,705,DELIVERED,2026-05-01 20:26:01.300168
1244,706,DELIVERING,2026-05-09 19:06:01.300168
1245,706,DELIVERED,2026-05-09 19:27:01.300168
1246,707,DELIVERING,2026-05-13 09:56:01.300168
1247,707,DELIVERED,2026-05-13 10:26:01.300168
1248,708,DELIVERING,2026-04-22 00:09:01.300168
1249,708,DELIVERED,2026-04-22 00:34:01.300168
1250,709,DELIVERING,2026-05-01 13:49:01.300168
1251,709,DELIVERED,2026-05-01 14:12:01.300168
1252,710,DELIVERING,2026-05-19 17:45:01.300168
1253,710,DELIVERED,2026-05-19 18:13:01.300168
1254,711,CANCELLED,2026-05-16 15:32:01.300168
1255,712,DELIVERING,2026-04-30 00:42:01.300168
1256,712,DELIVERED,2026-04-30 01:11:01.300168
1257,713,DELIVERING,2026-04-26 12:22:01.300168
1258,713,DELIVERED,2026-04-26 12:44:01.300168
1259,714,DELIVERING,2026-04-25 12:28:01.300168
1260,714,DELIVERED,2026-04-25 12:52:01.300168
1261,716,DELIVERING,2026-04-23 17:37:01.300168
1262,716,DELIVERED,2026-04-23 17:55:01.300168
1263,717,DELIVERING,2026-04-28 09:12:01.300168
1264,717,DELIVERED,2026-04-28 09:36:01.300168
1265,718,DELIVERING,2026-04-21 22:59:01.300168
1266,718,DELIVERED,2026-04-21 23:21:01.300168
1267,720,DELIVERING,2026-05-14 17:36:01.300168
1268,720,DELIVERED,2026-05-14 18:01:01.300168
1269,722,DELIVERING,2026-04-28 05:32:01.300168
1270,722,DELIVERED,2026-04-28 06:10:01.300168
1271,723,DELIVERING,2026-04-28 22:22:01.300168
1272,723,DELIVERED,2026-04-28 22:46:01.300168
1273,725,DELIVERING,2026-04-26 00:56:01.300168
1274,725,DELIVERED,2026-04-26 01:26:01.300168
1275,726,DELIVERING,2026-05-03 14:42:01.300168
1276,726,DELIVERED,2026-05-03 15:13:01.300168
1277,727,DELIVERING,2026-05-09 02:03:01.300168
1278,727,DELIVERED,2026-05-09 02:30:01.300168
1279,728,DELIVERING,2026-05-14 03:15:01.300168
1280,728,DELIVERED,2026-05-14 03:45:01.300168
1281,729,DELIVERING,2026-05-14 04:57:01.300168
1282,729,DELIVERED,2026-05-14 05:30:01.300168
1283,730,CANCELLED,2026-05-06 22:55:01.300168
1284,731,CANCELLED,2026-04-20 11:21:01.300168
1285,732,CANCELLED,2026-04-30 21:45:01.300168
1286,733,CANCELLED,2026-05-18 12:33:01.300168
1287,734,CANCELLED,2026-05-11 12:55:01.300168
1288,735,DELIVERING,2026-04-21 16:07:01.300168
1289,735,DELIVERED,2026-04-21 16:27:01.300168
1290,736,DELIVERING,2026-05-19 06:54:01.300168
1291,736,DELIVERED,2026-05-19 07:28:01.300168
1292,737,CANCELLED,2026-05-16 06:35:01.300168
1293,738,DELIVERING,2026-05-15 06:24:01.300168
1294,738,DELIVERED,2026-05-15 07:01:01.300168
1295,739,DELIVERING,2026-04-23 18:41:01.300168
1296,739,DELIVERED,2026-04-23 19:14:01.300168
1297,740,DELIVERING,2026-04-30 13:55:01.300168
1298,740,DELIVERED,2026-04-30 14:33:01.300168
1299,741,DELIVERING,2026-04-23 17:56:01.300168
1300,741,DELIVERED,2026-04-23 18:28:01.300168
1301,742,DELIVERING,2026-05-05 14:33:01.300168
1302,742,DELIVERED,2026-05-05 15:06:01.300168
1303,743,DELIVERING,2026-05-13 08:58:01.300168
1304,743,DELIVERED,2026-05-13 09:23:01.300168
1305,744,DELIVERING,2026-04-28 11:24:01.300168
1306,744,DELIVERED,2026-04-28 11:48:01.300168
1307,745,DELIVERING,2026-05-04 03:49:01.300168
1308,745,DELIVERED,2026-05-04 04:28:01.300168
1309,746,DELIVERING,2026-05-12 07:46:01.300168
1310,746,DELIVERED,2026-05-12 08:13:01.300168
1311,747,DELIVERING,2026-04-25 15:31:01.300168
1312,747,DELIVERED,2026-04-25 15:55:01.300168
1313,748,DELIVERING,2026-05-01 02:54:01.300168
1314,748,DELIVERED,2026-05-01 03:19:01.300168
1315,749,DELIVERING,2026-05-16 07:34:01.300168
1316,749,DELIVERED,2026-05-16 07:52:01.300168
1317,750,DELIVERING,2026-05-02 05:32:01.300168
1318,750,DELIVERED,2026-05-02 05:58:01.300168
1319,751,DELIVERING,2026-04-22 23:24:01.300168
1320,751,DELIVERED,2026-04-22 23:51:01.300168
1321,752,DELIVERING,2026-04-28 04:49:01.300168
1322,752,DELIVERED,2026-04-28 05:20:01.300168
1323,753,DELIVERING,2026-05-07 06:16:01.300168
1324,753,DELIVERED,2026-05-07 06:44:01.300168
1325,754,DELIVERING,2026-05-13 04:36:01.300168
1326,754,DELIVERED,2026-05-13 04:57:01.300168
1327,755,DELIVERING,2026-05-11 08:33:01.300168
1328,755,DELIVERED,2026-05-11 08:49:01.300168
1329,756,CANCELLED,2026-05-06 17:43:01.300168
1330,757,DELIVERING,2026-05-03 05:48:01.300168
1331,757,DELIVERED,2026-05-03 06:18:01.300168
1332,758,CANCELLED,2026-05-11 14:39:01.300168
1333,759,DELIVERING,2026-04-25 08:14:01.300168
1334,759,DELIVERED,2026-04-25 08:38:01.300168
1335,760,DELIVERING,2026-05-01 22:43:01.300168
1336,760,DELIVERED,2026-05-01 23:15:01.300168
1337,761,CANCELLED,2026-05-10 00:53:01.300168
1338,762,CANCELLED,2026-05-01 06:38:01.300168
1339,763,DELIVERING,2026-05-15 22:12:01.300168
1340,763,DELIVERED,2026-05-15 22:38:01.300168
1341,764,DELIVERING,2026-05-19 09:04:01.300168
1342,764,DELIVERED,2026-05-19 09:19:01.300168
1343,765,DELIVERING,2026-04-27 12:46:01.300168
1344,765,DELIVERED,2026-04-27 13:00:01.300168
1345,766,DELIVERING,2026-05-13 05:51:01.300168
1346,766,DELIVERED,2026-05-13 06:18:01.300168
1347,767,DELIVERING,2026-04-27 00:45:01.300168
1348,767,DELIVERED,2026-04-27 01:13:01.300168
1349,768,DELIVERING,2026-04-24 06:31:01.300168
1350,768,DELIVERED,2026-04-24 07:05:01.300168
1351,769,DELIVERING,2026-05-09 10:58:01.300168
1352,769,DELIVERED,2026-05-09 11:34:01.300168
1353,770,DELIVERING,2026-04-27 04:56:01.300168
1354,770,DELIVERED,2026-04-27 05:12:01.300168
1355,771,DELIVERING,2026-05-04 15:37:01.300168
1356,771,DELIVERED,2026-05-04 16:01:01.300168
1357,772,CANCELLED,2026-04-21 21:28:01.300168
1358,773,DELIVERING,2026-05-04 19:46:01.300168
1359,773,DELIVERED,2026-05-04 20:07:01.300168
1360,774,DELIVERING,2026-05-17 19:25:01.300168
1361,774,DELIVERED,2026-05-17 19:46:01.300168
1362,775,DELIVERING,2026-05-16 21:32:01.300168
1363,775,DELIVERED,2026-05-16 21:58:01.300168
1364,776,CANCELLED,2026-05-04 23:56:01.300168
1365,777,DELIVERING,2026-04-22 04:34:01.300168
1366,777,DELIVERED,2026-04-22 05:07:01.300168
1367,778,DELIVERING,2026-04-25 09:16:01.300168
1368,778,DELIVERED,2026-04-25 09:43:01.300168
1369,779,DELIVERING,2026-05-03 19:51:01.300168
1370,779,DELIVERED,2026-05-03 20:26:01.300168
1371,780,DELIVERING,2026-05-19 13:57:01.300168
1372,780,DELIVERED,2026-05-19 14:32:01.300168
1373,781,DELIVERING,2026-04-30 17:40:01.300168
1374,781,DELIVERED,2026-04-30 17:58:01.300168
1375,782,DELIVERING,2026-04-21 01:42:01.300168
1376,782,DELIVERED,2026-04-21 02:01:01.300168
1377,783,DELIVERING,2026-05-15 00:15:01.300168
1378,783,DELIVERED,2026-05-15 00:50:01.300168
1379,784,DELIVERING,2026-04-20 19:30:01.300168
1380,784,DELIVERED,2026-04-20 19:57:01.300168
1381,785,DELIVERING,2026-05-06 18:37:01.300168
1382,785,DELIVERED,2026-05-06 19:17:01.300168
1383,787,DELIVERING,2026-04-29 14:33:01.300168
1384,787,DELIVERED,2026-04-29 14:53:01.300168
1385,788,DELIVERING,2026-05-11 17:14:01.300168
1386,788,DELIVERED,2026-05-11 17:31:01.300168
1387,789,DELIVERING,2026-05-02 19:36:01.300168
1388,789,DELIVERED,2026-05-02 19:56:01.300168
1389,790,DELIVERING,2026-05-16 20:17:01.300168
1390,790,DELIVERED,2026-05-16 20:36:01.300168
1391,791,CANCELLED,2026-05-09 00:22:01.300168
1392,792,DELIVERING,2026-05-11 03:30:01.300168
1393,792,DELIVERED,2026-05-11 03:58:01.300168
1394,793,DELIVERING,2026-04-27 16:31:01.300168
1395,793,DELIVERED,2026-04-27 17:04:01.300168
1396,794,DELIVERING,2026-04-21 21:49:01.300168
1397,794,DELIVERED,2026-04-21 22:17:01.300168
1398,795,DELIVERING,2026-05-12 23:26:01.300168
1399,795,DELIVERED,2026-05-12 23:54:01.300168
1400,796,DELIVERING,2026-05-12 04:37:01.300168
1401,796,DELIVERED,2026-05-12 05:14:01.300168
1402,797,DELIVERING,2026-04-26 07:42:01.300168
1403,797,DELIVERED,2026-04-26 08:19:01.300168
1404,798,DELIVERING,2026-05-15 13:39:01.300168
1405,798,DELIVERED,2026-05-15 14:16:01.300168
1406,799,DELIVERING,2026-04-26 05:18:01.300168
1407,799,DELIVERED,2026-04-26 05:48:01.300168
1408,800,DELIVERING,2026-05-09 09:34:01.300168
1409,800,DELIVERED,2026-05-09 10:11:01.300168
1410,801,DELIVERING,2026-04-26 11:11:01.300168
1411,801,DELIVERED,2026-04-26 11:25:01.300168
1412,802,DELIVERING,2026-05-04 08:35:01.300168
1413,802,DELIVERED,2026-05-04 09:14:01.300168
1414,803,DELIVERING,2026-05-13 20:25:01.300168
1415,803,DELIVERED,2026-05-13 20:41:01.300168
1416,804,DELIVERING,2026-05-05 14:35:01.300168
1417,804,DELIVERED,2026-05-05 15:04:01.300168
1418,805,DELIVERING,2026-05-18 16:47:01.300168
1419,805,DELIVERED,2026-05-18 17:22:01.300168
1420,806,DELIVERING,2026-04-21 20:08:01.300168
1421,806,DELIVERED,2026-04-21 20:42:01.300168
1422,807,DELIVERING,2026-05-05 11:40:01.300168
1423,807,DELIVERED,2026-05-05 12:08:01.300168
1424,808,DELIVERING,2026-05-18 18:00:01.300168
1425,808,DELIVERED,2026-05-18 18:34:01.300168
1426,809,CANCELLED,2026-05-09 02:18:01.300168
1427,810,DELIVERING,2026-05-03 12:17:01.300168
1428,810,DELIVERED,2026-05-03 12:49:01.300168
1429,811,DELIVERING,2026-05-12 03:30:01.300168
1430,811,DELIVERED,2026-05-12 03:52:01.300168
1431,812,DELIVERING,2026-05-07 01:01:01.300168
1432,812,DELIVERED,2026-05-07 01:17:01.300168
1433,813,DELIVERING,2026-04-26 15:17:01.300168
1434,813,DELIVERED,2026-04-26 15:40:01.300168
1435,814,DELIVERING,2026-05-13 11:41:01.300168
1436,814,DELIVERED,2026-05-13 12:00:01.300168
1437,815,DELIVERING,2026-05-10 14:28:01.300168
1438,815,DELIVERED,2026-05-10 14:53:01.300168
1439,816,DELIVERING,2026-05-06 23:15:01.300168
1440,816,DELIVERED,2026-05-06 23:49:01.300168
1441,817,CANCELLED,2026-04-30 12:55:01.300168
1442,818,DELIVERING,2026-05-19 03:38:01.300168
1443,818,DELIVERED,2026-05-19 03:58:01.300168
1444,819,DELIVERING,2026-04-28 03:17:01.300168
1445,819,DELIVERED,2026-04-28 03:44:01.300168
1446,820,CANCELLED,2026-04-26 20:33:01.300168
1447,821,DELIVERING,2026-04-29 12:50:01.300168
1448,821,DELIVERED,2026-04-29 13:05:01.300168
1449,822,DELIVERING,2026-05-08 02:07:01.300168
1450,822,DELIVERED,2026-05-08 02:32:01.300168
1451,823,DELIVERING,2026-05-09 17:48:01.300168
1452,823,DELIVERED,2026-05-09 18:15:01.300168
1453,824,CANCELLED,2026-05-12 19:37:01.300168
1454,825,DELIVERING,2026-05-14 14:49:01.300168
1455,825,DELIVERED,2026-05-14 15:07:01.300168
1456,826,CANCELLED,2026-05-14 20:12:01.300168
1457,828,DELIVERING,2026-05-13 10:02:01.300168
1458,828,DELIVERED,2026-05-13 10:25:01.300168
1459,829,CANCELLED,2026-05-18 02:10:01.300168
1460,830,DELIVERING,2026-04-22 07:10:01.300168
1461,830,DELIVERED,2026-04-22 07:31:01.300168
1462,831,DELIVERING,2026-05-12 21:01:01.300168
1463,831,DELIVERED,2026-05-12 21:27:01.300168
1464,832,DELIVERING,2026-05-05 16:16:01.300168
1465,832,DELIVERED,2026-05-05 16:42:01.300168
1466,833,DELIVERING,2026-05-06 23:41:01.300168
1467,833,DELIVERED,2026-05-07 00:10:01.300168
1468,834,DELIVERING,2026-04-27 06:16:01.300168
1469,834,DELIVERED,2026-04-27 06:35:01.300168
1470,835,DELIVERING,2026-05-14 23:18:01.300168
1471,835,DELIVERED,2026-05-14 23:50:01.300168
1472,836,DELIVERING,2026-04-27 13:24:01.300168
1473,836,DELIVERED,2026-04-27 13:42:01.300168
1474,837,CANCELLED,2026-04-30 11:25:01.300168
1475,838,DELIVERING,2026-05-01 18:56:01.300168
1476,838,DELIVERED,2026-05-01 19:20:01.300168
1477,839,DELIVERING,2026-04-20 09:42:01.300168
1478,839,DELIVERED,2026-04-20 10:16:01.300168
1479,840,DELIVERING,2026-05-03 12:31:01.300168
1480,840,DELIVERED,2026-05-03 12:49:01.300168
1481,841,DELIVERING,2026-05-15 09:42:01.300168
1482,841,DELIVERED,2026-05-15 10:10:01.300168
1483,842,DELIVERING,2026-05-07 13:24:01.300168
1484,842,DELIVERED,2026-05-07 13:40:01.300168
1485,843,DELIVERING,2026-04-26 12:21:01.300168
1486,843,DELIVERED,2026-04-26 12:45:01.300168
1487,844,DELIVERING,2026-05-03 00:37:01.300168
1488,844,DELIVERED,2026-05-03 01:00:01.300168
1489,845,DELIVERING,2026-04-20 12:31:01.300168
1490,845,DELIVERED,2026-04-20 12:46:01.300168
1491,846,DELIVERING,2026-05-11 18:17:01.300168
1492,846,DELIVERED,2026-05-11 18:43:01.300168
1493,847,DELIVERING,2026-04-22 23:54:01.300168
1494,847,DELIVERED,2026-04-23 00:13:01.300168
1495,848,CANCELLED,2026-04-25 13:30:01.300168
1496,849,DELIVERING,2026-04-25 22:37:01.300168
1497,849,DELIVERED,2026-04-25 23:03:01.300168
1498,850,DELIVERING,2026-04-28 10:14:01.300168
1499,850,DELIVERED,2026-04-28 10:46:01.300168
1500,851,DELIVERING,2026-04-29 06:24:01.300168
1501,851,DELIVERED,2026-04-29 06:40:01.300168
1502,852,DELIVERING,2026-05-14 19:08:01.300168
1503,852,DELIVERED,2026-05-14 19:45:01.300168
1504,853,DELIVERING,2026-05-09 09:38:01.300168
1505,853,DELIVERED,2026-05-09 09:56:01.300168
1506,854,DELIVERING,2026-05-06 06:22:01.300168
1507,854,DELIVERED,2026-05-06 06:53:01.300168
1508,855,DELIVERING,2026-04-28 10:30:01.300168
1509,855,DELIVERED,2026-04-28 10:59:01.300168
1510,856,DELIVERING,2026-05-02 14:00:01.300168
1511,856,DELIVERED,2026-05-02 14:24:01.300168
1512,857,CANCELLED,2026-05-16 22:38:01.300168
1513,858,DELIVERING,2026-05-09 01:10:01.300168
1514,858,DELIVERED,2026-05-09 01:34:01.300168
1515,859,DELIVERING,2026-05-07 02:33:01.300168
1516,859,DELIVERED,2026-05-07 03:02:01.300168
1517,860,DELIVERING,2026-05-04 15:16:01.300168
1518,860,DELIVERED,2026-05-04 15:47:01.300168
1519,861,DELIVERING,2026-04-23 21:22:01.300168
1520,861,DELIVERED,2026-04-23 21:37:01.300168
1521,862,DELIVERING,2026-05-11 11:11:01.300168
1522,862,DELIVERED,2026-05-11 11:38:01.300168
1523,863,DELIVERING,2026-04-30 15:19:01.300168
1524,863,DELIVERED,2026-04-30 15:47:01.300168
1525,864,DELIVERING,2026-04-25 00:46:01.300168
1526,864,DELIVERED,2026-04-25 01:13:01.300168
1527,866,DELIVERING,2026-04-21 00:52:01.300168
1528,866,DELIVERED,2026-04-21 01:14:01.300168
1529,867,DELIVERING,2026-05-09 23:19:01.300168
1530,867,DELIVERED,2026-05-09 23:41:01.300168
1531,868,DELIVERING,2026-04-22 06:54:01.300168
1532,868,DELIVERED,2026-04-22 07:25:01.300168
1533,869,DELIVERING,2026-04-23 02:22:01.300168
1534,869,DELIVERED,2026-04-23 02:44:01.300168
1535,870,DELIVERING,2026-05-17 00:59:01.300168
1536,870,DELIVERED,2026-05-17 01:35:01.300168
1537,871,CANCELLED,2026-04-20 01:36:01.300168
1538,872,CANCELLED,2026-05-07 03:58:01.300168
1539,873,DELIVERING,2026-05-13 04:58:01.300168
1540,873,DELIVERED,2026-05-13 05:31:01.300168
1541,874,CANCELLED,2026-05-07 23:12:01.300168
1542,875,CANCELLED,2026-05-12 10:17:01.300168
1543,876,CANCELLED,2026-05-09 14:00:01.300168
1544,877,DELIVERING,2026-05-03 13:12:01.300168
1545,877,DELIVERED,2026-05-03 13:41:01.300168
1546,878,DELIVERING,2026-04-20 18:48:01.300168
1547,878,DELIVERED,2026-04-20 19:19:01.300168
1548,880,DELIVERING,2026-04-30 03:21:01.300168
1549,880,DELIVERED,2026-04-30 03:34:01.300168
1550,881,DELIVERING,2026-05-02 07:51:01.300168
1551,881,DELIVERED,2026-05-02 08:04:01.300168
1552,882,DELIVERING,2026-05-03 23:59:01.300168
1553,882,DELIVERED,2026-05-04 00:22:01.300168
1554,883,CANCELLED,2026-05-13 13:40:01.300168
1555,884,DELIVERING,2026-05-04 10:12:01.300168
1556,884,DELIVERED,2026-05-04 10:30:01.300168
1557,885,DELIVERING,2026-05-10 18:17:01.300168
1558,885,DELIVERED,2026-05-10 18:45:01.300168
1559,886,DELIVERING,2026-05-14 15:35:01.300168
1560,886,DELIVERED,2026-05-14 16:00:01.300168
1561,887,DELIVERING,2026-04-22 22:18:01.300168
1562,887,DELIVERED,2026-04-22 22:49:01.300168
1563,888,DELIVERING,2026-05-05 12:43:01.300168
1564,888,DELIVERED,2026-05-05 13:05:01.300168
1565,889,CANCELLED,2026-04-25 11:32:01.300168
1566,890,DELIVERING,2026-04-29 13:10:01.300168
1567,890,DELIVERED,2026-04-29 13:39:01.300168
1568,891,DELIVERING,2026-04-22 09:03:01.300168
1569,891,DELIVERED,2026-04-22 09:22:01.300168
1570,892,DELIVERING,2026-05-07 23:29:01.300168
1571,892,DELIVERED,2026-05-07 23:57:01.300168
1572,893,DELIVERING,2026-05-18 13:16:01.300168
1573,893,DELIVERED,2026-05-18 13:53:01.300168
1574,894,DELIVERING,2026-04-27 21:42:01.300168
1575,894,DELIVERED,2026-04-27 22:19:01.300168
1576,895,DELIVERING,2026-05-18 12:37:01.300168
1577,895,DELIVERED,2026-05-18 13:02:01.300168
1578,896,DELIVERING,2026-05-17 11:47:01.300168
1579,896,DELIVERED,2026-05-17 12:22:01.300168
1580,897,DELIVERING,2026-05-06 02:12:01.300168
1581,897,DELIVERED,2026-05-06 02:47:01.300168
1582,898,DELIVERING,2026-04-21 04:15:01.300168
1583,898,DELIVERED,2026-04-21 04:48:01.300168
1584,899,CANCELLED,2026-05-16 11:38:01.300168
1585,900,DELIVERING,2026-05-02 12:07:01.300168
1586,900,DELIVERED,2026-05-02 12:27:01.300168
1587,901,DELIVERING,2026-05-12 16:55:01.300168
1588,901,DELIVERED,2026-05-12 17:24:01.300168
1589,902,DELIVERING,2026-04-29 13:25:01.300168
1590,902,DELIVERED,2026-04-29 13:51:01.300168
1591,903,DELIVERING,2026-04-29 21:48:01.300168
1592,903,DELIVERED,2026-04-29 22:24:01.300168
1593,904,DELIVERING,2026-05-13 22:43:01.300168
1594,904,DELIVERED,2026-05-13 23:17:01.300168
1595,905,DELIVERING,2026-04-22 04:13:01.300168
1596,905,DELIVERED,2026-04-22 04:39:01.300168
1597,906,DELIVERING,2026-04-28 09:18:01.300168
1598,906,DELIVERED,2026-04-28 09:31:01.300168
1599,907,DELIVERING,2026-04-29 19:48:01.300168
1600,907,DELIVERED,2026-04-29 20:12:01.300168
1601,908,CANCELLED,2026-04-20 18:56:01.300168
1602,909,CANCELLED,2026-05-13 21:02:01.300168
1603,910,DELIVERING,2026-04-28 09:37:01.300168
1604,910,DELIVERED,2026-04-28 10:03:01.300168
1605,911,CANCELLED,2026-05-09 22:40:01.300168
1606,912,CANCELLED,2026-05-08 19:23:01.300168
1607,913,DELIVERING,2026-05-05 18:43:01.300168
1608,913,DELIVERED,2026-05-05 19:15:01.300168
1609,914,DELIVERING,2026-05-01 12:17:01.300168
1610,914,DELIVERED,2026-05-01 12:43:01.300168
1611,915,DELIVERING,2026-04-20 12:33:01.300168
1612,915,DELIVERED,2026-04-20 13:02:01.300168
1613,916,DELIVERING,2026-04-25 19:55:01.300168
1614,916,DELIVERED,2026-04-25 20:28:01.300168
1615,917,CANCELLED,2026-04-21 22:47:01.300168
1616,918,DELIVERING,2026-05-08 05:41:01.300168
1617,918,DELIVERED,2026-05-08 05:55:01.300168
1618,919,DELIVERING,2026-04-25 15:48:01.300168
1619,919,DELIVERED,2026-04-25 16:17:01.300168
1620,920,DELIVERING,2026-05-18 12:15:01.300168
1621,920,DELIVERED,2026-05-18 12:33:01.300168
1622,921,DELIVERING,2026-05-12 13:48:01.300168
1623,921,DELIVERED,2026-05-12 14:17:01.300168
1624,922,DELIVERING,2026-05-17 16:45:01.300168
1625,922,DELIVERED,2026-05-17 17:19:01.300168
1626,923,DELIVERING,2026-04-24 05:51:01.300168
1627,923,DELIVERED,2026-04-24 06:23:01.300168
1628,924,DELIVERING,2026-05-17 06:07:01.300168
1629,924,DELIVERED,2026-05-17 06:30:01.300168
1630,925,DELIVERING,2026-05-06 04:52:01.300168
1631,925,DELIVERED,2026-05-06 05:13:01.300168
1632,926,DELIVERING,2026-05-10 15:48:01.300168
1633,926,DELIVERED,2026-05-10 16:12:01.300168
1634,927,DELIVERING,2026-04-27 14:08:01.300168
1635,927,DELIVERED,2026-04-27 14:32:01.300168
1636,928,CANCELLED,2026-05-02 01:15:01.300168
1637,929,CANCELLED,2026-05-02 06:00:01.300168
1638,930,DELIVERING,2026-04-30 19:13:01.300168
1639,930,DELIVERED,2026-04-30 19:45:01.300168
1640,931,DELIVERING,2026-05-02 03:19:01.300168
1641,931,DELIVERED,2026-05-02 03:52:01.300168
1642,932,DELIVERING,2026-05-08 02:47:01.300168
1643,932,DELIVERED,2026-05-08 03:15:01.300168
1644,933,CANCELLED,2026-05-18 07:58:01.300168
1645,934,DELIVERING,2026-05-17 19:17:01.300168
1646,934,DELIVERED,2026-05-17 19:35:01.300168
1647,935,DELIVERING,2026-05-19 16:35:01.300168
1648,935,DELIVERED,2026-05-19 16:55:01.300168
1649,936,DELIVERING,2026-05-11 13:44:01.300168
1650,936,DELIVERED,2026-05-11 14:13:01.300168
1651,937,DELIVERING,2026-04-23 10:06:01.300168
1652,937,DELIVERED,2026-04-23 10:22:01.300168
1653,938,DELIVERING,2026-04-21 01:38:01.300168
1654,938,DELIVERED,2026-04-21 02:04:01.300168
1655,939,CANCELLED,2026-04-27 21:50:01.300168
1656,940,DELIVERING,2026-05-02 16:26:01.300168
1657,940,DELIVERED,2026-05-02 16:56:01.300168
1658,941,DELIVERING,2026-05-16 16:37:01.300168
1659,941,DELIVERED,2026-05-16 17:06:01.300168
1660,942,DELIVERING,2026-05-11 21:59:01.300168
1661,942,DELIVERED,2026-05-11 22:13:01.300168
1662,943,DELIVERING,2026-05-18 09:15:01.300168
1663,943,DELIVERED,2026-05-18 09:41:01.300168
1664,944,DELIVERING,2026-05-15 18:57:01.300168
1665,944,DELIVERED,2026-05-15 19:29:01.300168
1666,945,DELIVERING,2026-04-23 02:54:01.300168
1667,945,DELIVERED,2026-04-23 03:31:01.300168
1668,946,CANCELLED,2026-05-18 04:59:01.300168
1669,947,DELIVERING,2026-04-25 14:26:01.300168
1670,947,DELIVERED,2026-04-25 14:44:01.300168
1671,948,DELIVERING,2026-05-12 09:48:01.300168
1672,948,DELIVERED,2026-05-12 10:03:01.300168
1673,949,DELIVERING,2026-05-04 05:34:01.300168
1674,949,DELIVERED,2026-05-04 06:00:01.300168
1675,950,DELIVERING,2026-05-14 01:23:01.300168
1676,950,DELIVERED,2026-05-14 01:51:01.300168
1677,951,DELIVERING,2026-04-27 12:52:01.300168
1678,951,DELIVERED,2026-04-27 13:16:01.300168
1679,952,DELIVERING,2026-04-29 01:48:01.300168
1680,952,DELIVERED,2026-04-29 02:17:01.300168
1681,953,DELIVERING,2026-04-23 17:39:01.300168
1682,953,DELIVERED,2026-04-23 17:59:01.300168
1683,954,DELIVERING,2026-05-08 11:04:01.300168
1684,954,DELIVERED,2026-05-08 11:32:01.300168
1685,955,DELIVERING,2026-05-03 08:19:01.300168
1686,955,DELIVERED,2026-05-03 08:52:01.300168
1687,956,DELIVERING,2026-04-27 18:11:01.300168
1688,956,DELIVERED,2026-04-27 18:37:01.300168
1689,957,CANCELLED,2026-04-20 14:51:01.300168
1690,958,DELIVERING,2026-05-03 02:23:01.300168
1691,958,DELIVERED,2026-05-03 02:46:01.300168
1692,959,DELIVERING,2026-04-24 00:47:01.300168
1693,959,DELIVERED,2026-04-24 01:11:01.300168
1694,960,CANCELLED,2026-05-14 02:55:01.300168
1695,961,DELIVERING,2026-05-17 08:05:01.300168
1696,961,DELIVERED,2026-05-17 08:33:01.300168
1697,962,DELIVERING,2026-04-28 12:52:01.300168
1698,962,DELIVERED,2026-04-28 13:21:01.300168
1699,963,DELIVERING,2026-04-20 16:17:01.300168
1700,963,DELIVERED,2026-04-20 16:45:01.300168
1701,964,CANCELLED,2026-05-10 16:22:01.300168
1702,965,DELIVERING,2026-05-14 04:18:01.300168
1703,965,DELIVERED,2026-05-14 04:36:01.300168
1704,966,DELIVERING,2026-05-14 02:16:01.300168
1705,966,DELIVERED,2026-05-14 02:41:01.300168
1706,967,DELIVERING,2026-05-06 01:07:01.300168
1707,967,DELIVERED,2026-05-06 01:29:01.300168
1708,968,DELIVERING,2026-05-04 16:58:01.300168
1709,968,DELIVERED,2026-05-04 17:28:01.300168
1710,969,DELIVERING,2026-04-28 06:02:01.300168
1711,969,DELIVERED,2026-04-28 06:26:01.300168
1712,970,DELIVERING,2026-05-14 09:57:01.300168
1713,970,DELIVERED,2026-05-14 10:20:01.300168
1714,971,DELIVERING,2026-05-02 11:13:01.300168
1715,971,DELIVERED,2026-05-02 11:28:01.300168
1716,972,DELIVERING,2026-05-16 00:07:01.300168
1717,972,DELIVERED,2026-05-16 00:37:01.300168
1718,973,DELIVERING,2026-04-30 14:21:01.300168
1719,973,DELIVERED,2026-04-30 14:58:01.300168
1720,974,DELIVERING,2026-05-13 22:24:01.300168
1721,974,DELIVERED,2026-05-13 22:57:01.300168
1722,975,CANCELLED,2026-05-04 18:45:01.300168
1723,976,DELIVERING,2026-05-07 18:22:01.300168
1724,976,DELIVERED,2026-05-07 18:43:01.300168
1725,977,DELIVERING,2026-04-19 20:55:01.300168
1726,977,DELIVERED,2026-04-19 21:19:01.300168
1727,979,DELIVERING,2026-05-15 07:30:01.300168
1728,979,DELIVERED,2026-05-15 07:57:01.300168
1729,980,DELIVERING,2026-04-21 08:02:01.300168
1730,980,DELIVERED,2026-04-21 08:21:01.300168
1731,981,DELIVERING,2026-04-20 03:26:01.300168
1732,981,DELIVERED,2026-04-20 03:52:01.300168
1733,982,DELIVERING,2026-04-24 13:56:01.300168
1734,982,DELIVERED,2026-04-24 14:21:01.300168
1735,983,DELIVERING,2026-04-29 00:48:01.300168
1736,983,DELIVERED,2026-04-29 01:18:01.300168
1737,984,DELIVERING,2026-05-09 05:26:01.300168
1738,984,DELIVERED,2026-05-09 05:58:01.300168
1739,985,DELIVERING,2026-05-05 06:35:01.300168
1740,985,DELIVERED,2026-05-05 06:53:01.300168
1741,986,DELIVERING,2026-04-26 05:38:01.300168
1742,986,DELIVERED,2026-04-26 05:55:01.300168
1743,987,DELIVERING,2026-04-21 21:44:01.300168
1744,987,DELIVERED,2026-04-21 22:11:01.300168
1745,988,DELIVERING,2026-04-22 03:37:01.300168
1746,988,DELIVERED,2026-04-22 04:01:01.300168
1747,989,DELIVERING,2026-04-28 16:58:01.300168
1748,989,DELIVERED,2026-04-28 17:18:01.300168
1749,990,DELIVERING,2026-04-26 13:25:01.300168
1750,990,DELIVERED,2026-04-26 13:53:01.300168
1751,991,DELIVERING,2026-05-06 09:26:01.300168
1752,991,DELIVERED,2026-05-06 09:48:01.300168
1753,992,DELIVERING,2026-04-21 10:37:01.300168
1754,992,DELIVERED,2026-04-21 10:50:01.300168
1755,993,DELIVERING,2026-05-19 17:32:01.300168
1756,993,DELIVERED,2026-05-19 17:56:01.300168
1757,994,DELIVERING,2026-05-08 11:25:01.300168
1758,994,DELIVERED,2026-05-08 11:59:01.300168
1759,995,DELIVERING,2026-05-08 06:19:01.300168
1760,995,DELIVERED,2026-05-08 06:52:01.300168
1761,996,CANCELLED,2026-04-26 12:07:01.300168
1762,997,CANCELLED,2026-05-10 23:04:01.300168
1763,998,DELIVERING,2026-05-16 03:03:01.300168
1764,998,DELIVERED,2026-05-16 03:27:01.300168
1765,999,DELIVERING,2026-05-06 17:15:01.300168
1766,999,DELIVERED,2026-05-06 17:47:01.300168
1767,1000,DELIVERING,2026-05-18 20:29:01.300168
1768,1000,DELIVERED,2026-05-18 20:48:01.300168
1769,1001,DELIVERING,2026-05-12 05:49:01.300168
1770,1001,DELIVERED,2026-05-12 06:09:01.300168
1771,1002,DELIVERING,2026-05-10 14:34:01.300168
1772,1002,DELIVERED,2026-05-10 14:47:01.300168
1773,1003,DELIVERING,2026-05-05 01:06:01.300168
1774,1003,DELIVERED,2026-05-05 01:27:01.300168
1775,1004,DELIVERING,2026-05-14 13:19:01.300168
1776,1004,DELIVERED,2026-05-14 13:35:01.300168
1777,1005,CANCELLED,2026-05-02 05:31:01.300168
1778,1006,DELIVERING,2026-05-05 03:58:01.300168
1779,1006,DELIVERED,2026-05-05 04:16:01.300168
1780,1007,DELIVERING,2026-05-12 07:26:01.300168
1781,1007,DELIVERED,2026-05-12 07:48:01.300168
1782,1008,DELIVERING,2026-05-09 17:23:01.300168
1783,1008,DELIVERED,2026-05-09 17:53:01.300168
1784,1009,DELIVERING,2026-04-28 08:47:01.300168
1785,1009,DELIVERED,2026-04-28 09:07:01.300168
1786,1010,DELIVERING,2026-04-23 11:41:01.300168
1787,1010,DELIVERED,2026-04-23 12:07:01.300168
1788,1011,DELIVERING,2026-05-07 20:12:01.300168
1789,1011,DELIVERED,2026-05-07 20:29:01.300168
1790,1012,DELIVERING,2026-04-26 20:08:01.300168
1791,1012,DELIVERED,2026-04-26 20:43:01.300168
1792,1013,DELIVERING,2026-05-14 16:30:01.300168
1793,1013,DELIVERED,2026-05-14 16:53:01.300168
1794,1014,DELIVERING,2026-04-26 18:13:01.300168
1795,1014,DELIVERED,2026-04-26 18:38:01.300168
1796,1016,CANCELLED,2026-05-14 12:42:01.300168
1797,1017,CANCELLED,2026-04-22 22:19:01.300168
1798,1018,DELIVERING,2026-05-12 09:03:01.300168
1799,1018,DELIVERED,2026-05-12 09:32:01.300168
1800,1019,DELIVERING,2026-04-23 11:40:01.300168
1801,1019,DELIVERED,2026-04-23 12:14:01.300168
1802,1020,DELIVERING,2026-05-15 01:30:01.300168
1803,1020,DELIVERED,2026-05-15 01:48:01.300168
1804,1021,DELIVERING,2026-05-18 04:21:01.300168
1805,1021,DELIVERED,2026-05-18 04:57:01.300168
1806,1022,DELIVERING,2026-04-21 21:38:01.300168
1807,1022,DELIVERED,2026-04-21 22:00:01.300168
1808,1023,CANCELLED,2026-04-29 08:42:01.300168
1809,1024,CANCELLED,2026-04-29 08:49:01.300168
1810,1025,CANCELLED,2026-04-25 00:05:01.300168
1811,1026,CANCELLED,2026-05-02 00:44:01.300168
1812,1027,DELIVERING,2026-05-06 13:01:01.300168
1813,1027,DELIVERED,2026-05-06 13:30:01.300168
1814,1028,DELIVERING,2026-04-26 15:56:01.300168
1815,1028,DELIVERED,2026-04-26 16:21:01.300168
1816,1029,DELIVERING,2026-04-25 06:37:01.300168
1817,1029,DELIVERED,2026-04-25 06:54:01.300168
1818,1030,DELIVERING,2026-04-29 14:54:01.300168
1819,1030,DELIVERED,2026-04-29 15:26:01.300168
1820,1031,DELIVERING,2026-05-10 14:59:01.300168
1821,1031,DELIVERED,2026-05-10 15:33:01.300168
1822,1032,CANCELLED,2026-04-22 20:02:01.300168
1823,1033,DELIVERING,2026-04-22 02:57:01.300168
1824,1033,DELIVERED,2026-04-22 03:34:01.300168
1825,1034,DELIVERING,2026-04-26 05:54:01.300168
1826,1034,DELIVERED,2026-04-26 06:25:01.300168
1827,1035,DELIVERING,2026-05-08 23:46:01.300168
1828,1035,DELIVERED,2026-05-09 00:21:01.300168
1829,1036,DELIVERING,2026-05-05 17:31:01.300168
1830,1036,DELIVERED,2026-05-05 17:59:01.300168
1831,1037,DELIVERING,2026-05-11 04:21:01.300168
1832,1037,DELIVERED,2026-05-11 04:49:01.300168
1833,1038,CANCELLED,2026-05-07 08:27:01.300168
1834,1039,DELIVERING,2026-04-20 21:41:01.300168
1835,1039,DELIVERED,2026-04-20 22:04:01.300168
1836,1040,DELIVERING,2026-05-18 12:01:01.300168
1837,1040,DELIVERED,2026-05-18 12:19:01.300168
1838,1041,DELIVERING,2026-05-04 11:43:01.300168
1839,1041,DELIVERED,2026-05-04 12:01:01.300168
1840,1042,DELIVERING,2026-05-12 05:43:01.300168
1841,1042,DELIVERED,2026-05-12 06:02:01.300168
1842,1043,DELIVERING,2026-05-01 16:02:01.300168
1843,1043,DELIVERED,2026-05-01 16:35:01.300168
1844,1045,DELIVERING,2026-05-11 09:40:01.300168
1845,1045,DELIVERED,2026-05-11 10:05:01.300168
1846,1046,DELIVERING,2026-05-09 15:20:01.300168
1847,1046,DELIVERED,2026-05-09 15:38:01.300168
1848,1047,DELIVERING,2026-05-07 12:29:01.300168
1849,1047,DELIVERED,2026-05-07 12:54:01.300168
1850,1048,DELIVERING,2026-04-27 09:00:01.300168
1851,1048,DELIVERED,2026-04-27 09:32:01.300168
1852,1049,DELIVERING,2026-05-11 19:21:01.300168
1853,1049,DELIVERED,2026-05-11 19:41:01.300168
1854,1050,CANCELLED,2026-05-01 17:27:01.300168
1855,1051,DELIVERING,2026-05-17 14:48:01.300168
1856,1051,DELIVERED,2026-05-17 15:09:01.300168
1857,1052,DELIVERING,2026-05-11 10:09:01.300168
1858,1052,DELIVERED,2026-05-11 10:47:01.300168
1859,1053,DELIVERING,2026-05-07 21:22:01.300168
1860,1053,DELIVERED,2026-05-07 21:44:01.300168
1861,1054,DELIVERING,2026-04-24 00:40:01.300168
1862,1054,DELIVERED,2026-04-24 01:03:01.300168
1863,1055,CANCELLED,2026-05-01 02:37:01.300168
1864,1056,DELIVERING,2026-05-11 16:03:01.300168
1865,1056,DELIVERED,2026-05-11 16:39:01.300168
1866,1057,DELIVERING,2026-04-24 03:05:01.300168
1867,1057,DELIVERED,2026-04-24 03:22:01.300168
1868,1058,DELIVERING,2026-04-28 20:05:01.300168
1869,1058,DELIVERED,2026-04-28 20:27:01.300168
1870,1059,DELIVERING,2026-05-14 10:34:01.300168
1871,1059,DELIVERED,2026-05-14 10:50:01.300168
1872,1060,CANCELLED,2026-04-28 10:11:01.300168
1873,1061,DELIVERING,2026-05-08 02:27:01.300168
1874,1061,DELIVERED,2026-05-08 02:55:01.300168
1875,1062,DELIVERING,2026-05-07 20:25:01.300168
1876,1062,DELIVERED,2026-05-07 20:43:01.300168
1877,1063,DELIVERING,2026-05-11 06:54:01.300168
1878,1063,DELIVERED,2026-05-11 07:22:01.300168
1879,1064,DELIVERING,2026-04-24 09:55:01.300168
1880,1064,DELIVERED,2026-04-24 10:27:01.300168
1881,1065,DELIVERING,2026-05-04 08:15:01.300168
1882,1065,DELIVERED,2026-05-04 08:32:01.300168
1883,1066,DELIVERING,2026-05-04 22:34:01.300168
1884,1066,DELIVERED,2026-05-04 22:54:01.300168
1885,1067,CANCELLED,2026-04-21 08:28:01.300168
1886,1068,DELIVERING,2026-05-03 12:38:01.300168
1887,1068,DELIVERED,2026-05-03 12:56:01.300168
1888,1069,DELIVERING,2026-05-02 07:02:01.300168
1889,1069,DELIVERED,2026-05-02 07:33:01.300168
1890,1070,CANCELLED,2026-05-17 19:15:01.300168
1891,1072,DELIVERING,2026-05-07 05:08:01.300168
1892,1072,DELIVERED,2026-05-07 05:26:01.300168
1893,1073,DELIVERING,2026-04-23 14:33:01.300168
1894,1073,DELIVERED,2026-04-23 14:58:01.300168
1895,1074,DELIVERING,2026-04-24 01:48:01.300168
1896,1074,DELIVERED,2026-04-24 02:12:01.300168
1897,1075,DELIVERING,2026-05-13 03:50:01.300168
1898,1075,DELIVERED,2026-05-13 04:17:01.300168
1899,1076,DELIVERING,2026-05-18 08:06:01.300168
1900,1076,DELIVERED,2026-05-18 08:38:01.300168
1901,1077,DELIVERING,2026-05-19 13:46:01.300168
1902,1077,DELIVERED,2026-05-19 14:12:01.300168
1903,1078,DELIVERING,2026-05-06 16:37:01.300168
1904,1078,DELIVERED,2026-05-06 17:01:01.300168
1905,1079,CANCELLED,2026-05-18 23:08:01.300168
1906,1080,DELIVERING,2026-05-12 23:32:01.300168
1907,1080,DELIVERED,2026-05-12 23:54:01.300168
1908,1081,DELIVERING,2026-05-03 16:51:01.300168
1909,1081,DELIVERED,2026-05-03 17:08:01.300168
1910,1082,DELIVERING,2026-05-12 21:36:01.300168
1911,1082,DELIVERED,2026-05-12 22:03:01.300168
1912,1083,DELIVERING,2026-05-19 17:57:01.300168
1913,1083,DELIVERED,2026-05-19 18:14:01.300168
1914,1084,DELIVERING,2026-05-17 09:51:01.300168
1915,1084,DELIVERED,2026-05-17 10:17:01.300168
1916,1085,DELIVERING,2026-04-24 19:59:01.300168
1917,1085,DELIVERED,2026-04-24 20:34:01.300168
1918,1086,DELIVERING,2026-04-30 07:24:01.300168
1919,1086,DELIVERED,2026-04-30 07:48:01.300168
1920,1087,DELIVERING,2026-05-14 14:14:01.300168
1921,1087,DELIVERED,2026-05-14 14:35:01.300168
1922,1088,DELIVERING,2026-05-10 20:09:01.300168
1923,1088,DELIVERED,2026-05-10 20:38:01.300168
1924,1089,DELIVERING,2026-04-21 21:49:01.300168
1925,1089,DELIVERED,2026-04-21 22:11:01.300168
1926,1090,DELIVERING,2026-04-29 07:06:01.300168
1927,1090,DELIVERED,2026-04-29 07:42:01.300168
1928,1091,DELIVERING,2026-05-08 02:30:01.300168
1929,1091,DELIVERED,2026-05-08 02:59:01.300168
1930,1092,DELIVERING,2026-05-10 08:33:01.300168
1931,1092,DELIVERED,2026-05-10 09:06:01.300168
1932,1093,DELIVERING,2026-05-12 09:46:01.300168
1933,1093,DELIVERED,2026-05-12 10:14:01.300168
1934,1094,CANCELLED,2026-05-13 16:10:01.300168
1935,1095,DELIVERING,2026-05-16 18:10:01.300168
1936,1095,DELIVERED,2026-05-16 18:29:01.300168
1937,1096,CANCELLED,2026-05-18 18:14:01.300168
1938,1097,DELIVERING,2026-05-02 19:39:01.300168
1939,1097,DELIVERED,2026-05-02 20:01:01.300168
1940,1098,DELIVERING,2026-04-27 01:56:01.300168
1941,1098,DELIVERED,2026-04-27 02:17:01.300168
1942,1099,CANCELLED,2026-05-04 16:43:01.300168
1943,1100,CANCELLED,2026-05-13 15:16:01.300168
1944,1101,DELIVERING,2026-04-28 11:20:01.300168
1945,1101,DELIVERED,2026-04-28 11:36:01.300168
1946,1102,DELIVERING,2026-05-13 04:26:01.300168
1947,1102,DELIVERED,2026-05-13 05:05:01.300168
1948,1103,DELIVERING,2026-04-28 10:53:01.300168
1949,1103,DELIVERED,2026-04-28 11:22:01.300168
1950,1104,DELIVERING,2026-05-08 16:47:01.300168
1951,1104,DELIVERED,2026-05-08 17:19:01.300168
1952,1105,DELIVERING,2026-05-19 10:19:01.300168
1953,1105,DELIVERED,2026-05-19 10:52:01.300168
1954,1106,DELIVERING,2026-05-17 02:48:01.300168
1955,1106,DELIVERED,2026-05-17 03:19:01.300168
1956,1108,CANCELLED,2026-05-18 18:53:01.300168
1957,1109,DELIVERING,2026-05-05 08:41:01.300168
1958,1109,DELIVERED,2026-05-05 09:00:01.300168
1959,1110,DELIVERING,2026-04-25 23:57:01.300168
1960,1110,DELIVERED,2026-04-26 00:29:01.300168
1961,1111,CANCELLED,2026-05-01 11:05:01.300168
1962,1112,DELIVERING,2026-05-05 02:25:01.300168
1963,1112,DELIVERED,2026-05-05 02:53:01.300168
1964,1113,DELIVERING,2026-04-25 13:13:01.300168
1965,1113,DELIVERED,2026-04-25 13:50:01.300168
1966,1114,DELIVERING,2026-04-30 22:34:01.300168
1967,1114,DELIVERED,2026-04-30 23:06:01.300168
1968,1115,CANCELLED,2026-05-09 08:21:01.300168
1969,1116,DELIVERING,2026-04-22 17:48:01.300168
1970,1116,DELIVERED,2026-04-22 18:16:01.300168
1971,1117,DELIVERING,2026-04-23 11:03:01.300168
1972,1117,DELIVERED,2026-04-23 11:29:01.300168
1973,1118,DELIVERING,2026-05-16 19:22:01.300168
1974,1118,DELIVERED,2026-05-16 19:46:01.300168
1975,1119,DELIVERING,2026-05-15 14:12:01.300168
1976,1119,DELIVERED,2026-05-15 14:41:01.300168
1977,1121,DELIVERING,2026-04-27 17:00:01.300168
1978,1121,DELIVERED,2026-04-27 17:22:01.300168
1979,1122,DELIVERING,2026-05-03 17:46:01.300168
1980,1122,DELIVERED,2026-05-03 18:13:01.300168
1981,1123,DELIVERING,2026-05-17 02:29:01.300168
1982,1123,DELIVERED,2026-05-17 02:50:01.300168
1983,1124,DELIVERING,2026-04-26 16:48:01.300168
1984,1124,DELIVERED,2026-04-26 17:06:01.300168
1985,1125,DELIVERING,2026-05-11 22:31:01.300168
1986,1125,DELIVERED,2026-05-11 23:06:01.300168
1987,1126,CANCELLED,2026-05-17 04:35:01.300168
1988,1127,DELIVERING,2026-05-16 19:25:01.300168
1989,1127,DELIVERED,2026-05-16 19:59:01.300168
1990,1128,DELIVERING,2026-05-07 12:28:01.300168
1991,1128,DELIVERED,2026-05-07 12:45:01.300168
1992,1129,DELIVERING,2026-04-30 09:09:01.300168
1993,1129,DELIVERED,2026-04-30 09:40:01.300168
1994,1130,CANCELLED,2026-05-07 20:03:01.300168
1995,1131,DELIVERING,2026-05-06 04:59:01.300168
1996,1131,DELIVERED,2026-05-06 05:37:01.300168
1997,1132,CANCELLED,2026-05-12 06:54:01.300168
1998,1133,DELIVERING,2026-05-06 07:31:01.300168
1999,1133,DELIVERED,2026-05-06 07:59:01.300168
2000,1134,DELIVERING,2026-05-10 11:50:01.300168
2001,1134,DELIVERED,2026-05-10 12:13:01.300168
2002,1135,DELIVERING,2026-05-01 20:59:01.300168
2003,1135,DELIVERED,2026-05-01 21:19:01.300168
2004,1136,DELIVERING,2026-05-04 15:53:01.300168
2005,1136,DELIVERED,2026-05-04 16:15:01.300168
2006,1137,DELIVERING,2026-05-17 21:46:01.300168
2007,1137,DELIVERED,2026-05-17 22:17:01.300168
2008,1138,DELIVERING,2026-05-15 14:25:01.300168
2009,1138,DELIVERED,2026-05-15 14:50:01.300168
2010,1139,DELIVERING,2026-04-21 18:50:01.300168
2011,1139,DELIVERED,2026-04-21 19:06:01.300168
2012,1140,DELIVERING,2026-04-24 11:06:01.300168
2013,1140,DELIVERED,2026-04-24 11:37:01.300168
2014,1141,DELIVERING,2026-04-24 22:20:01.300168
2015,1141,DELIVERED,2026-04-24 22:43:01.300168
2016,1142,DELIVERING,2026-04-26 10:55:01.300168
2017,1142,DELIVERED,2026-04-26 11:25:01.300168
2018,1143,CANCELLED,2026-05-10 19:04:01.300168
2019,1144,DELIVERING,2026-04-19 22:04:01.300168
2020,1144,DELIVERED,2026-04-19 22:30:01.300168
2021,1145,DELIVERING,2026-05-12 22:31:01.300168
2022,1145,DELIVERED,2026-05-12 23:06:01.300168
2023,1146,DELIVERING,2026-05-18 01:05:01.300168
2024,1146,DELIVERED,2026-05-18 01:37:01.300168
2025,1147,DELIVERING,2026-05-05 13:01:01.300168
2026,1147,DELIVERED,2026-05-05 13:34:01.300168
2027,1148,DELIVERING,2026-05-11 18:10:01.300168
2028,1148,DELIVERED,2026-05-11 18:42:01.300168
2029,1149,DELIVERING,2026-05-09 17:49:01.300168
2030,1149,DELIVERED,2026-05-09 18:18:01.300168
2031,1150,DELIVERING,2026-05-11 00:33:01.300168
2032,1150,DELIVERED,2026-05-11 00:58:01.300168
2033,1151,DELIVERING,2026-05-10 22:18:01.300168
2034,1151,DELIVERED,2026-05-10 22:45:01.300168
2035,1152,CANCELLED,2026-04-27 12:14:01.300168
2036,1153,DELIVERING,2026-04-20 10:27:01.300168
2037,1153,DELIVERED,2026-04-20 10:56:01.300168
2038,1154,DELIVERING,2026-05-02 22:20:01.300168
2039,1154,DELIVERED,2026-05-02 22:46:01.300168
2040,1155,DELIVERING,2026-04-30 01:42:01.300168
2041,1155,DELIVERED,2026-04-30 02:10:01.300168
2042,1156,DELIVERING,2026-05-13 17:13:01.300168
2043,1156,DELIVERED,2026-05-13 17:28:01.300168
2044,1157,DELIVERING,2026-04-26 09:30:01.300168
2045,1157,DELIVERED,2026-04-26 09:57:01.300168
2046,1158,DELIVERING,2026-04-23 15:40:01.300168
2047,1158,DELIVERED,2026-04-23 16:11:01.300168
2048,1159,DELIVERING,2026-04-26 15:45:01.300168
2049,1159,DELIVERED,2026-04-26 16:08:01.300168
2050,1160,DELIVERING,2026-04-26 23:37:01.300168
2051,1160,DELIVERED,2026-04-27 00:04:01.300168
2052,1161,DELIVERING,2026-05-17 13:06:01.300168
2053,1161,DELIVERED,2026-05-17 13:42:01.300168
2054,1162,DELIVERING,2026-04-30 12:57:01.300168
2055,1162,DELIVERED,2026-04-30 13:20:01.300168
2056,1163,CANCELLED,2026-05-08 01:36:01.300168
2057,1164,DELIVERING,2026-05-01 01:02:01.300168
2058,1164,DELIVERED,2026-05-01 01:17:01.300168
2059,1165,DELIVERING,2026-05-07 16:09:01.300168
2060,1165,DELIVERED,2026-05-07 16:31:01.300168
2061,1166,DELIVERING,2026-04-27 14:58:01.300168
2062,1166,DELIVERED,2026-04-27 15:19:01.300168
2063,1167,DELIVERING,2026-04-28 21:32:01.300168
2064,1167,DELIVERED,2026-04-28 21:56:01.300168
2065,1170,DELIVERING,2026-05-15 10:19:01.300168
2066,1170,DELIVERED,2026-05-15 10:42:01.300168
2067,1171,DELIVERING,2026-05-04 16:55:01.300168
2068,1171,DELIVERED,2026-05-04 17:14:01.300168
2069,1172,CANCELLED,2026-05-05 11:56:01.300168
2070,1173,DELIVERING,2026-05-16 15:12:01.300168
2071,1173,DELIVERED,2026-05-16 15:42:01.300168
2072,1174,DELIVERING,2026-05-13 07:24:01.300168
2073,1174,DELIVERED,2026-05-13 07:50:01.300168
2074,1175,DELIVERING,2026-05-06 22:04:01.300168
2075,1175,DELIVERED,2026-05-06 22:36:01.300168
2076,1176,DELIVERING,2026-05-14 20:19:01.300168
2077,1176,DELIVERED,2026-05-14 20:40:01.300168
2078,1177,DELIVERING,2026-05-02 03:04:01.300168
2079,1177,DELIVERED,2026-05-02 03:25:01.300168
2080,1178,DELIVERING,2026-04-30 09:14:01.300168
2081,1178,DELIVERED,2026-04-30 09:52:01.300168
2082,1179,DELIVERING,2026-05-06 09:23:01.300168
2083,1179,DELIVERED,2026-05-06 09:53:01.300168
2084,1180,DELIVERING,2026-05-16 05:42:01.300168
2085,1180,DELIVERED,2026-05-16 06:16:01.300168
2086,1181,DELIVERING,2026-05-13 05:45:01.300168
2087,1181,DELIVERED,2026-05-13 06:21:01.300168
2088,1182,DELIVERING,2026-05-08 08:07:01.300168
2089,1182,DELIVERED,2026-05-08 08:29:01.300168
2090,1183,DELIVERING,2026-05-06 10:15:01.300168
2091,1183,DELIVERED,2026-05-06 10:46:01.300168
2092,1184,DELIVERING,2026-05-17 06:16:01.300168
2093,1184,DELIVERED,2026-05-17 06:43:01.300168
2094,1185,DELIVERING,2026-05-01 04:25:01.300168
2095,1185,DELIVERED,2026-05-01 04:41:01.300168
2096,1186,DELIVERING,2026-04-25 10:27:01.300168
2097,1186,DELIVERED,2026-04-25 10:59:01.300168
2098,1188,DELIVERING,2026-04-23 05:38:01.300168
2099,1188,DELIVERED,2026-04-23 06:00:01.300168
2100,1189,DELIVERING,2026-05-17 11:16:01.300168
2101,1189,DELIVERED,2026-05-17 11:37:01.300168
2102,1190,DELIVERING,2026-04-27 06:12:01.300168
2103,1190,DELIVERED,2026-04-27 06:33:01.300168
2104,1191,DELIVERING,2026-05-11 14:20:01.300168
2105,1191,DELIVERED,2026-05-11 14:47:01.300168
2106,1192,DELIVERING,2026-05-17 00:11:01.300168
2107,1192,DELIVERED,2026-05-17 00:42:01.300168
2108,1193,DELIVERING,2026-05-12 10:36:01.300168
2109,1193,DELIVERED,2026-05-12 11:13:01.300168
2110,1194,DELIVERING,2026-04-23 07:39:01.300168
2111,1194,DELIVERED,2026-04-23 07:58:01.300168
2112,1195,CANCELLED,2026-04-26 18:44:01.300168
2113,1196,DELIVERING,2026-05-13 15:40:01.300168
2114,1196,DELIVERED,2026-05-13 15:58:01.300168
2115,1197,DELIVERING,2026-04-25 00:16:01.300168
2116,1197,DELIVERED,2026-04-25 00:56:01.300168
2117,1198,DELIVERING,2026-05-05 14:10:01.300168
2118,1198,DELIVERED,2026-05-05 14:42:01.300168
2119,1199,DELIVERING,2026-05-12 11:19:01.300168
2120,1199,DELIVERED,2026-05-12 11:49:01.300168
2121,1200,DELIVERING,2026-05-09 19:52:01.300168
2122,1200,DELIVERED,2026-05-09 20:16:01.300168
2123,1201,DELIVERING,2026-05-10 16:58:01.300168
2124,1201,DELIVERED,2026-05-10 17:30:01.300168
2125,1202,DELIVERING,2026-04-28 03:24:01.300168
2126,1202,DELIVERED,2026-04-28 03:47:01.300168
2127,1203,DELIVERING,2026-04-26 18:44:01.300168
2128,1203,DELIVERED,2026-04-26 19:08:01.300168
2129,1204,DELIVERING,2026-05-19 08:46:01.300168
2130,1204,DELIVERED,2026-05-19 09:24:01.300168
2131,1205,DELIVERING,2026-05-06 02:43:01.300168
2132,1205,DELIVERED,2026-05-06 03:02:01.300168
2133,1206,DELIVERING,2026-05-08 02:36:01.300168
2134,1206,DELIVERED,2026-05-08 03:07:01.300168
2135,1207,DELIVERING,2026-04-29 11:01:01.300168
2136,1207,DELIVERED,2026-04-29 11:31:01.300168
2137,1208,DELIVERING,2026-05-06 05:07:01.300168
2138,1208,DELIVERED,2026-05-06 05:29:01.300168
2139,1209,DELIVERING,2026-05-12 04:31:01.300168
2140,1209,DELIVERED,2026-05-12 04:46:01.300168
2141,1210,DELIVERING,2026-05-07 02:29:01.300168
2142,1210,DELIVERED,2026-05-07 02:59:01.300168
2143,1211,DELIVERING,2026-05-04 10:29:01.300168
2144,1211,DELIVERED,2026-05-04 11:05:01.300168
2145,1212,DELIVERING,2026-04-23 06:18:01.300168
2146,1212,DELIVERED,2026-04-23 06:53:01.300168
2147,1213,DELIVERING,2026-05-12 18:34:01.300168
2148,1213,DELIVERED,2026-05-12 18:49:01.300168
2149,1214,DELIVERING,2026-04-27 23:07:01.300168
2150,1214,DELIVERED,2026-04-27 23:43:01.300168
2151,1215,DELIVERING,2026-04-25 10:14:01.300168
2152,1215,DELIVERED,2026-04-25 10:42:01.300168
2153,1216,DELIVERING,2026-05-06 05:38:01.300168
2154,1216,DELIVERED,2026-05-06 06:11:01.300168
2155,1217,DELIVERING,2026-04-25 07:38:01.300168
2156,1217,DELIVERED,2026-04-25 08:00:01.300168
2157,1218,DELIVERING,2026-04-28 08:58:01.300168
2158,1218,DELIVERED,2026-04-28 09:31:01.300168
2159,1220,DELIVERING,2026-05-16 13:37:01.300168
2160,1220,DELIVERED,2026-05-16 14:03:01.300168
2161,1221,DELIVERING,2026-04-19 23:05:01.300168
2162,1221,DELIVERED,2026-04-19 23:30:01.300168
2163,1222,DELIVERING,2026-05-09 06:19:01.300168
2164,1222,DELIVERED,2026-05-09 06:37:01.300168
2165,1223,DELIVERING,2026-05-03 01:31:01.300168
2166,1223,DELIVERED,2026-05-03 01:53:01.300168
2167,1224,CANCELLED,2026-04-22 11:51:01.300168
2168,1225,DELIVERING,2026-04-30 05:39:01.300168
2169,1225,DELIVERED,2026-04-30 06:11:01.300168
2170,1227,DELIVERING,2026-04-20 07:44:01.300168
2171,1227,DELIVERED,2026-04-20 08:08:01.300168
2172,1228,DELIVERING,2026-04-29 07:37:01.300168
2173,1228,DELIVERED,2026-04-29 07:51:01.300168
2174,1229,DELIVERING,2026-05-16 16:04:01.300168
2175,1229,DELIVERED,2026-05-16 16:27:01.300168
2176,1230,DELIVERING,2026-05-09 18:11:01.300168
2177,1230,DELIVERED,2026-05-09 18:28:01.300168
2178,1231,CANCELLED,2026-04-30 14:27:01.300168
2179,1232,DELIVERING,2026-05-07 02:01:01.300168
2180,1232,DELIVERED,2026-05-07 02:22:01.300168
2181,1233,DELIVERING,2026-05-10 02:01:01.300168
2182,1233,DELIVERED,2026-05-10 02:18:01.300168
2183,1234,CANCELLED,2026-05-17 06:46:01.300168
2184,1235,DELIVERING,2026-05-12 18:10:01.300168
2185,1235,DELIVERED,2026-05-12 18:35:01.300168
2186,1236,CANCELLED,2026-05-13 03:52:01.300168
2187,1237,DELIVERING,2026-05-10 22:33:01.300168
2188,1237,DELIVERED,2026-05-10 22:53:01.300168
2189,1238,DELIVERING,2026-04-24 18:15:01.300168
2190,1238,DELIVERED,2026-04-24 18:39:01.300168
2191,1239,CANCELLED,2026-04-20 13:43:01.300168
2192,1240,DELIVERING,2026-04-29 13:48:01.300168
2193,1240,DELIVERED,2026-04-29 14:01:01.300168
2194,1241,DELIVERING,2026-04-26 09:18:01.300168
2195,1241,DELIVERED,2026-04-26 09:43:01.300168
2196,1242,DELIVERING,2026-04-25 01:49:01.300168
2197,1242,DELIVERED,2026-04-25 02:25:01.300168
2198,1243,DELIVERING,2026-04-26 21:00:01.300168
2199,1243,DELIVERED,2026-04-26 21:32:01.300168
2200,1244,DELIVERING,2026-05-13 06:04:01.300168
2201,1244,DELIVERED,2026-05-13 06:32:01.300168
2202,1245,DELIVERING,2026-05-12 05:19:01.300168
2203,1245,DELIVERED,2026-05-12 05:49:01.300168
2204,1246,CANCELLED,2026-05-08 08:44:01.300168
2205,1247,CANCELLED,2026-04-23 11:27:01.300168
2206,1248,DELIVERING,2026-04-25 21:21:01.300168
2207,1248,DELIVERED,2026-04-25 21:45:01.300168
2208,1249,DELIVERING,2026-05-17 21:34:01.300168
2209,1249,DELIVERED,2026-05-17 22:13:01.300168
2210,1250,DELIVERING,2026-05-06 06:37:01.300168
2211,1250,DELIVERED,2026-05-06 06:54:01.300168
2212,1251,DELIVERING,2026-05-09 16:03:01.300168
2213,1251,DELIVERED,2026-05-09 16:23:01.300168
2214,1252,DELIVERING,2026-05-14 14:55:01.300168
2215,1252,DELIVERED,2026-05-14 15:20:01.300168
2216,1253,DELIVERING,2026-05-16 15:03:01.300168
2217,1253,DELIVERED,2026-05-16 15:37:01.300168
2218,1254,DELIVERING,2026-05-13 18:34:01.300168
2219,1254,DELIVERED,2026-05-13 18:55:01.300168
2220,1255,DELIVERING,2026-04-28 08:55:01.300168
2221,1255,DELIVERED,2026-04-28 09:15:01.300168
2222,1256,CANCELLED,2026-05-04 19:53:01.300168
2223,1257,DELIVERING,2026-04-20 00:50:01.300168
2224,1257,DELIVERED,2026-04-20 01:17:01.300168
2225,1258,DELIVERING,2026-05-19 01:42:01.300168
2226,1258,DELIVERED,2026-05-19 02:15:01.300168
2227,1259,DELIVERING,2026-05-05 19:02:01.300168
2228,1259,DELIVERED,2026-05-05 19:27:01.300168
2229,1260,DELIVERING,2026-04-23 10:07:01.300168
2230,1260,DELIVERED,2026-04-23 10:37:01.300168
2231,1261,DELIVERING,2026-05-15 22:38:01.300168
2232,1261,DELIVERED,2026-05-15 23:05:01.300168
2233,1262,DELIVERING,2026-05-19 16:20:01.300168
2234,1262,DELIVERED,2026-05-19 16:43:01.300168
2235,1263,CANCELLED,2026-04-30 21:11:01.300168
2236,1264,DELIVERING,2026-05-07 02:47:01.300168
2237,1264,DELIVERED,2026-05-07 03:09:01.300168
2238,1266,DELIVERING,2026-05-02 19:50:01.300168
2239,1266,DELIVERED,2026-05-02 20:15:01.300168
2240,1267,DELIVERING,2026-05-14 19:17:01.300168
2241,1267,DELIVERED,2026-05-14 19:30:01.300168
2242,1268,DELIVERING,2026-04-30 08:37:01.300168
2243,1268,DELIVERED,2026-04-30 09:07:01.300168
2244,1269,DELIVERING,2026-04-23 08:14:01.300168
2245,1269,DELIVERED,2026-04-23 08:39:01.300168
2246,1270,DELIVERING,2026-05-03 05:31:01.300168
2247,1270,DELIVERED,2026-05-03 05:58:01.300168
2248,1271,DELIVERING,2026-05-05 00:45:01.300168
2249,1271,DELIVERED,2026-05-05 01:13:01.300168
2250,1272,CANCELLED,2026-04-25 11:05:01.300168
2251,1273,DELIVERING,2026-04-26 13:44:01.300168
2252,1273,DELIVERED,2026-04-26 14:08:01.300168
2253,1274,DELIVERING,2026-05-04 19:35:01.300168
2254,1274,DELIVERED,2026-05-04 19:55:01.300168
2255,1275,CANCELLED,2026-04-24 22:42:01.300168
2256,1276,DELIVERING,2026-05-13 02:12:01.300168
2257,1276,DELIVERED,2026-05-13 02:48:01.300168
2258,1277,DELIVERING,2026-05-03 10:57:01.300168
2259,1277,DELIVERED,2026-05-03 11:25:01.300168
2260,1278,DELIVERING,2026-05-13 23:49:01.300168
2261,1278,DELIVERED,2026-05-14 00:14:01.300168
2262,1279,DELIVERING,2026-05-11 02:46:01.300168
2263,1279,DELIVERED,2026-05-11 03:19:01.300168
2264,1280,DELIVERING,2026-04-27 07:03:01.300168
2265,1280,DELIVERED,2026-04-27 07:22:01.300168
2266,1281,DELIVERING,2026-04-21 21:38:01.300168
2267,1281,DELIVERED,2026-04-21 22:00:01.300168
2268,1282,DELIVERING,2026-05-12 04:28:01.300168
2269,1282,DELIVERED,2026-05-12 05:01:01.300168
2270,1283,DELIVERING,2026-05-01 13:21:01.300168
2271,1283,DELIVERED,2026-05-01 13:57:01.300168
2272,1284,DELIVERING,2026-04-30 02:27:01.300168
2273,1284,DELIVERED,2026-04-30 02:51:01.300168
2274,1285,DELIVERING,2026-04-20 15:05:01.300168
2275,1285,DELIVERED,2026-04-20 15:37:01.300168
2276,1286,DELIVERING,2026-05-14 03:41:01.300168
2277,1286,DELIVERED,2026-05-14 04:12:01.300168
2278,1287,DELIVERING,2026-05-13 01:04:01.300168
2279,1287,DELIVERED,2026-05-13 01:26:01.300168
2280,1288,DELIVERING,2026-05-06 09:03:01.300168
2281,1288,DELIVERED,2026-05-06 09:32:01.300168
2282,1289,DELIVERING,2026-04-25 19:39:01.300168
2283,1289,DELIVERED,2026-04-25 20:11:01.300168
2284,1290,DELIVERING,2026-04-27 12:23:01.300168
2285,1290,DELIVERED,2026-04-27 12:48:01.300168
2286,1291,DELIVERING,2026-05-14 10:41:01.300168
2287,1291,DELIVERED,2026-05-14 11:03:01.300168
2288,1292,DELIVERING,2026-04-29 06:13:01.300168
2289,1292,DELIVERED,2026-04-29 06:48:01.300168
2290,1293,DELIVERING,2026-04-24 13:33:01.300168
2291,1293,DELIVERED,2026-04-24 13:47:01.300168
2292,1294,DELIVERING,2026-04-22 15:53:01.300168
2293,1294,DELIVERED,2026-04-22 16:06:01.300168
2294,1295,DELIVERING,2026-05-05 19:30:01.300168
2295,1295,DELIVERED,2026-05-05 20:02:01.300168
2296,1296,DELIVERING,2026-04-26 04:36:01.300168
2297,1296,DELIVERED,2026-04-26 05:00:01.300168
2298,1297,DELIVERING,2026-04-25 02:06:01.300168
2299,1297,DELIVERED,2026-04-25 02:37:01.300168
2300,1298,CANCELLED,2026-05-02 20:06:01.300168
2301,1299,DELIVERING,2026-05-07 03:15:01.300168
2302,1299,DELIVERED,2026-05-07 03:47:01.300168
2303,1300,DELIVERING,2026-04-23 22:17:01.300168
2304,1300,DELIVERED,2026-04-23 22:44:01.300168
2305,1301,DELIVERING,2026-04-21 09:28:01.300168
2306,1301,DELIVERED,2026-04-21 09:45:01.300168
2307,1302,DELIVERING,2026-04-25 13:09:01.300168
2308,1302,DELIVERED,2026-04-25 13:47:01.300168
2309,1303,DELIVERING,2026-04-29 00:47:01.300168
2310,1303,DELIVERED,2026-04-29 01:15:01.300168
2311,1304,DELIVERING,2026-04-23 08:09:01.300168
2312,1304,DELIVERED,2026-04-23 08:40:01.300168
2313,1305,CANCELLED,2026-05-16 09:56:01.300168
2314,1306,CANCELLED,2026-05-05 21:36:01.300168
2315,1307,DELIVERING,2026-05-15 04:43:01.300168
2316,1307,DELIVERED,2026-05-15 05:09:01.300168
2317,1308,CANCELLED,2026-05-03 10:36:01.300168
2318,1309,DELIVERING,2026-05-09 18:48:01.300168
2319,1309,DELIVERED,2026-05-09 19:04:01.300168
2320,1310,DELIVERING,2026-04-20 04:54:01.300168
2321,1310,DELIVERED,2026-04-20 05:18:01.300168
2322,1311,DELIVERING,2026-05-04 04:53:01.300168
2323,1311,DELIVERED,2026-05-04 05:23:01.300168
2324,1312,DELIVERING,2026-05-15 16:43:01.300168
2325,1312,DELIVERED,2026-05-15 17:20:01.300168
2326,1313,DELIVERING,2026-05-17 14:57:01.300168
2327,1313,DELIVERED,2026-05-17 15:22:01.300168
2328,1314,DELIVERING,2026-04-30 08:51:01.300168
2329,1314,DELIVERED,2026-04-30 09:23:01.300168
2330,1315,DELIVERING,2026-05-18 22:04:01.300168
2331,1315,DELIVERED,2026-05-18 22:36:01.300168
2332,1316,DELIVERING,2026-04-24 00:35:01.300168
2333,1316,DELIVERED,2026-04-24 01:05:01.300168
2334,1317,DELIVERING,2026-04-28 06:11:01.300168
2335,1317,DELIVERED,2026-04-28 06:33:01.300168
2336,1318,DELIVERING,2026-05-18 16:27:01.300168
2337,1318,DELIVERED,2026-05-18 16:43:01.300168
2338,1319,DELIVERING,2026-04-23 19:16:01.300168
2339,1319,DELIVERED,2026-04-23 19:40:01.300168
2340,1320,CANCELLED,2026-05-18 07:52:01.300168
2341,1321,DELIVERING,2026-05-13 12:13:01.300168
2342,1321,DELIVERED,2026-05-13 12:34:01.300168
2343,1322,CANCELLED,2026-04-26 05:20:01.300168
2344,1323,DELIVERING,2026-04-21 06:38:01.300168
2345,1323,DELIVERED,2026-04-21 07:11:01.300168
2346,1324,DELIVERING,2026-04-27 17:55:01.300168
2347,1324,DELIVERED,2026-04-27 18:32:01.300168
2348,1325,DELIVERING,2026-05-07 18:38:01.300168
2349,1325,DELIVERED,2026-05-07 18:57:01.300168
2350,1326,DELIVERING,2026-05-15 00:27:01.300168
2351,1326,DELIVERED,2026-05-15 00:54:01.300168
2352,1327,DELIVERING,2026-05-08 13:40:01.300168
2353,1327,DELIVERED,2026-05-08 14:07:01.300168
2354,1328,DELIVERING,2026-04-26 14:36:01.300168
2355,1328,DELIVERED,2026-04-26 15:07:01.300168
2356,1329,DELIVERING,2026-05-18 22:23:01.300168
2357,1329,DELIVERED,2026-05-18 22:51:01.300168
2358,1330,CANCELLED,2026-04-30 22:50:01.300168
2359,1331,DELIVERING,2026-05-11 19:54:01.300168
2360,1331,DELIVERED,2026-05-11 20:24:01.300168
2361,1332,DELIVERING,2026-05-12 20:58:01.300168
2362,1332,DELIVERED,2026-05-12 21:17:01.300168
2363,1333,DELIVERING,2026-05-17 02:42:01.300168
2364,1333,DELIVERED,2026-05-17 03:01:01.300168
2365,1334,DELIVERING,2026-04-21 18:47:01.300168
2366,1334,DELIVERED,2026-04-21 19:07:01.300168
2367,1335,DELIVERING,2026-05-14 01:59:01.300168
2368,1335,DELIVERED,2026-05-14 02:28:01.300168
2369,1336,DELIVERING,2026-05-18 19:16:01.300168
2370,1336,DELIVERED,2026-05-18 19:48:01.300168
2371,1337,DELIVERING,2026-04-21 06:52:01.300168
2372,1337,DELIVERED,2026-04-21 07:28:01.300168
2373,1338,DELIVERING,2026-05-03 15:21:01.300168
2374,1338,DELIVERED,2026-05-03 15:47:01.300168
2375,1339,DELIVERING,2026-04-24 13:50:01.300168
2376,1339,DELIVERED,2026-04-24 14:11:01.300168
2377,1340,CANCELLED,2026-05-14 22:23:01.300168
2378,1341,DELIVERING,2026-05-08 11:23:01.300168
2379,1341,DELIVERED,2026-05-08 11:38:01.300168
2380,1342,DELIVERING,2026-05-08 00:05:01.300168
2381,1342,DELIVERED,2026-05-08 00:18:01.300168
2382,1343,DELIVERING,2026-05-06 09:44:01.300168
2383,1343,DELIVERED,2026-05-06 10:09:01.300168
2384,1344,DELIVERING,2026-04-23 15:07:01.300168
2385,1344,DELIVERED,2026-04-23 15:35:01.300168
2386,1345,DELIVERING,2026-05-13 14:26:01.300168
2387,1345,DELIVERED,2026-05-13 14:52:01.300168
2388,1346,DELIVERING,2026-05-04 23:20:01.300168
2389,1346,DELIVERED,2026-05-04 23:56:01.300168
2390,1347,DELIVERING,2026-05-01 04:00:01.300168
2391,1347,DELIVERED,2026-05-01 04:34:01.300168
2392,1348,DELIVERING,2026-05-07 20:59:01.300168
2393,1348,DELIVERED,2026-05-07 21:15:01.300168
2394,1349,DELIVERING,2026-05-01 03:10:01.300168
2395,1349,DELIVERED,2026-05-01 03:25:01.300168
2396,1350,DELIVERING,2026-05-19 09:44:01.300168
2397,1350,DELIVERED,2026-05-19 10:03:01.300168
2398,1351,DELIVERING,2026-04-29 11:22:01.300168
2399,1351,DELIVERED,2026-04-29 11:42:01.300168
2400,1352,CANCELLED,2026-05-04 03:10:01.300168
2401,1353,DELIVERING,2026-04-22 14:23:01.300168
2402,1353,DELIVERED,2026-04-22 14:54:01.300168
2403,1354,DELIVERING,2026-04-25 18:44:01.300168
2404,1354,DELIVERED,2026-04-25 19:18:01.300168
2405,1355,CANCELLED,2026-04-27 01:47:01.300168
2406,1356,DELIVERING,2026-05-12 22:36:01.300168
2407,1356,DELIVERED,2026-05-12 23:06:01.300168
2408,1357,DELIVERING,2026-04-28 15:37:01.300168
2409,1357,DELIVERED,2026-04-28 16:08:01.300168
2410,1358,DELIVERING,2026-05-17 19:59:01.300168
2411,1358,DELIVERED,2026-05-17 20:20:01.300168
2412,1359,DELIVERING,2026-05-18 10:58:01.300168
2413,1359,DELIVERED,2026-05-18 11:28:01.300168
2414,1360,DELIVERING,2026-04-28 13:05:01.300168
2415,1360,DELIVERED,2026-04-28 13:35:01.300168
2416,1361,DELIVERING,2026-04-26 21:21:01.300168
2417,1361,DELIVERED,2026-04-26 21:48:01.300168
2418,1362,DELIVERING,2026-05-06 05:46:01.300168
2419,1362,DELIVERED,2026-05-06 05:59:01.300168
2420,1363,DELIVERING,2026-05-03 13:53:01.300168
2421,1363,DELIVERED,2026-05-03 14:25:01.300168
2422,1364,DELIVERING,2026-05-15 04:33:01.300168
2423,1364,DELIVERED,2026-05-15 04:57:01.300168
2424,1365,CANCELLED,2026-05-11 04:44:01.300168
2425,1366,DELIVERING,2026-04-23 11:57:01.300168
2426,1366,DELIVERED,2026-04-23 12:19:01.300168
2427,1367,CANCELLED,2026-05-03 10:01:01.300168
2428,1368,DELIVERING,2026-04-23 11:59:01.300168
2429,1368,DELIVERED,2026-04-23 12:25:01.300168
2430,1369,DELIVERING,2026-04-29 23:23:01.300168
2431,1369,DELIVERED,2026-04-29 23:47:01.300168
2432,1370,DELIVERING,2026-05-06 12:59:01.300168
2433,1370,DELIVERED,2026-05-06 13:25:01.300168
2434,1372,DELIVERING,2026-05-16 14:33:01.300168
2435,1372,DELIVERED,2026-05-16 15:01:01.300168
2436,1373,DELIVERING,2026-04-22 06:21:01.300168
2437,1373,DELIVERED,2026-04-22 06:41:01.300168
2438,1374,DELIVERING,2026-05-17 14:29:01.300168
2439,1374,DELIVERED,2026-05-17 14:56:01.300168
2440,1375,CANCELLED,2026-05-04 02:25:01.300168
2441,1376,DELIVERING,2026-05-13 17:16:01.300168
2442,1376,DELIVERED,2026-05-13 17:29:01.300168
2443,1377,DELIVERING,2026-04-29 05:55:01.300168
2444,1377,DELIVERED,2026-04-29 06:31:01.300168
2445,1378,DELIVERING,2026-05-11 00:58:01.300168
2446,1378,DELIVERED,2026-05-11 01:27:01.300168
2447,1379,DELIVERING,2026-04-23 18:50:01.300168
2448,1379,DELIVERED,2026-04-23 19:12:01.300168
2449,1380,DELIVERING,2026-05-03 13:05:01.300168
2450,1380,DELIVERED,2026-05-03 13:34:01.300168
2451,1381,DELIVERING,2026-04-29 20:37:01.300168
2452,1381,DELIVERED,2026-04-29 20:59:01.300168
2453,1382,DELIVERING,2026-04-21 04:29:01.300168
2454,1382,DELIVERED,2026-04-21 04:56:01.300168
2455,1383,DELIVERING,2026-04-25 13:19:01.300168
2456,1383,DELIVERED,2026-04-25 13:43:01.300168
2457,1384,DELIVERING,2026-05-15 17:24:01.300168
2458,1384,DELIVERED,2026-05-15 17:50:01.300168
2459,1385,DELIVERING,2026-05-02 04:38:01.300168
2460,1385,DELIVERED,2026-05-02 05:03:01.300168
2461,1386,DELIVERING,2026-05-08 02:41:01.300168
2462,1386,DELIVERED,2026-05-08 03:11:01.300168
2463,1387,DELIVERING,2026-05-11 03:55:01.300168
2464,1387,DELIVERED,2026-05-11 04:33:01.300168
2465,1388,DELIVERING,2026-05-03 06:32:01.300168
2466,1388,DELIVERED,2026-05-03 06:51:01.300168
2467,1389,DELIVERING,2026-04-24 22:26:01.300168
2468,1389,DELIVERED,2026-04-24 22:46:01.300168
2469,1390,DELIVERING,2026-04-28 13:57:01.300168
2470,1390,DELIVERED,2026-04-28 14:22:01.300168
2471,1391,DELIVERING,2026-05-11 00:26:01.300168
2472,1391,DELIVERED,2026-05-11 00:51:01.300168
2473,1392,DELIVERING,2026-04-24 23:55:01.300168
2474,1392,DELIVERED,2026-04-25 00:24:01.300168
2475,1393,DELIVERING,2026-05-14 22:54:01.300168
2476,1393,DELIVERED,2026-05-14 23:23:01.300168
2477,1394,DELIVERING,2026-05-12 13:30:01.300168
2478,1394,DELIVERED,2026-05-12 14:03:01.300168
2479,1395,DELIVERING,2026-04-21 11:58:01.300168
2480,1395,DELIVERED,2026-04-21 12:14:01.300168
2481,1396,DELIVERING,2026-05-01 18:44:01.300168
2482,1396,DELIVERED,2026-05-01 19:02:01.300168
2483,1397,DELIVERING,2026-05-16 15:35:01.300168
2484,1397,DELIVERED,2026-05-16 15:59:01.300168
2485,1398,DELIVERING,2026-05-18 21:26:01.300168
2486,1398,DELIVERED,2026-05-18 21:46:01.300168
2487,1400,DELIVERING,2026-05-05 22:55:01.300168
2488,1400,DELIVERED,2026-05-05 23:15:01.300168
2489,1401,DELIVERING,2026-05-03 03:54:01.300168
2490,1401,DELIVERED,2026-05-03 04:11:01.300168
2491,1402,DELIVERING,2026-04-19 21:44:01.300168
2492,1402,DELIVERED,2026-04-19 22:18:01.300168
2493,1403,DELIVERING,2026-05-09 19:57:01.300168
2494,1403,DELIVERED,2026-05-09 20:15:01.300168
2495,1404,DELIVERING,2026-05-01 14:13:01.300168
2496,1404,DELIVERED,2026-05-01 14:45:01.300168
2497,1405,CANCELLED,2026-05-12 06:16:01.300168
2498,1406,DELIVERING,2026-05-09 00:18:01.300168
2499,1406,DELIVERED,2026-05-09 00:45:01.300168
2500,1407,CANCELLED,2026-05-07 12:34:01.300168
2501,1408,DELIVERING,2026-05-12 00:13:01.300168
2502,1408,DELIVERED,2026-05-12 00:44:01.300168
2503,1409,DELIVERING,2026-04-24 19:32:01.300168
2504,1409,DELIVERED,2026-04-24 19:54:01.300168
2505,1410,DELIVERING,2026-05-11 01:36:01.300168
2506,1410,DELIVERED,2026-05-11 01:53:01.300168
2507,1411,DELIVERING,2026-04-20 03:42:01.300168
2508,1411,DELIVERED,2026-04-20 04:19:01.300168
2509,1412,DELIVERING,2026-05-02 09:18:01.300168
2510,1412,DELIVERED,2026-05-02 09:39:01.300168
2511,1413,DELIVERING,2026-05-01 10:29:01.300168
2512,1413,DELIVERED,2026-05-01 10:58:01.300168
2513,1414,DELIVERING,2026-05-08 18:24:01.300168
2514,1414,DELIVERED,2026-05-08 18:43:01.300168
2515,1415,DELIVERING,2026-05-16 21:30:01.300168
2516,1415,DELIVERED,2026-05-16 22:03:01.300168
2517,1416,CANCELLED,2026-05-08 07:15:01.300168
2518,1417,DELIVERING,2026-04-21 03:06:01.300168
2519,1417,DELIVERED,2026-04-21 03:34:01.300168
2520,1418,DELIVERING,2026-05-18 15:46:01.300168
2521,1418,DELIVERED,2026-05-18 16:16:01.300168
2522,1419,DELIVERING,2026-05-02 11:49:01.300168
2523,1419,DELIVERED,2026-05-02 12:19:01.300168
2524,1420,DELIVERING,2026-04-28 14:27:01.300168
2525,1420,DELIVERED,2026-04-28 14:54:01.300168
2526,1421,DELIVERING,2026-05-03 16:32:01.300168
2527,1421,DELIVERED,2026-05-03 17:03:01.300168
2528,1422,CANCELLED,2026-05-12 19:44:01.300168
2529,1423,DELIVERING,2026-04-20 16:07:01.300168
2530,1423,DELIVERED,2026-04-20 16:36:01.300168
2531,1424,DELIVERING,2026-05-13 02:54:01.300168
2532,1424,DELIVERED,2026-05-13 03:18:01.300168
2533,1425,CANCELLED,2026-05-14 20:20:01.300168
2534,1426,DELIVERING,2026-05-03 10:44:01.300168
2535,1426,DELIVERED,2026-05-03 11:21:01.300168
2536,1427,DELIVERING,2026-04-24 15:59:01.300168
2537,1427,DELIVERED,2026-04-24 16:31:01.300168
2538,1428,DELIVERING,2026-04-26 15:33:01.300168
2539,1428,DELIVERED,2026-04-26 15:57:01.300168
2540,1429,DELIVERING,2026-05-10 21:56:01.300168
2541,1429,DELIVERED,2026-05-10 22:21:01.300168
2542,1430,DELIVERING,2026-04-26 03:11:01.300168
2543,1430,DELIVERED,2026-04-26 03:42:01.300168
2544,1431,DELIVERING,2026-05-08 11:50:01.300168
2545,1431,DELIVERED,2026-05-08 12:12:01.300168
2546,1432,CANCELLED,2026-05-12 12:54:01.300168
2547,1433,CANCELLED,2026-04-21 21:05:01.300168
2548,1434,DELIVERING,2026-05-05 15:06:01.300168
2549,1434,DELIVERED,2026-05-05 15:29:01.300168
2550,1435,DELIVERING,2026-04-23 00:37:01.300168
2551,1435,DELIVERED,2026-04-23 01:06:01.300168
2552,1436,DELIVERING,2026-05-15 01:08:01.300168
2553,1436,DELIVERED,2026-05-15 01:42:01.300168
2554,1437,DELIVERING,2026-05-03 09:14:01.300168
2555,1437,DELIVERED,2026-05-03 09:43:01.300168
2556,1438,CANCELLED,2026-05-11 19:18:01.300168
2557,1439,DELIVERING,2026-05-03 19:50:01.300168
2558,1439,DELIVERED,2026-05-03 20:22:01.300168
2559,1440,DELIVERING,2026-04-25 19:05:01.300168
2560,1440,DELIVERED,2026-04-25 19:24:01.300168
2561,1441,DELIVERING,2026-05-07 07:24:01.300168
2562,1441,DELIVERED,2026-05-07 07:43:01.300168
2563,1442,DELIVERING,2026-05-16 06:21:01.300168
2564,1442,DELIVERED,2026-05-16 06:58:01.300168
2565,1443,DELIVERING,2026-05-17 00:31:01.300168
2566,1443,DELIVERED,2026-05-17 01:05:01.300168
2567,1444,DELIVERING,2026-05-05 01:59:01.300168
2568,1444,DELIVERED,2026-05-05 02:17:01.300168
2569,1445,CANCELLED,2026-04-21 17:30:01.300168
2570,1446,CANCELLED,2026-05-17 09:25:01.300168
2571,1447,DELIVERING,2026-05-14 22:50:01.300168
2572,1447,DELIVERED,2026-05-14 23:07:01.300168
2573,1448,DELIVERING,2026-05-01 05:08:01.300168
2574,1448,DELIVERED,2026-05-01 05:28:01.300168
2575,1450,CANCELLED,2026-05-12 00:26:01.300168
2576,1451,CANCELLED,2026-05-07 18:55:01.300168
2577,1452,DELIVERING,2026-04-22 20:01:01.300168
2578,1452,DELIVERED,2026-04-22 20:31:01.300168
2579,1453,DELIVERING,2026-05-11 14:19:01.300168
2580,1453,DELIVERED,2026-05-11 14:47:01.300168
2581,1454,DELIVERING,2026-04-29 18:53:01.300168
2582,1454,DELIVERED,2026-04-29 19:11:01.300168
2583,1455,DELIVERING,2026-05-14 01:50:01.300168
2584,1455,DELIVERED,2026-05-14 02:21:01.300168
2585,1456,DELIVERING,2026-04-20 09:36:01.300168
2586,1456,DELIVERED,2026-04-20 10:06:01.300168
2587,1457,DELIVERING,2026-05-18 03:16:01.300168
2588,1457,DELIVERED,2026-05-18 03:42:01.300168
2589,1458,CANCELLED,2026-05-07 20:57:01.300168
2590,1459,DELIVERING,2026-05-04 15:00:01.300168
2591,1459,DELIVERED,2026-05-04 15:37:01.300168
2592,1460,DELIVERING,2026-05-07 02:47:01.300168
2593,1460,DELIVERED,2026-05-07 03:16:01.300168
2594,1461,DELIVERING,2026-04-28 08:29:01.300168
2595,1461,DELIVERED,2026-04-28 08:51:01.300168
2596,1462,DELIVERING,2026-05-08 22:19:01.300168
2597,1462,DELIVERED,2026-05-08 22:40:01.300168
2598,1463,DELIVERING,2026-05-19 05:55:01.300168
2599,1463,DELIVERED,2026-05-19 06:16:01.300168
2600,1464,DELIVERING,2026-05-14 16:42:01.300168
2601,1464,DELIVERED,2026-05-14 17:13:01.300168
2602,1465,DELIVERING,2026-04-23 00:11:01.300168
2603,1465,DELIVERED,2026-04-23 00:42:01.300168
2604,1466,DELIVERING,2026-05-19 14:07:01.300168
2605,1466,DELIVERED,2026-05-19 14:31:01.300168
2606,1467,DELIVERING,2026-05-04 20:26:01.300168
2607,1467,DELIVERED,2026-05-04 20:54:01.300168
2608,1468,DELIVERING,2026-04-25 05:33:01.300168
2609,1468,DELIVERED,2026-04-25 06:10:01.300168
2610,1469,DELIVERING,2026-04-22 23:04:01.300168
2611,1469,DELIVERED,2026-04-22 23:28:01.300168
2612,1470,DELIVERING,2026-04-25 15:39:01.300168
2613,1470,DELIVERED,2026-04-25 16:12:01.300168
2614,1471,DELIVERING,2026-05-16 15:48:01.300168
2615,1471,DELIVERED,2026-05-16 16:07:01.300168
2616,1472,DELIVERING,2026-04-25 12:18:01.300168
2617,1472,DELIVERED,2026-04-25 12:35:01.300168
2618,1473,CANCELLED,2026-04-25 16:35:01.300168
2619,1474,DELIVERING,2026-04-27 19:08:01.300168
2620,1474,DELIVERED,2026-04-27 19:25:01.300168
2621,1475,CANCELLED,2026-04-29 13:37:01.300168
2622,1476,DELIVERING,2026-05-10 18:41:01.300168
2623,1476,DELIVERED,2026-05-10 19:08:01.300168
2624,1477,CANCELLED,2026-05-12 02:01:01.300168
2625,1478,DELIVERING,2026-05-15 14:31:01.300168
2626,1478,DELIVERED,2026-05-15 14:58:01.300168
2627,1479,DELIVERING,2026-04-27 11:12:01.300168
2628,1479,DELIVERED,2026-04-27 11:30:01.300168
2629,1480,DELIVERING,2026-05-04 20:21:01.300168
2630,1480,DELIVERED,2026-05-04 20:47:01.300168
2631,1481,DELIVERING,2026-04-20 11:07:01.300168
2632,1481,DELIVERED,2026-04-20 11:41:01.300168
2633,1482,DELIVERING,2026-05-16 13:27:01.300168
2634,1482,DELIVERED,2026-05-16 14:00:01.300168
2635,1483,DELIVERING,2026-04-25 23:44:01.300168
2636,1483,DELIVERED,2026-04-26 00:07:01.300168
2637,1484,DELIVERING,2026-04-20 09:54:01.300168
2638,1484,DELIVERED,2026-04-20 10:26:01.300168
2639,1485,DELIVERING,2026-05-04 22:36:01.300168
2640,1485,DELIVERED,2026-05-04 22:52:01.300168
2641,1486,DELIVERING,2026-05-02 01:56:01.300168
2642,1486,DELIVERED,2026-05-02 02:27:01.300168
2643,1487,CANCELLED,2026-05-04 06:04:01.300168
2644,1488,DELIVERING,2026-05-06 03:07:01.300168
2645,1488,DELIVERED,2026-05-06 03:28:01.300168
2646,1489,DELIVERING,2026-05-12 15:56:01.300168
2647,1489,DELIVERED,2026-05-12 16:22:01.300168
2648,1490,DELIVERING,2026-05-13 08:36:01.300168
2649,1490,DELIVERED,2026-05-13 09:05:01.300168
2650,1491,CANCELLED,2026-04-25 14:23:01.300168
2651,1492,DELIVERING,2026-04-25 01:47:01.300168
2652,1492,DELIVERED,2026-04-25 02:18:01.300168
2653,1493,DELIVERING,2026-05-07 09:47:01.300168
2654,1493,DELIVERED,2026-05-07 10:11:01.300168
2655,1494,DELIVERING,2026-05-17 15:12:01.300168
2656,1494,DELIVERED,2026-05-17 15:44:01.300168
2657,1495,DELIVERING,2026-05-03 00:50:01.300168
2658,1495,DELIVERED,2026-05-03 01:21:01.300168
2659,1496,DELIVERING,2026-05-10 02:17:01.300168
2660,1496,DELIVERED,2026-05-10 02:36:01.300168
2661,1497,DELIVERING,2026-04-19 22:44:01.300168
2662,1497,DELIVERED,2026-04-19 22:59:01.300168
2663,1498,DELIVERING,2026-05-02 16:28:01.300168
2664,1498,DELIVERED,2026-05-02 16:58:01.300168
2665,1499,DELIVERING,2026-04-22 14:44:01.300168
2666,1499,DELIVERED,2026-04-22 15:06:01.300168
2667,1500,DELIVERING,2026-05-12 15:49:01.300168
2668,1500,DELIVERED,2026-05-12 16:09:01.300168
2669,1501,DELIVERING,2026-05-04 12:53:01.300168
2670,1501,DELIVERED,2026-05-04 13:08:01.300168
2671,1502,DELIVERING,2026-05-08 07:44:01.300168
2672,1502,DELIVERED,2026-05-08 08:19:01.300168
2673,1503,CANCELLED,2026-04-29 04:16:01.300168
2674,1504,DELIVERING,2026-05-01 05:31:01.300168
2675,1504,DELIVERED,2026-05-01 05:59:01.300168
2676,1505,CANCELLED,2026-04-26 14:25:01.300168
2677,1506,DELIVERING,2026-04-29 22:56:01.300168
2678,1506,DELIVERED,2026-04-29 23:17:01.300168
2679,1507,DELIVERING,2026-05-19 14:05:01.300168
2680,1507,DELIVERED,2026-05-19 14:28:01.300168
2681,1508,CANCELLED,2026-05-09 19:50:01.300168
2682,1509,CANCELLED,2026-04-28 09:17:01.300168
2683,1510,DELIVERING,2026-05-01 08:12:01.300168
2684,1510,DELIVERED,2026-05-01 08:39:01.300168
2685,1511,DELIVERING,2026-05-08 05:12:01.300168
2686,1511,DELIVERED,2026-05-08 05:38:01.300168
2687,1512,DELIVERING,2026-05-06 20:29:01.300168
2688,1512,DELIVERED,2026-05-06 20:54:01.300168
2689,1513,DELIVERING,2026-05-02 13:35:01.300168
2690,1513,DELIVERED,2026-05-02 13:57:01.300168
2691,1514,DELIVERING,2026-05-09 23:18:01.300168
2692,1514,DELIVERED,2026-05-09 23:46:01.300168
2693,1515,DELIVERING,2026-05-18 06:56:01.300168
2694,1515,DELIVERED,2026-05-18 07:14:01.300168
2695,1516,DELIVERING,2026-05-16 14:40:01.300168
2696,1516,DELIVERED,2026-05-16 15:08:01.300168
2697,1517,CANCELLED,2026-05-16 03:18:01.300168
2698,1518,DELIVERING,2026-04-23 14:49:01.300168
2699,1518,DELIVERED,2026-04-23 15:18:01.300168
2700,1519,DELIVERING,2026-04-29 05:48:01.300168
2701,1519,DELIVERED,2026-04-29 06:25:01.300168
2702,1520,DELIVERING,2026-05-02 15:06:01.300168
2703,1520,DELIVERED,2026-05-02 15:33:01.300168
2704,1521,DELIVERING,2026-05-17 02:44:01.300168
2705,1521,DELIVERED,2026-05-17 03:16:01.300168
2706,1522,DELIVERING,2026-04-21 00:22:01.300168
2707,1522,DELIVERED,2026-04-21 00:55:01.300168
2708,1523,DELIVERING,2026-05-19 11:54:01.300168
2709,1523,DELIVERED,2026-05-19 12:15:01.300168
2710,1524,DELIVERING,2026-05-16 22:58:01.300168
2711,1524,DELIVERED,2026-05-16 23:32:01.300168
2712,1525,CANCELLED,2026-05-08 08:43:01.300168
2713,1526,DELIVERING,2026-04-24 22:16:01.300168
2714,1526,DELIVERED,2026-04-24 22:52:01.300168
2715,1527,DELIVERING,2026-04-28 11:25:01.300168
2716,1527,DELIVERED,2026-04-28 11:48:01.300168
2717,1528,DELIVERING,2026-05-12 21:27:01.300168
2718,1528,DELIVERED,2026-05-12 22:03:01.300168
2719,1529,DELIVERING,2026-05-19 00:12:01.300168
2720,1529,DELIVERED,2026-05-19 00:35:01.300168
2721,1530,DELIVERING,2026-04-24 18:05:01.300168
2722,1530,DELIVERED,2026-04-24 18:32:01.300168
2723,1531,DELIVERING,2026-05-11 13:08:01.300168
2724,1531,DELIVERED,2026-05-11 13:28:01.300168
2725,1532,DELIVERING,2026-05-11 07:06:01.300168
2726,1532,DELIVERED,2026-05-11 07:39:01.300168
2727,1533,DELIVERING,2026-04-29 04:17:01.300168
2728,1533,DELIVERED,2026-04-29 04:40:01.300168
2729,1534,DELIVERING,2026-04-23 18:14:01.300168
2730,1534,DELIVERED,2026-04-23 18:48:01.300168
2731,1535,DELIVERING,2026-05-06 17:16:01.300168
2732,1535,DELIVERED,2026-05-06 17:35:01.300168
2733,1536,DELIVERING,2026-04-30 20:34:01.300168
2734,1536,DELIVERED,2026-04-30 20:59:01.300168
2735,1537,DELIVERING,2026-05-17 01:26:01.300168
2736,1537,DELIVERED,2026-05-17 01:46:01.300168
2737,1538,DELIVERING,2026-04-22 01:24:01.300168
2738,1538,DELIVERED,2026-04-22 01:52:01.300168
2739,1539,DELIVERING,2026-04-21 21:20:01.300168
2740,1539,DELIVERED,2026-04-21 21:48:01.300168
2741,1540,DELIVERING,2026-05-09 05:42:01.300168
2742,1540,DELIVERED,2026-05-09 06:07:01.300168
2743,1541,DELIVERING,2026-05-12 01:00:01.300168
2744,1541,DELIVERED,2026-05-12 01:16:01.300168
2745,1542,DELIVERING,2026-05-16 05:16:01.300168
2746,1542,DELIVERED,2026-05-16 05:40:01.300168
2747,1544,DELIVERING,2026-05-17 22:14:01.300168
2748,1544,DELIVERED,2026-05-17 22:36:01.300168
2749,1545,DELIVERING,2026-05-01 19:38:01.300168
2750,1545,DELIVERED,2026-05-01 20:08:01.300168
2751,1546,DELIVERING,2026-05-19 01:33:01.300168
2752,1546,DELIVERED,2026-05-19 01:50:01.300168
2753,1547,DELIVERING,2026-05-14 13:10:01.300168
2754,1547,DELIVERED,2026-05-14 13:34:01.300168
2755,1548,DELIVERING,2026-05-16 21:01:01.300168
2756,1548,DELIVERED,2026-05-16 21:31:01.300168
2757,1550,DELIVERING,2026-05-09 15:16:01.300168
2758,1550,DELIVERED,2026-05-09 15:33:01.300168
2759,1551,CANCELLED,2026-04-20 09:01:01.300168
2760,1552,DELIVERING,2026-05-13 17:46:01.300168
2761,1552,DELIVERED,2026-05-13 18:16:01.300168
2762,1553,DELIVERING,2026-05-16 21:19:01.300168
2763,1553,DELIVERED,2026-05-16 21:43:01.300168
2764,1554,DELIVERING,2026-05-19 04:34:01.300168
2765,1554,DELIVERED,2026-05-19 05:03:01.300168
2766,1555,DELIVERING,2026-04-28 09:41:01.300168
2767,1555,DELIVERED,2026-04-28 09:57:01.300168
2768,1556,DELIVERING,2026-04-30 19:56:01.300168
2769,1556,DELIVERED,2026-04-30 20:29:01.300168
2770,1557,DELIVERING,2026-05-02 15:53:01.300168
2771,1557,DELIVERED,2026-05-02 16:26:01.300168
2772,1558,DELIVERING,2026-04-26 01:51:01.300168
2773,1558,DELIVERED,2026-04-26 02:22:01.300168
2774,1559,DELIVERING,2026-05-12 13:08:01.300168
2775,1559,DELIVERED,2026-05-12 13:35:01.300168
2776,1560,DELIVERING,2026-04-22 07:48:01.300168
2777,1560,DELIVERED,2026-04-22 08:22:01.300168
2778,1561,DELIVERING,2026-05-10 17:52:01.300168
2779,1561,DELIVERED,2026-05-10 18:07:01.300168
2780,1562,DELIVERING,2026-05-12 10:30:01.300168
2781,1562,DELIVERED,2026-05-12 10:47:01.300168
2782,1563,DELIVERING,2026-04-30 09:11:01.300168
2783,1563,DELIVERED,2026-04-30 09:33:01.300168
2784,1564,DELIVERING,2026-05-05 10:11:01.300168
2785,1564,DELIVERED,2026-05-05 10:34:01.300168
2786,1565,DELIVERING,2026-05-06 05:08:01.300168
2787,1565,DELIVERED,2026-05-06 05:41:01.300168
2788,1566,DELIVERING,2026-05-15 17:42:01.300168
2789,1566,DELIVERED,2026-05-15 18:04:01.300168
2790,1567,DELIVERING,2026-04-30 06:14:01.300168
2791,1567,DELIVERED,2026-04-30 06:39:01.300168
2792,1568,DELIVERING,2026-04-24 18:44:01.300168
2793,1568,DELIVERED,2026-04-24 19:10:01.300168
2794,1570,DELIVERING,2026-05-03 19:15:01.300168
2795,1570,DELIVERED,2026-05-03 19:30:01.300168
2796,1571,DELIVERING,2026-04-30 09:34:01.300168
2797,1571,DELIVERED,2026-04-30 09:55:01.300168
2798,1572,DELIVERING,2026-04-21 17:23:01.300168
2799,1572,DELIVERED,2026-04-21 17:56:01.300168
2800,1573,DELIVERING,2026-04-29 04:22:01.300168
2801,1573,DELIVERED,2026-04-29 04:54:01.300168
2802,1574,DELIVERING,2026-05-01 07:59:01.300168
2803,1574,DELIVERED,2026-05-01 08:24:01.300168
2804,1575,CANCELLED,2026-04-28 05:24:01.300168
2805,1576,DELIVERING,2026-05-18 18:21:01.300168
2806,1576,DELIVERED,2026-05-18 18:45:01.300168
2807,1577,DELIVERING,2026-04-27 08:55:01.300168
2808,1577,DELIVERED,2026-04-27 09:26:01.300168
2809,1578,DELIVERING,2026-05-02 15:25:01.300168
2810,1578,DELIVERED,2026-05-02 16:04:01.300168
2811,1579,DELIVERING,2026-05-17 22:30:01.300168
2812,1579,DELIVERED,2026-05-17 22:57:01.300168
2813,1580,DELIVERING,2026-05-15 00:54:01.300168
2814,1580,DELIVERED,2026-05-15 01:27:01.300168
2815,1581,CANCELLED,2026-05-14 00:42:01.300168
2816,1582,DELIVERING,2026-05-07 11:01:01.300168
2817,1582,DELIVERED,2026-05-07 11:30:01.300168
2818,1583,DELIVERING,2026-05-13 01:44:01.300168
2819,1583,DELIVERED,2026-05-13 02:04:01.300168
2820,1584,DELIVERING,2026-05-12 19:15:01.300168
2821,1584,DELIVERED,2026-05-12 19:48:01.300168
2822,1585,DELIVERING,2026-04-20 06:41:01.300168
2823,1585,DELIVERED,2026-04-20 07:17:01.300168
2824,1586,DELIVERING,2026-05-17 12:34:01.300168
2825,1586,DELIVERED,2026-05-17 12:51:01.300168
2826,1587,DELIVERING,2026-04-25 08:22:01.300168
2827,1587,DELIVERED,2026-04-25 08:42:01.300168
2828,1588,DELIVERING,2026-05-04 14:54:01.300168
2829,1588,DELIVERED,2026-05-04 15:28:01.300168
2830,1589,CANCELLED,2026-05-12 04:20:01.300168
2831,1590,DELIVERING,2026-05-07 09:00:01.300168
2832,1590,DELIVERED,2026-05-07 09:23:01.300168
2833,1591,CANCELLED,2026-05-11 03:15:01.300168
2834,1592,DELIVERING,2026-05-14 07:24:01.300168
2835,1592,DELIVERED,2026-05-14 07:54:01.300168
2836,1593,DELIVERING,2026-05-08 20:51:01.300168
2837,1593,DELIVERED,2026-05-08 21:07:01.300168
2838,1594,DELIVERING,2026-05-17 17:16:01.300168
2839,1594,DELIVERED,2026-05-17 17:45:01.300168
2840,1595,DELIVERING,2026-05-09 01:19:01.300168
2841,1595,DELIVERED,2026-05-09 01:34:01.300168
2842,1596,DELIVERING,2026-04-27 16:14:01.300168
2843,1596,DELIVERED,2026-04-27 16:43:01.300168
2844,1597,DELIVERING,2026-04-20 08:51:01.300168
2845,1597,DELIVERED,2026-04-20 09:04:01.300168
2846,1598,DELIVERING,2026-04-24 20:08:01.300168
2847,1598,DELIVERED,2026-04-24 20:42:01.300168
2848,1599,DELIVERING,2026-05-01 00:11:01.300168
2849,1599,DELIVERED,2026-05-01 00:44:01.300168
2850,1600,DELIVERING,2026-05-19 15:31:01.300168
2851,1600,DELIVERED,2026-05-19 16:01:01.300168
2852,1601,DELIVERING,2026-05-14 12:42:01.300168
2853,1601,DELIVERED,2026-05-14 13:07:01.300168
2854,1602,DELIVERING,2026-04-28 08:26:01.300168
2855,1602,DELIVERED,2026-04-28 09:01:01.300168
2856,1603,DELIVERING,2026-04-24 08:52:01.300168
2857,1603,DELIVERED,2026-04-24 09:23:01.300168
2858,1604,DELIVERING,2026-04-30 02:50:01.300168
2859,1604,DELIVERED,2026-04-30 03:14:01.300168
2860,1605,DELIVERING,2026-05-09 11:24:01.300168
2861,1605,DELIVERED,2026-05-09 11:55:01.300168
2862,1606,DELIVERING,2026-04-30 13:32:01.300168
2863,1606,DELIVERED,2026-04-30 14:00:01.300168
2864,1607,DELIVERING,2026-04-19 19:37:01.300168
2865,1607,DELIVERED,2026-04-19 19:58:01.300168
2866,1608,DELIVERING,2026-05-06 04:17:01.300168
2867,1608,DELIVERED,2026-05-06 04:46:01.300168
2868,1609,DELIVERING,2026-05-08 22:29:01.300168
2869,1609,DELIVERED,2026-05-08 23:01:01.300168
2870,1610,DELIVERING,2026-05-01 14:44:01.300168
2871,1610,DELIVERED,2026-05-01 15:12:01.300168
2872,1611,DELIVERING,2026-05-11 11:17:01.300168
2873,1611,DELIVERED,2026-05-11 11:35:01.300168
2874,1612,DELIVERING,2026-04-30 20:49:01.300168
2875,1612,DELIVERED,2026-04-30 21:07:01.300168
2876,1613,DELIVERING,2026-04-24 09:03:01.300168
2877,1613,DELIVERED,2026-04-24 09:30:01.300168
2878,1614,DELIVERING,2026-04-20 16:26:01.300168
2879,1614,DELIVERED,2026-04-20 17:01:01.300168
2880,1615,DELIVERING,2026-05-04 23:10:01.300168
2881,1615,DELIVERED,2026-05-04 23:39:01.300168
2882,1616,CANCELLED,2026-05-05 04:47:01.300168
2883,1617,DELIVERING,2026-04-25 15:03:01.300168
2884,1617,DELIVERED,2026-04-25 15:25:01.300168
2885,1618,DELIVERING,2026-04-20 12:37:01.300168
2886,1618,DELIVERED,2026-04-20 13:08:01.300168
2887,1619,DELIVERING,2026-05-11 03:15:01.300168
2888,1619,DELIVERED,2026-05-11 03:42:01.300168
2889,1620,DELIVERING,2026-04-23 04:01:01.300168
2890,1620,DELIVERED,2026-04-23 04:17:01.300168
2891,1621,DELIVERING,2026-04-26 18:07:01.300168
2892,1621,DELIVERED,2026-04-26 18:24:01.300168
2893,1622,DELIVERING,2026-05-11 11:56:01.300168
2894,1622,DELIVERED,2026-05-11 12:34:01.300168
2895,1623,DELIVERING,2026-05-04 00:28:01.300168
2896,1623,DELIVERED,2026-05-04 00:53:01.300168
2897,1624,CANCELLED,2026-04-23 12:33:01.300168
2898,1625,DELIVERING,2026-04-25 05:11:01.300168
2899,1625,DELIVERED,2026-04-25 05:47:01.300168
2900,1626,DELIVERING,2026-05-09 19:27:01.300168
2901,1626,DELIVERED,2026-05-09 19:51:01.300168
2902,1627,DELIVERING,2026-04-28 04:34:01.300168
2903,1627,DELIVERED,2026-04-28 05:10:01.300168
2904,1628,DELIVERING,2026-04-29 11:16:01.300168
2905,1628,DELIVERED,2026-04-29 11:44:01.300168
2906,1629,DELIVERING,2026-04-25 04:03:01.300168
2907,1629,DELIVERED,2026-04-25 04:25:01.300168
2908,1630,CANCELLED,2026-04-30 10:55:01.300168
2909,1631,DELIVERING,2026-05-18 11:27:01.300168
2910,1631,DELIVERED,2026-05-18 11:53:01.300168
2911,1632,DELIVERING,2026-05-03 21:36:01.300168
2912,1632,DELIVERED,2026-05-03 21:55:01.300168
2913,1633,DELIVERING,2026-04-20 10:45:01.300168
2914,1633,DELIVERED,2026-04-20 11:16:01.300168
2915,1634,DELIVERING,2026-05-15 23:35:01.300168
2916,1634,DELIVERED,2026-05-16 00:04:01.300168
2917,1635,DELIVERING,2026-04-20 14:35:01.300168
2918,1635,DELIVERED,2026-04-20 15:12:01.300168
2919,1636,DELIVERING,2026-05-01 14:52:01.300168
2920,1636,DELIVERED,2026-05-01 15:15:01.300168
2921,1637,DELIVERING,2026-05-01 17:29:01.300168
2922,1637,DELIVERED,2026-05-01 18:00:01.300168
2923,1638,DELIVERING,2026-05-19 14:55:01.300168
2924,1638,DELIVERED,2026-05-19 15:27:01.300168
2925,1639,DELIVERING,2026-05-09 16:33:01.300168
2926,1639,DELIVERED,2026-05-09 17:00:01.300168
2927,1641,DELIVERING,2026-04-28 03:30:01.300168
2928,1641,DELIVERED,2026-04-28 03:45:01.300168
2929,1642,DELIVERING,2026-05-15 00:45:01.300168
2930,1642,DELIVERED,2026-05-15 01:07:01.300168
2931,1643,DELIVERING,2026-04-24 13:37:01.300168
2932,1643,DELIVERED,2026-04-24 14:12:01.300168
2933,1644,CANCELLED,2026-04-21 06:53:01.300168
2934,1645,DELIVERING,2026-04-22 01:50:01.300168
2935,1645,DELIVERED,2026-04-22 02:13:01.300168
2936,1646,DELIVERING,2026-05-16 12:03:01.300168
2937,1646,DELIVERED,2026-05-16 12:24:01.300168
2938,1647,CANCELLED,2026-05-03 11:04:01.300168
2939,1648,DELIVERING,2026-05-05 10:58:01.300168
2940,1648,DELIVERED,2026-05-05 11:35:01.300168
2941,1649,DELIVERING,2026-04-23 15:54:01.300168
2942,1649,DELIVERED,2026-04-23 16:31:01.300168
2943,1650,DELIVERING,2026-05-10 05:25:01.300168
2944,1650,DELIVERED,2026-05-10 05:49:01.300168
2945,1651,DELIVERING,2026-05-02 05:21:01.300168
2946,1651,DELIVERED,2026-05-02 05:43:01.300168
2947,1652,DELIVERING,2026-05-01 10:22:01.300168
2948,1652,DELIVERED,2026-05-01 10:48:01.300168
2949,1653,DELIVERING,2026-04-24 02:08:01.300168
2950,1653,DELIVERED,2026-04-24 02:38:01.300168
2951,1654,DELIVERING,2026-05-17 14:37:01.300168
2952,1654,DELIVERED,2026-05-17 14:58:01.300168
2953,1655,CANCELLED,2026-05-15 17:08:01.300168
2954,1656,DELIVERING,2026-04-30 00:42:01.300168
2955,1656,DELIVERED,2026-04-30 01:09:01.300168
2956,1657,DELIVERING,2026-04-30 04:43:01.300168
2957,1657,DELIVERED,2026-04-30 05:12:01.300168
2958,1658,CANCELLED,2026-04-23 07:37:01.300168
2959,1659,DELIVERING,2026-04-29 20:36:01.300168
2960,1659,DELIVERED,2026-04-29 21:06:01.300168
2961,1660,DELIVERING,2026-04-27 13:42:01.300168
2962,1660,DELIVERED,2026-04-27 14:02:01.300168
2963,1661,DELIVERING,2026-04-22 14:31:01.300168
2964,1661,DELIVERED,2026-04-22 14:49:01.300168
2965,1662,DELIVERING,2026-04-27 00:45:01.300168
2966,1662,DELIVERED,2026-04-27 01:07:01.300168
2967,1663,DELIVERING,2026-05-16 16:01:01.300168
2968,1663,DELIVERED,2026-05-16 16:22:01.300168
2969,1664,DELIVERING,2026-05-11 18:00:01.300168
2970,1664,DELIVERED,2026-05-11 18:29:01.300168
2971,1665,DELIVERING,2026-05-07 11:52:01.300168
2972,1665,DELIVERED,2026-05-07 12:23:01.300168
2973,1666,DELIVERING,2026-05-06 22:55:01.300168
2974,1666,DELIVERED,2026-05-06 23:19:01.300168
2975,1667,DELIVERING,2026-05-14 01:13:01.300168
2976,1667,DELIVERED,2026-05-14 01:30:01.300168
2977,1668,DELIVERING,2026-05-12 12:45:01.300168
2978,1668,DELIVERED,2026-05-12 13:23:01.300168
2979,1669,CANCELLED,2026-04-22 22:17:01.300168
2980,1670,DELIVERING,2026-04-25 04:16:01.300168
2981,1670,DELIVERED,2026-04-25 04:35:01.300168
2982,1671,DELIVERING,2026-05-14 17:20:01.300168
2983,1671,DELIVERED,2026-05-14 17:37:01.300168
2984,1672,DELIVERING,2026-05-18 05:39:01.300168
2985,1672,DELIVERED,2026-05-18 06:13:01.300168
2986,1673,DELIVERING,2026-05-16 19:38:01.300168
2987,1673,DELIVERED,2026-05-16 20:06:01.300168
2988,1674,DELIVERING,2026-05-06 07:59:01.300168
2989,1674,DELIVERED,2026-05-06 08:13:01.300168
2990,1675,DELIVERING,2026-04-20 21:11:01.300168
2991,1675,DELIVERED,2026-04-20 21:44:01.300168
2992,1676,CANCELLED,2026-05-17 03:28:01.300168
2993,1677,DELIVERING,2026-04-26 01:50:01.300168
2994,1677,DELIVERED,2026-04-26 02:13:01.300168
2995,1678,DELIVERING,2026-04-26 16:30:01.300168
2996,1678,DELIVERED,2026-04-26 16:45:01.300168
2997,1679,DELIVERING,2026-05-03 18:37:01.300168
2998,1679,DELIVERED,2026-05-03 19:08:01.300168
2999,1680,DELIVERING,2026-05-08 02:54:01.300168
3000,1680,DELIVERED,2026-05-08 03:22:01.300168
3001,1681,DELIVERING,2026-05-08 00:27:01.300168
3002,1681,DELIVERED,2026-05-08 00:47:01.300168
3003,1682,DELIVERING,2026-04-30 09:02:01.300168
3004,1682,DELIVERED,2026-04-30 09:31:01.300168
3005,1683,DELIVERING,2026-05-04 05:56:01.300168
3006,1683,DELIVERED,2026-05-04 06:25:01.300168
3007,1684,DELIVERING,2026-05-01 14:18:01.300168
3008,1684,DELIVERED,2026-05-01 14:45:01.300168
3009,1685,DELIVERING,2026-05-07 20:49:01.300168
3010,1685,DELIVERED,2026-05-07 21:19:01.300168
3011,1686,DELIVERING,2026-05-04 15:09:01.300168
3012,1686,DELIVERED,2026-05-04 15:32:01.300168
3013,1687,DELIVERING,2026-05-06 04:10:01.300168
3014,1687,DELIVERED,2026-05-06 04:39:01.300168
3015,1688,DELIVERING,2026-05-11 22:54:01.300168
3016,1688,DELIVERED,2026-05-11 23:25:01.300168
3017,1689,DELIVERING,2026-05-15 07:16:01.300168
3018,1689,DELIVERED,2026-05-15 07:38:01.300168
3019,1691,DELIVERING,2026-05-14 05:55:01.300168
3020,1691,DELIVERED,2026-05-14 06:17:01.300168
3021,1692,DELIVERING,2026-05-02 09:49:01.300168
3022,1692,DELIVERED,2026-05-02 10:20:01.300168
3023,1693,DELIVERING,2026-05-01 12:32:01.300168
3024,1693,DELIVERED,2026-05-01 13:02:01.300168
3025,1695,CANCELLED,2026-05-19 14:21:01.300168
3026,1696,DELIVERING,2026-05-18 19:54:01.300168
3027,1696,DELIVERED,2026-05-18 20:17:01.300168
3028,1697,DELIVERING,2026-05-10 11:10:01.300168
3029,1697,DELIVERED,2026-05-10 11:30:01.300168
3030,1698,DELIVERING,2026-04-25 00:46:01.300168
3031,1698,DELIVERED,2026-04-25 01:18:01.300168
3032,1699,DELIVERING,2026-04-22 20:03:01.300168
3033,1699,DELIVERED,2026-04-22 20:37:01.300168
3034,1700,DELIVERING,2026-05-07 03:33:01.300168
3035,1700,DELIVERED,2026-05-07 03:48:01.300168
3036,1701,DELIVERING,2026-05-07 11:03:01.300168
3037,1701,DELIVERED,2026-05-07 11:35:01.300168
3038,1702,DELIVERING,2026-04-27 13:40:01.300168
3039,1702,DELIVERED,2026-04-27 14:01:01.300168
3040,1703,DELIVERING,2026-04-27 15:54:01.300168
3041,1703,DELIVERED,2026-04-27 16:18:01.300168
3042,1704,DELIVERING,2026-05-13 22:30:01.300168
3043,1704,DELIVERED,2026-05-13 22:54:01.300168
3044,1705,DELIVERING,2026-05-17 23:03:01.300168
3045,1705,DELIVERED,2026-05-17 23:21:01.300168
3046,1706,DELIVERING,2026-04-20 07:35:01.300168
3047,1706,DELIVERED,2026-04-20 07:58:01.300168
3048,1707,DELIVERING,2026-04-23 19:58:01.300168
3049,1707,DELIVERED,2026-04-23 20:15:01.300168
3050,1708,DELIVERING,2026-04-25 19:41:01.300168
3051,1708,DELIVERED,2026-04-25 20:18:01.300168
3052,1709,DELIVERING,2026-04-20 20:13:01.300168
3053,1709,DELIVERED,2026-04-20 20:35:01.300168
3054,1710,DELIVERING,2026-04-29 17:45:01.300168
3055,1710,DELIVERED,2026-04-29 18:24:01.300168
3056,1711,DELIVERING,2026-05-05 05:32:01.300168
3057,1711,DELIVERED,2026-05-05 05:52:01.300168
3058,1712,DELIVERING,2026-04-22 00:05:01.300168
3059,1712,DELIVERED,2026-04-22 00:30:01.300168
3060,1713,CANCELLED,2026-04-21 22:43:01.300168
3061,1714,DELIVERING,2026-05-17 11:42:01.300168
3062,1714,DELIVERED,2026-05-17 12:12:01.300168
3063,1715,DELIVERING,2026-04-23 14:38:01.300168
3064,1715,DELIVERED,2026-04-23 15:02:01.300168
3065,1717,DELIVERING,2026-04-29 21:32:01.300168
3066,1717,DELIVERED,2026-04-29 22:05:01.300168
3067,1718,DELIVERING,2026-04-25 21:40:01.300168
3068,1718,DELIVERED,2026-04-25 21:56:01.300168
3069,1719,CANCELLED,2026-05-05 10:23:01.300168
3070,1720,CANCELLED,2026-05-03 06:37:01.300168
3071,1721,CANCELLED,2026-05-08 16:31:01.300168
3072,1722,DELIVERING,2026-04-19 22:33:01.300168
3073,1722,DELIVERED,2026-04-19 23:04:01.300168
3074,1723,DELIVERING,2026-04-24 13:29:01.300168
3075,1723,DELIVERED,2026-04-24 13:50:01.300168
3076,1724,DELIVERING,2026-05-19 08:01:01.300168
3077,1724,DELIVERED,2026-05-19 08:28:01.300168
3078,1725,DELIVERING,2026-04-26 05:01:01.300168
3079,1725,DELIVERED,2026-04-26 05:38:01.300168
3080,1726,DELIVERING,2026-04-21 11:18:01.300168
3081,1726,DELIVERED,2026-04-21 11:50:01.300168
3082,1727,DELIVERING,2026-04-28 20:54:01.300168
3083,1727,DELIVERED,2026-04-28 21:29:01.300168
3084,1728,DELIVERING,2026-05-14 03:30:01.300168
3085,1728,DELIVERED,2026-05-14 03:58:01.300168
3086,1729,DELIVERING,2026-05-10 15:31:01.300168
3087,1729,DELIVERED,2026-05-10 16:08:01.300168
3088,1730,DELIVERING,2026-05-18 00:59:01.300168
3089,1730,DELIVERED,2026-05-18 01:29:01.300168
3090,1731,DELIVERING,2026-05-07 03:56:01.300168
3091,1731,DELIVERED,2026-05-07 04:32:01.300168
3092,1732,DELIVERING,2026-05-17 21:19:01.300168
3093,1732,DELIVERED,2026-05-17 21:42:01.300168
3094,1733,DELIVERING,2026-05-10 12:36:01.300168
3095,1733,DELIVERED,2026-05-10 12:53:01.300168
3096,1734,DELIVERING,2026-04-30 16:56:01.300168
3097,1734,DELIVERED,2026-04-30 17:32:01.300168
3098,1735,DELIVERING,2026-05-03 08:04:01.300168
3099,1735,DELIVERED,2026-05-03 08:26:01.300168
3100,1736,DELIVERING,2026-05-13 17:02:01.300168
3101,1736,DELIVERED,2026-05-13 17:28:01.300168
3102,1737,DELIVERING,2026-04-21 00:29:01.300168
3103,1737,DELIVERED,2026-04-21 00:50:01.300168
3104,1738,DELIVERING,2026-04-29 23:23:01.300168
3105,1738,DELIVERED,2026-04-29 23:51:01.300168
3106,1739,DELIVERING,2026-05-18 06:17:01.300168
3107,1739,DELIVERED,2026-05-18 06:45:01.300168
3108,1740,DELIVERING,2026-05-17 12:24:01.300168
3109,1740,DELIVERED,2026-05-17 12:51:01.300168
3110,1741,DELIVERING,2026-05-15 07:08:01.300168
3111,1741,DELIVERED,2026-05-15 07:28:01.300168
3112,1742,DELIVERING,2026-05-03 09:24:01.300168
3113,1742,DELIVERED,2026-05-03 09:42:01.300168
3114,1743,CANCELLED,2026-05-14 04:16:01.300168
3115,1744,DELIVERING,2026-05-01 23:12:01.300168
3116,1744,DELIVERED,2026-05-01 23:38:01.300168
3117,1745,DELIVERING,2026-04-25 21:05:01.300168
3118,1745,DELIVERED,2026-04-25 21:37:01.300168
3119,1746,DELIVERING,2026-05-13 13:21:01.300168
3120,1746,DELIVERED,2026-05-13 13:53:01.300168
3121,1747,DELIVERING,2026-05-10 08:57:01.300168
3122,1747,DELIVERED,2026-05-10 09:32:01.300168
3123,1748,DELIVERING,2026-05-10 21:25:01.300168
3124,1748,DELIVERED,2026-05-10 21:42:01.300168
3125,1749,DELIVERING,2026-05-15 14:08:01.300168
3126,1749,DELIVERED,2026-05-15 14:32:01.300168
3127,1750,DELIVERING,2026-05-08 07:25:01.300168
3128,1750,DELIVERED,2026-05-08 07:52:01.300168
3129,1751,DELIVERING,2026-05-01 10:44:01.300168
3130,1751,DELIVERED,2026-05-01 11:06:01.300168
3131,1752,DELIVERING,2026-05-03 08:21:01.300168
3132,1752,DELIVERED,2026-05-03 08:44:01.300168
3133,1754,DELIVERING,2026-05-09 13:33:01.300168
3134,1754,DELIVERED,2026-05-09 14:04:01.300168
3135,1755,DELIVERING,2026-05-15 00:36:01.300168
3136,1755,DELIVERED,2026-05-15 01:11:01.300168
3137,1756,DELIVERING,2026-05-17 13:16:01.300168
3138,1756,DELIVERED,2026-05-17 13:41:01.300168
3139,1757,DELIVERING,2026-05-01 13:33:01.300168
3140,1757,DELIVERED,2026-05-01 14:03:01.300168
3141,1758,DELIVERING,2026-05-07 12:11:01.300168
3142,1758,DELIVERED,2026-05-07 12:25:01.300168
3143,1759,DELIVERING,2026-04-21 05:01:01.300168
3144,1759,DELIVERED,2026-04-21 05:33:01.300168
3145,1760,CANCELLED,2026-04-27 18:32:01.300168
3146,1761,DELIVERING,2026-05-11 07:25:01.300168
3147,1761,DELIVERED,2026-05-11 07:45:01.300168
3148,1762,DELIVERING,2026-05-09 05:28:01.300168
3149,1762,DELIVERED,2026-05-09 06:02:01.300168
3150,1763,CANCELLED,2026-05-07 01:48:01.300168
3151,1764,DELIVERING,2026-04-23 13:23:01.300168
3152,1764,DELIVERED,2026-04-23 13:47:01.300168
3153,1766,DELIVERING,2026-04-27 05:18:01.300168
3154,1766,DELIVERED,2026-04-27 05:33:01.300168
3155,1767,DELIVERING,2026-04-26 17:54:01.300168
3156,1767,DELIVERED,2026-04-26 18:17:01.300168
3157,1768,DELIVERING,2026-05-14 01:42:01.300168
3158,1768,DELIVERED,2026-05-14 02:10:01.300168
3159,1769,DELIVERING,2026-05-09 08:16:01.300168
3160,1769,DELIVERED,2026-05-09 08:39:01.300168
3161,1770,DELIVERING,2026-04-22 17:20:01.300168
3162,1770,DELIVERED,2026-04-22 17:44:01.300168
3163,1771,DELIVERING,2026-05-11 20:32:01.300168
3164,1771,DELIVERED,2026-05-11 20:52:01.300168
3165,1772,DELIVERING,2026-05-18 06:38:01.300168
3166,1772,DELIVERED,2026-05-18 07:11:01.300168
3167,1773,DELIVERING,2026-05-10 05:12:01.300168
3168,1773,DELIVERED,2026-05-10 05:41:01.300168
3169,1774,DELIVERING,2026-05-07 06:59:01.300168
3170,1774,DELIVERED,2026-05-07 07:29:01.300168
3171,1775,DELIVERING,2026-05-17 16:46:01.300168
3172,1775,DELIVERED,2026-05-17 17:23:01.300168
3173,1777,DELIVERING,2026-05-18 03:53:01.300168
3174,1777,DELIVERED,2026-05-18 04:22:01.300168
3175,1778,DELIVERING,2026-04-26 16:17:01.300168
3176,1778,DELIVERED,2026-04-26 16:44:01.300168
3177,1779,DELIVERING,2026-04-20 19:23:01.300168
3178,1779,DELIVERED,2026-04-20 19:52:01.300168
3179,1780,DELIVERING,2026-04-28 00:18:01.300168
3180,1780,DELIVERED,2026-04-28 00:33:01.300168
3181,1781,DELIVERING,2026-05-17 02:51:01.300168
3182,1781,DELIVERED,2026-05-17 03:21:01.300168
3183,1782,DELIVERING,2026-05-05 05:13:01.300168
3184,1782,DELIVERED,2026-05-05 05:39:01.300168
3185,1783,DELIVERING,2026-05-13 08:12:01.300168
3186,1783,DELIVERED,2026-05-13 08:30:01.300168
3187,1784,DELIVERING,2026-05-08 23:46:01.300168
3188,1784,DELIVERED,2026-05-09 00:01:01.300168
3189,1785,DELIVERING,2026-05-09 00:33:01.300168
3190,1785,DELIVERED,2026-05-09 01:04:01.300168
3191,1786,DELIVERING,2026-04-27 08:04:01.300168
3192,1786,DELIVERED,2026-04-27 08:32:01.300168
3193,1787,DELIVERING,2026-05-08 15:58:01.300168
3194,1787,DELIVERED,2026-05-08 16:27:01.300168
3195,1788,DELIVERING,2026-05-09 04:14:01.300168
3196,1788,DELIVERED,2026-05-09 04:31:01.300168
3197,1789,DELIVERING,2026-04-22 22:52:01.300168
3198,1789,DELIVERED,2026-04-22 23:25:01.300168
3199,1790,DELIVERING,2026-05-19 00:27:01.300168
3200,1790,DELIVERED,2026-05-19 00:53:01.300168
3201,1791,DELIVERING,2026-05-17 07:46:01.300168
3202,1791,DELIVERED,2026-05-17 08:08:01.300168
3203,1792,DELIVERING,2026-05-13 03:50:01.300168
3204,1792,DELIVERED,2026-05-13 04:15:01.300168
3205,1793,CANCELLED,2026-05-08 13:59:01.300168
3206,1795,DELIVERING,2026-05-12 16:28:01.300168
3207,1795,DELIVERED,2026-05-12 16:48:01.300168
3208,1796,DELIVERING,2026-04-26 16:57:01.300168
3209,1796,DELIVERED,2026-04-26 17:29:01.300168
3210,1797,DELIVERING,2026-05-02 06:35:01.300168
3211,1797,DELIVERED,2026-05-02 07:11:01.300168
3212,1798,DELIVERING,2026-04-28 03:19:01.300168
3213,1798,DELIVERED,2026-04-28 03:41:01.300168
3214,1799,DELIVERING,2026-05-16 22:19:01.300168
3215,1799,DELIVERED,2026-05-16 22:38:01.300168
3216,1800,DELIVERING,2026-04-23 14:13:01.300168
3217,1800,DELIVERED,2026-04-23 14:40:01.300168
3218,1802,DELIVERING,2026-05-18 11:32:01.300168
3219,1802,DELIVERED,2026-05-18 11:51:01.300168
3220,1803,DELIVERING,2026-05-07 11:51:01.300168
3221,1803,DELIVERED,2026-05-07 12:23:01.300168
3222,1804,DELIVERING,2026-05-14 14:52:01.300168
3223,1804,DELIVERED,2026-05-14 15:32:01.300168
3224,1805,DELIVERING,2026-04-25 22:26:01.300168
3225,1805,DELIVERED,2026-04-25 22:48:01.300168
3226,1806,DELIVERING,2026-05-01 21:31:01.300168
3227,1806,DELIVERED,2026-05-01 21:52:01.300168
3228,1807,DELIVERING,2026-04-26 06:13:01.300168
3229,1807,DELIVERED,2026-04-26 06:28:01.300168
3230,1808,DELIVERING,2026-04-26 14:02:01.300168
3231,1808,DELIVERED,2026-04-26 14:23:01.300168
3232,1809,CANCELLED,2026-05-10 01:15:01.300168
3233,1810,DELIVERING,2026-05-14 16:18:01.300168
3234,1810,DELIVERED,2026-05-14 16:56:01.300168
3235,1811,DELIVERING,2026-04-25 15:56:01.300168
3236,1811,DELIVERED,2026-04-25 16:34:01.300168
3237,1812,DELIVERING,2026-04-28 10:16:01.300168
3238,1812,DELIVERED,2026-04-28 10:52:01.300168
3239,1814,DELIVERING,2026-05-04 04:08:01.300168
3240,1814,DELIVERED,2026-05-04 04:38:01.300168
3241,1815,DELIVERING,2026-05-01 05:47:01.300168
3242,1815,DELIVERED,2026-05-01 06:11:01.300168
3243,1816,DELIVERING,2026-05-08 18:10:01.300168
3244,1816,DELIVERED,2026-05-08 18:30:01.300168
3245,1817,DELIVERING,2026-05-07 02:17:01.300168
3246,1817,DELIVERED,2026-05-07 02:33:01.300168
3247,1818,DELIVERING,2026-05-15 14:55:01.300168
3248,1818,DELIVERED,2026-05-15 15:17:01.300168
3249,1819,DELIVERING,2026-04-28 14:49:01.300168
3250,1819,DELIVERED,2026-04-28 15:05:01.300168
3251,1821,DELIVERING,2026-04-27 03:31:01.300168
3252,1821,DELIVERED,2026-04-27 03:55:01.300168
3253,1822,DELIVERING,2026-05-08 10:28:01.300168
3254,1822,DELIVERED,2026-05-08 10:43:01.300168
3255,1823,DELIVERING,2026-04-24 01:58:01.300168
3256,1823,DELIVERED,2026-04-24 02:28:01.300168
3257,1824,DELIVERING,2026-04-23 22:51:01.300168
3258,1824,DELIVERED,2026-04-23 23:13:01.300168
3259,1825,DELIVERING,2026-05-07 04:51:01.300168
3260,1825,DELIVERED,2026-05-07 05:14:01.300168
3261,1826,CANCELLED,2026-05-11 15:54:01.300168
3262,1827,CANCELLED,2026-05-02 06:40:01.300168
3263,1828,DELIVERING,2026-05-14 22:50:01.300168
3264,1828,DELIVERED,2026-05-14 23:09:01.300168
3265,1829,DELIVERING,2026-05-15 13:37:01.300168
3266,1829,DELIVERED,2026-05-15 14:00:01.300168
3267,1830,DELIVERING,2026-05-08 22:51:01.300168
3268,1830,DELIVERED,2026-05-08 23:13:01.300168
3269,1831,CANCELLED,2026-04-24 00:52:01.300168
3270,1832,DELIVERING,2026-05-12 12:51:01.300168
3271,1832,DELIVERED,2026-05-12 13:24:01.300168
3272,1833,DELIVERING,2026-04-27 15:07:01.300168
3273,1833,DELIVERED,2026-04-27 15:22:01.300168
3274,1834,CANCELLED,2026-04-30 04:10:01.300168
3275,1835,DELIVERING,2026-05-06 10:16:01.300168
3276,1835,DELIVERED,2026-05-06 10:45:01.300168
3277,1836,DELIVERING,2026-04-23 08:56:01.300168
3278,1836,DELIVERED,2026-04-23 09:24:01.300168
3279,1837,DELIVERING,2026-04-30 14:03:01.300168
3280,1837,DELIVERED,2026-04-30 14:31:01.300168
3281,1838,DELIVERING,2026-05-18 19:16:01.300168
3282,1838,DELIVERED,2026-05-18 19:37:01.300168
3283,1839,DELIVERING,2026-05-05 22:38:01.300168
3284,1839,DELIVERED,2026-05-05 23:04:01.300168
3285,1840,DELIVERING,2026-05-14 12:19:01.300168
3286,1840,DELIVERED,2026-05-14 12:38:01.300168
3287,1841,DELIVERING,2026-05-07 03:39:01.300168
3288,1841,DELIVERED,2026-05-07 04:11:01.300168
3289,1842,DELIVERING,2026-05-05 13:17:01.300168
3290,1842,DELIVERED,2026-05-05 13:55:01.300168
3291,1843,DELIVERING,2026-05-01 20:37:01.300168
3292,1843,DELIVERED,2026-05-01 21:15:01.300168
3293,1844,DELIVERING,2026-04-27 02:27:01.300168
3294,1844,DELIVERED,2026-04-27 02:51:01.300168
3295,1845,DELIVERING,2026-05-10 20:13:01.300168
3296,1845,DELIVERED,2026-05-10 20:39:01.300168
3297,1846,DELIVERING,2026-04-26 14:15:01.300168
3298,1846,DELIVERED,2026-04-26 14:47:01.300168
3299,1847,DELIVERING,2026-05-09 21:33:01.300168
3300,1847,DELIVERED,2026-05-09 21:57:01.300168
3301,1848,DELIVERING,2026-05-19 17:04:01.300168
3302,1848,DELIVERED,2026-05-19 17:36:01.300168
3303,1849,DELIVERING,2026-05-19 17:55:01.300168
3304,1849,DELIVERED,2026-05-19 18:16:01.300168
3305,1850,DELIVERING,2026-05-15 21:31:01.300168
3306,1850,DELIVERED,2026-05-15 22:07:01.300168
3307,1851,DELIVERING,2026-05-19 12:28:01.300168
3308,1851,DELIVERED,2026-05-19 12:48:01.300168
3309,1852,DELIVERING,2026-05-13 10:14:01.300168
3310,1852,DELIVERED,2026-05-13 10:36:01.300168
3311,1853,DELIVERING,2026-04-22 04:45:01.300168
3312,1853,DELIVERED,2026-04-22 05:08:01.300168
3313,1854,DELIVERING,2026-05-11 18:07:01.300168
3314,1854,DELIVERED,2026-05-11 18:42:01.300168
3315,1855,DELIVERING,2026-05-19 15:02:01.300168
3316,1855,DELIVERED,2026-05-19 15:31:01.300168
3317,1856,DELIVERING,2026-05-06 13:57:01.300168
3318,1856,DELIVERED,2026-05-06 14:29:01.300168
3319,1857,DELIVERING,2026-04-21 03:36:01.300168
3320,1857,DELIVERED,2026-04-21 04:13:01.300168
3321,1858,DELIVERING,2026-05-09 15:04:01.300168
3322,1858,DELIVERED,2026-05-09 15:24:01.300168
3323,1859,DELIVERING,2026-04-30 20:59:01.300168
3324,1859,DELIVERED,2026-04-30 21:28:01.300168
3325,1860,DELIVERING,2026-05-02 07:37:01.300168
3326,1860,DELIVERED,2026-05-02 08:08:01.300168
3327,1861,DELIVERING,2026-04-26 05:28:01.300168
3328,1861,DELIVERED,2026-04-26 05:48:01.300168
3329,1862,DELIVERING,2026-05-08 09:44:01.300168
3330,1862,DELIVERED,2026-05-08 10:09:01.300168
3331,1863,DELIVERING,2026-04-21 19:19:01.300168
3332,1863,DELIVERED,2026-04-21 19:40:01.300168
3333,1864,CANCELLED,2026-05-10 11:05:01.300168
3334,1865,CANCELLED,2026-05-02 11:02:01.300168
3335,1866,CANCELLED,2026-05-18 15:57:01.300168
3336,1867,DELIVERING,2026-05-14 03:56:01.300168
3337,1867,DELIVERED,2026-05-14 04:21:01.300168
3338,1868,DELIVERING,2026-05-17 00:51:01.300168
3339,1868,DELIVERED,2026-05-17 01:15:01.300168
3340,1869,DELIVERING,2026-05-01 15:43:01.300168
3341,1869,DELIVERED,2026-05-01 16:13:01.300168
3342,1870,DELIVERING,2026-04-30 19:49:01.300168
3343,1870,DELIVERED,2026-04-30 20:19:01.300168
3344,1871,DELIVERING,2026-05-01 05:29:01.300168
3345,1871,DELIVERED,2026-05-01 05:49:01.300168
3346,1872,DELIVERING,2026-04-24 13:01:01.300168
3347,1872,DELIVERED,2026-04-24 13:33:01.300168
3348,1873,DELIVERING,2026-05-17 08:15:01.300168
3349,1873,DELIVERED,2026-05-17 08:32:01.300168
3350,1874,DELIVERING,2026-05-13 17:42:01.300168
3351,1874,DELIVERED,2026-05-13 18:03:01.300168
3352,1875,DELIVERING,2026-05-19 07:35:01.300168
3353,1875,DELIVERED,2026-05-19 07:56:01.300168
3354,1876,DELIVERING,2026-05-02 21:27:01.300168
3355,1876,DELIVERED,2026-05-02 21:53:01.300168
3356,1877,DELIVERING,2026-05-02 02:07:01.300168
3357,1877,DELIVERED,2026-05-02 02:39:01.300168
3358,1878,DELIVERING,2026-05-09 12:16:01.300168
3359,1878,DELIVERED,2026-05-09 12:37:01.300168
3360,1879,DELIVERING,2026-04-25 03:55:01.300168
3361,1879,DELIVERED,2026-04-25 04:14:01.300168
3362,1880,DELIVERING,2026-04-24 01:51:01.300168
3363,1880,DELIVERED,2026-04-24 02:23:01.300168
3364,1881,DELIVERING,2026-05-15 06:58:01.300168
3365,1881,DELIVERED,2026-05-15 07:29:01.300168
3366,1882,DELIVERING,2026-04-26 13:28:01.300168
3367,1882,DELIVERED,2026-04-26 13:52:01.300168
3368,1883,DELIVERING,2026-05-13 17:10:01.300168
3369,1883,DELIVERED,2026-05-13 17:48:01.300168
3370,1885,DELIVERING,2026-04-28 05:29:01.300168
3371,1885,DELIVERED,2026-04-28 05:48:01.300168
3372,1886,DELIVERING,2026-04-28 00:20:01.300168
3373,1886,DELIVERED,2026-04-28 00:39:01.300168
3374,1887,DELIVERING,2026-05-11 04:43:01.300168
3375,1887,DELIVERED,2026-05-11 05:09:01.300168
3376,1888,DELIVERING,2026-05-09 15:06:01.300168
3377,1888,DELIVERED,2026-05-09 15:31:01.300168
3378,1889,DELIVERING,2026-05-16 10:47:01.300168
3379,1889,DELIVERED,2026-05-16 11:07:01.300168
3380,1890,DELIVERING,2026-05-01 05:00:01.300168
3381,1890,DELIVERED,2026-05-01 05:30:01.300168
3382,1891,CANCELLED,2026-05-07 13:45:01.300168
3383,1892,DELIVERING,2026-05-15 18:12:01.300168
3384,1892,DELIVERED,2026-05-15 18:32:01.300168
3385,1893,DELIVERING,2026-05-14 06:49:01.300168
3386,1893,DELIVERED,2026-05-14 07:16:01.300168
3387,1894,DELIVERING,2026-04-28 03:22:01.300168
3388,1894,DELIVERED,2026-04-28 03:47:01.300168
3389,1895,DELIVERING,2026-05-05 22:14:01.300168
3390,1895,DELIVERED,2026-05-05 22:35:01.300168
3391,1896,DELIVERING,2026-05-16 16:36:01.300168
3392,1896,DELIVERED,2026-05-16 16:58:01.300168
3393,1897,DELIVERING,2026-05-18 11:36:01.300168
3394,1897,DELIVERED,2026-05-18 12:10:01.300168
3395,1898,DELIVERING,2026-04-20 17:32:01.300168
3396,1898,DELIVERED,2026-04-20 17:52:01.300168
3397,1899,DELIVERING,2026-05-18 20:29:01.300168
3398,1899,DELIVERED,2026-05-18 20:57:01.300168
3399,1900,DELIVERING,2026-04-24 06:05:01.300168
3400,1900,DELIVERED,2026-04-24 06:24:01.300168
3401,1901,DELIVERING,2026-05-01 04:13:01.300168
3402,1901,DELIVERED,2026-05-01 04:30:01.300168
3403,1902,DELIVERING,2026-05-04 11:21:01.300168
3404,1902,DELIVERED,2026-05-04 11:43:01.300168
3405,1903,DELIVERING,2026-05-14 02:20:01.300168
3406,1903,DELIVERED,2026-05-14 02:35:01.300168
3407,1904,DELIVERING,2026-05-13 08:21:01.300168
3408,1904,DELIVERED,2026-05-13 08:34:01.300168
3409,1905,DELIVERING,2026-04-27 00:20:01.300168
3410,1905,DELIVERED,2026-04-27 00:40:01.300168
3411,1906,DELIVERING,2026-05-11 11:45:01.300168
3412,1906,DELIVERED,2026-05-11 12:17:01.300168
3413,1907,DELIVERING,2026-05-18 02:09:01.300168
3414,1907,DELIVERED,2026-05-18 02:39:01.300168
3415,1908,DELIVERING,2026-05-14 08:43:01.300168
3416,1908,DELIVERED,2026-05-14 09:03:01.300168
3417,1909,DELIVERING,2026-05-09 20:08:01.300168
3418,1909,DELIVERED,2026-05-09 20:36:01.300168
3419,1910,DELIVERING,2026-04-28 01:40:01.300168
3420,1910,DELIVERED,2026-04-28 02:05:01.300168
3421,1911,DELIVERING,2026-04-27 21:53:01.300168
3422,1911,DELIVERED,2026-04-27 22:13:01.300168
3423,1912,DELIVERING,2026-05-15 20:31:01.300168
3424,1912,DELIVERED,2026-05-15 20:49:01.300168
3425,1913,DELIVERING,2026-04-27 09:43:01.300168
3426,1913,DELIVERED,2026-04-27 10:16:01.300168
3427,1914,DELIVERING,2026-05-12 20:20:01.300168
3428,1914,DELIVERED,2026-05-12 20:39:01.300168
3429,1915,DELIVERING,2026-05-09 17:49:01.300168
3430,1915,DELIVERED,2026-05-09 18:24:01.300168
3431,1916,DELIVERING,2026-05-08 21:00:01.300168
3432,1916,DELIVERED,2026-05-08 21:37:01.300168
3433,1917,DELIVERING,2026-05-12 06:58:01.300168
3434,1917,DELIVERED,2026-05-12 07:22:01.300168
3435,1918,DELIVERING,2026-05-06 05:47:01.300168
3436,1918,DELIVERED,2026-05-06 06:06:01.300168
3437,1919,DELIVERING,2026-04-29 10:20:01.300168
3438,1919,DELIVERED,2026-04-29 10:43:01.300168
3439,1920,DELIVERING,2026-05-01 16:58:01.300168
3440,1920,DELIVERED,2026-05-01 17:28:01.300168
3441,1921,DELIVERING,2026-04-21 14:34:01.300168
3442,1921,DELIVERED,2026-04-21 14:55:01.300168
3443,1923,DELIVERING,2026-04-28 10:17:01.300168
3444,1923,DELIVERED,2026-04-28 10:52:01.300168
3445,1924,DELIVERING,2026-05-06 13:01:01.300168
3446,1924,DELIVERED,2026-05-06 13:21:01.300168
3447,1925,CANCELLED,2026-05-12 15:05:01.300168
3448,1927,DELIVERING,2026-05-10 03:45:01.300168
3449,1927,DELIVERED,2026-05-10 04:11:01.300168
3450,1928,DELIVERING,2026-04-30 22:33:01.300168
3451,1928,DELIVERED,2026-04-30 22:59:01.300168
3452,1929,DELIVERING,2026-05-18 22:59:01.300168
3453,1929,DELIVERED,2026-05-18 23:33:01.300168
3454,1930,CANCELLED,2026-05-19 16:11:01.300168
3455,1931,DELIVERING,2026-05-15 18:28:01.300168
3456,1931,DELIVERED,2026-05-15 18:57:01.300168
3457,1932,DELIVERING,2026-05-15 06:31:01.300168
3458,1932,DELIVERED,2026-05-15 07:02:01.300168
3459,1933,DELIVERING,2026-05-11 19:40:01.300168
3460,1933,DELIVERED,2026-05-11 20:12:01.300168
3461,1934,DELIVERING,2026-05-05 20:16:01.300168
3462,1934,DELIVERED,2026-05-05 20:54:01.300168
3463,1935,DELIVERING,2026-05-07 07:25:01.300168
3464,1935,DELIVERED,2026-05-07 07:56:01.300168
3465,1936,DELIVERING,2026-04-28 04:28:01.300168
3466,1936,DELIVERED,2026-04-28 04:41:01.300168
3467,1937,DELIVERING,2026-04-22 10:56:01.300168
3468,1937,DELIVERED,2026-04-22 11:15:01.300168
3469,1938,CANCELLED,2026-05-13 22:39:01.300168
3470,1939,CANCELLED,2026-04-21 14:47:01.300168
3471,1940,CANCELLED,2026-05-08 10:04:01.300168
3472,1941,DELIVERING,2026-04-20 04:57:01.300168
3473,1941,DELIVERED,2026-04-20 05:21:01.300168
3474,1942,DELIVERING,2026-05-17 07:17:01.300168
3475,1942,DELIVERED,2026-05-17 07:39:01.300168
3476,1943,DELIVERING,2026-05-07 18:01:01.300168
3477,1943,DELIVERED,2026-05-07 18:25:01.300168
3478,1944,DELIVERING,2026-05-10 09:34:01.300168
3479,1944,DELIVERED,2026-05-10 10:04:01.300168
3480,1945,DELIVERING,2026-05-09 13:35:01.300168
3481,1945,DELIVERED,2026-05-09 14:09:01.300168
3482,1946,DELIVERING,2026-05-11 03:49:01.300168
3483,1946,DELIVERED,2026-05-11 04:04:01.300168
3484,1948,DELIVERING,2026-05-18 21:22:01.300168
3485,1948,DELIVERED,2026-05-18 21:46:01.300168
3486,1949,DELIVERING,2026-05-03 13:30:01.300168
3487,1949,DELIVERED,2026-05-03 14:03:01.300168
3488,1950,DELIVERING,2026-05-12 05:32:01.300168
3489,1950,DELIVERED,2026-05-12 05:51:01.300168
3490,1951,DELIVERING,2026-04-29 00:53:01.300168
3491,1951,DELIVERED,2026-04-29 01:28:01.300168
3492,1952,DELIVERING,2026-04-25 02:34:01.300168
3493,1952,DELIVERED,2026-04-25 03:04:01.300168
3494,1953,DELIVERING,2026-05-10 09:26:01.300168
3495,1953,DELIVERED,2026-05-10 09:45:01.300168
3496,1954,DELIVERING,2026-05-03 23:14:01.300168
3497,1954,DELIVERED,2026-05-03 23:31:01.300168
3498,1955,DELIVERING,2026-04-20 11:37:01.300168
3499,1955,DELIVERED,2026-04-20 12:11:01.300168
3500,1956,DELIVERING,2026-04-24 00:38:01.300168
3501,1956,DELIVERED,2026-04-24 01:02:01.300168
3502,1957,DELIVERING,2026-05-04 03:27:01.300168
3503,1957,DELIVERED,2026-05-04 04:04:01.300168
3504,1958,DELIVERING,2026-05-12 04:22:01.300168
3505,1958,DELIVERED,2026-05-12 04:56:01.300168
3506,1959,CANCELLED,2026-04-22 01:47:01.300168
3507,1960,DELIVERING,2026-05-01 07:30:01.300168
3508,1960,DELIVERED,2026-05-01 08:08:01.300168
3509,1961,CANCELLED,2026-04-28 22:15:01.300168
3510,1962,DELIVERING,2026-05-12 21:58:01.300168
3511,1962,DELIVERED,2026-05-12 22:16:01.300168
3512,1963,DELIVERING,2026-04-27 06:01:01.300168
3513,1963,DELIVERED,2026-04-27 06:35:01.300168
3514,1964,DELIVERING,2026-05-11 02:23:01.300168
3515,1964,DELIVERED,2026-05-11 02:43:01.300168
3516,1965,DELIVERING,2026-05-17 15:28:01.300168
3517,1965,DELIVERED,2026-05-17 16:02:01.300168
3518,1966,DELIVERING,2026-05-16 09:31:01.300168
3519,1966,DELIVERED,2026-05-16 10:09:01.300168
3520,1967,DELIVERING,2026-04-29 09:42:01.300168
3521,1967,DELIVERED,2026-04-29 10:06:01.300168
3522,1968,DELIVERING,2026-04-29 07:42:01.300168
3523,1968,DELIVERED,2026-04-29 07:58:01.300168
3524,1969,DELIVERING,2026-04-20 05:47:01.300168
3525,1969,DELIVERED,2026-04-20 06:21:01.300168
3526,1970,DELIVERING,2026-04-28 05:39:01.300168
3527,1970,DELIVERED,2026-04-28 06:03:01.300168
3528,1971,DELIVERING,2026-05-07 13:42:01.300168
3529,1971,DELIVERED,2026-05-07 14:09:01.300168
3530,1972,DELIVERING,2026-05-14 09:31:01.300168
3531,1972,DELIVERED,2026-05-14 09:51:01.300168
3532,1973,DELIVERING,2026-05-12 18:36:01.300168
3533,1973,DELIVERED,2026-05-12 18:59:01.300168
3534,1974,DELIVERING,2026-04-27 07:33:01.300168
3535,1974,DELIVERED,2026-04-27 07:59:01.300168
3536,1976,DELIVERING,2026-05-09 17:20:01.300168
3537,1976,DELIVERED,2026-05-09 17:57:01.300168
3538,1977,DELIVERING,2026-05-16 14:10:01.300168
3539,1977,DELIVERED,2026-05-16 14:35:01.300168
3540,1978,DELIVERING,2026-04-27 16:27:01.300168
3541,1978,DELIVERED,2026-04-27 16:52:01.300168
3542,1979,DELIVERING,2026-04-20 17:20:01.300168
3543,1979,DELIVERED,2026-04-20 17:52:01.300168
3544,1980,CANCELLED,2026-05-19 00:40:01.300168
3545,1981,DELIVERING,2026-05-18 07:30:01.300168
3546,1981,DELIVERED,2026-05-18 07:51:01.300168
3547,1982,DELIVERING,2026-05-01 07:11:01.300168
3548,1982,DELIVERED,2026-05-01 07:45:01.300168
3549,1983,DELIVERING,2026-04-29 15:01:01.300168
3550,1983,DELIVERED,2026-04-29 15:35:01.300168
3551,1984,DELIVERING,2026-05-19 00:34:01.300168
3552,1984,DELIVERED,2026-05-19 00:51:01.300168
3553,1985,DELIVERING,2026-05-03 02:20:01.300168
3554,1985,DELIVERED,2026-05-03 02:40:01.300168
3555,1986,CANCELLED,2026-04-20 23:40:01.300168
3556,1987,DELIVERING,2026-05-02 02:39:01.300168
3557,1987,DELIVERED,2026-05-02 03:11:01.300168
3558,1988,DELIVERING,2026-04-22 01:46:01.300168
3559,1988,DELIVERED,2026-04-22 01:59:01.300168
3560,1989,DELIVERING,2026-04-23 17:24:01.300168
3561,1989,DELIVERED,2026-04-23 17:50:01.300168
3562,1990,DELIVERING,2026-04-29 05:40:01.300168
3563,1990,DELIVERED,2026-04-29 06:13:01.300168
3564,1991,DELIVERING,2026-05-01 12:25:01.300168
3565,1991,DELIVERED,2026-05-01 12:50:01.300168
3566,1992,DELIVERING,2026-05-07 00:37:01.300168
3567,1992,DELIVERED,2026-05-07 01:08:01.300168
3568,1994,DELIVERING,2026-05-14 07:21:01.300168
3569,1994,DELIVERED,2026-05-14 07:57:01.300168
3570,1995,DELIVERING,2026-05-15 14:41:01.300168
3571,1995,DELIVERED,2026-05-15 15:07:01.300168
3572,1996,DELIVERING,2026-05-02 22:54:01.300168
3573,1996,DELIVERED,2026-05-02 23:19:01.300168
3574,1997,DELIVERING,2026-04-24 19:18:01.300168
3575,1997,DELIVERED,2026-04-24 19:54:01.300168
3576,1998,DELIVERING,2026-04-20 02:38:01.300168
3577,1998,DELIVERED,2026-04-20 03:01:01.300168
3578,1999,CANCELLED,2026-04-22 11:38:01.300168
3579,2000,CANCELLED,2026-04-28 09:31:01.300168
3580,2001,CANCELLED,2026-05-19 08:19:01.300168
3581,2002,DELIVERING,2026-05-04 16:51:01.300168
3582,2002,DELIVERED,2026-05-04 17:22:01.300168
3583,2003,DELIVERING,2026-04-27 14:47:01.300168
3584,2003,DELIVERED,2026-04-27 15:24:01.300168
3585,2004,DELIVERING,2026-04-28 01:17:01.300168
3586,2004,DELIVERED,2026-04-28 01:42:01.300168
3587,2005,DELIVERING,2026-05-13 16:20:01.300168
3588,2005,DELIVERED,2026-05-13 16:38:01.300168
3589,2006,DELIVERING,2026-05-11 15:31:01.300168
3590,2006,DELIVERED,2026-05-11 15:50:01.300168
3591,2007,DELIVERING,2026-05-06 14:28:01.300168
3592,2007,DELIVERED,2026-05-06 14:45:01.300168
3593,2008,CANCELLED,2026-04-23 12:11:01.300168
3594,2009,DELIVERING,2026-04-23 19:53:01.300168
3595,2009,DELIVERED,2026-04-23 20:17:01.300168
3596,2010,DELIVERING,2026-04-20 06:23:01.300168
3597,2010,DELIVERED,2026-04-20 06:44:01.300168
3598,2011,DELIVERING,2026-04-28 17:51:01.300168
3599,2011,DELIVERED,2026-04-28 18:22:01.300168
3600,2012,DELIVERING,2026-04-25 03:04:01.300168
3601,2012,DELIVERED,2026-04-25 03:41:01.300168
3602,2013,DELIVERING,2026-05-05 06:17:01.300168
3603,2013,DELIVERED,2026-05-05 06:48:01.300168
3604,2014,DELIVERING,2026-05-09 19:04:01.300168
3605,2014,DELIVERED,2026-05-09 19:34:01.300168
3606,2015,DELIVERING,2026-05-03 09:57:01.300168
3607,2015,DELIVERED,2026-05-03 10:33:01.300168
3608,2016,CANCELLED,2026-05-19 08:13:01.300168
3609,2017,DELIVERING,2026-05-13 19:17:01.300168
3610,2017,DELIVERED,2026-05-13 19:55:01.300168
3611,2018,DELIVERING,2026-05-03 09:54:01.300168
3612,2018,DELIVERED,2026-05-03 10:24:01.300168
3613,2019,CANCELLED,2026-04-27 10:10:01.300168
3614,2020,DELIVERING,2026-04-20 09:19:01.300168
3615,2020,DELIVERED,2026-04-20 09:53:01.300168
3616,2021,CANCELLED,2026-04-22 21:38:01.300168
3617,2022,DELIVERING,2026-05-09 18:23:01.300168
3618,2022,DELIVERED,2026-05-09 18:44:01.300168
3619,2023,DELIVERING,2026-04-22 16:56:01.300168
3620,2023,DELIVERED,2026-04-22 17:27:01.300168
3621,2024,DELIVERING,2026-04-21 14:30:01.300168
3622,2024,DELIVERED,2026-04-21 15:00:01.300168
3623,2025,DELIVERING,2026-05-17 21:16:01.300168
3624,2025,DELIVERED,2026-05-17 21:49:01.300168
3625,2026,CANCELLED,2026-05-11 10:53:01.300168
3626,2027,DELIVERING,2026-05-08 01:44:01.300168
3627,2027,DELIVERED,2026-05-08 02:00:01.300168
3628,2028,CANCELLED,2026-04-27 10:01:01.300168
3629,2029,DELIVERING,2026-04-21 15:55:01.300168
3630,2029,DELIVERED,2026-04-21 16:28:01.300168
3631,2030,DELIVERING,2026-05-10 03:32:01.300168
3632,2030,DELIVERED,2026-05-10 04:08:01.300168
3633,2031,DELIVERING,2026-05-17 21:45:01.300168
3634,2031,DELIVERED,2026-05-17 22:07:01.300168
3635,2032,DELIVERING,2026-04-29 02:15:01.300168
3636,2032,DELIVERED,2026-04-29 02:33:01.300168
3637,2033,DELIVERING,2026-04-23 21:47:01.300168
3638,2033,DELIVERED,2026-04-23 22:18:01.300168
3639,2034,CANCELLED,2026-04-29 05:41:01.300168
3640,2035,DELIVERING,2026-05-09 08:14:01.300168
3641,2035,DELIVERED,2026-05-09 08:42:01.300168
3642,2036,DELIVERING,2026-04-22 06:39:01.300168
3643,2036,DELIVERED,2026-04-22 07:11:01.300168
3644,2037,DELIVERING,2026-05-16 12:30:01.300168
3645,2037,DELIVERED,2026-05-16 12:55:01.300168
3646,2038,DELIVERING,2026-05-05 10:09:01.300168
3647,2038,DELIVERED,2026-05-05 10:28:01.300168
3648,2039,DELIVERING,2026-04-27 01:27:01.300168
3649,2039,DELIVERED,2026-04-27 02:02:01.300168
3650,2040,DELIVERING,2026-04-21 00:10:01.300168
3651,2040,DELIVERED,2026-04-21 00:35:01.300168
3652,2041,DELIVERING,2026-05-11 12:20:01.300168
3653,2041,DELIVERED,2026-05-11 12:46:01.300168
3654,2043,DELIVERING,2026-05-14 10:33:01.300168
3655,2043,DELIVERED,2026-05-14 10:53:01.300168
3656,2044,DELIVERING,2026-04-27 11:28:01.300168
3657,2044,DELIVERED,2026-04-27 12:00:01.300168
3658,2045,DELIVERING,2026-05-04 15:01:01.300168
3659,2045,DELIVERED,2026-05-04 15:21:01.300168
3660,2046,DELIVERING,2026-05-18 08:27:01.300168
3661,2046,DELIVERED,2026-05-18 08:49:01.300168
3662,2047,DELIVERING,2026-05-08 12:43:01.300168
3663,2047,DELIVERED,2026-05-08 13:19:01.300168
3664,2048,DELIVERING,2026-04-26 20:01:01.300168
3665,2048,DELIVERED,2026-04-26 20:18:01.300168
3666,2049,DELIVERING,2026-05-11 18:47:01.300168
3667,2049,DELIVERED,2026-05-11 19:11:01.300168
3668,2050,DELIVERING,2026-04-27 20:51:01.300168
3669,2050,DELIVERED,2026-04-27 21:22:01.300168
3670,2051,CANCELLED,2026-04-26 02:57:01.300168
3671,2052,DELIVERING,2026-05-02 08:49:01.300168
3672,2052,DELIVERED,2026-05-02 09:12:01.300168
3673,2053,DELIVERING,2026-05-17 11:39:01.300168
3674,2053,DELIVERED,2026-05-17 12:09:01.300168
3675,2054,DELIVERING,2026-04-23 02:50:01.300168
3676,2054,DELIVERED,2026-04-23 03:21:01.300168
3677,2055,DELIVERING,2026-05-07 21:45:01.300168
3678,2055,DELIVERED,2026-05-07 22:09:01.300168
3679,2056,DELIVERING,2026-05-07 18:27:01.300168
3680,2056,DELIVERED,2026-05-07 18:58:01.300168
3681,2057,DELIVERING,2026-05-19 01:24:01.300168
3682,2057,DELIVERED,2026-05-19 01:42:01.300168
3683,2058,DELIVERING,2026-05-16 16:50:01.300168
3684,2058,DELIVERED,2026-05-16 17:09:01.300168
3685,2059,DELIVERING,2026-04-21 23:03:01.300168
3686,2059,DELIVERED,2026-04-21 23:40:01.300168
3687,2060,DELIVERING,2026-05-11 18:03:01.300168
3688,2060,DELIVERED,2026-05-11 18:29:01.300168
3689,2061,CANCELLED,2026-05-14 23:35:01.300168
3690,2062,DELIVERING,2026-05-08 14:26:01.300168
3691,2062,DELIVERED,2026-05-08 15:00:01.300168
3692,2063,CANCELLED,2026-05-17 01:37:01.300168
3693,2064,DELIVERING,2026-04-20 15:10:01.300168
3694,2064,DELIVERED,2026-04-20 15:30:01.300168
3695,2065,DELIVERING,2026-05-16 02:13:01.300168
3696,2065,DELIVERED,2026-05-16 02:38:01.300168
3697,2066,DELIVERING,2026-04-28 00:56:01.300168
3698,2066,DELIVERED,2026-04-28 01:28:01.300168
3699,2067,DELIVERING,2026-05-08 04:06:01.300168
3700,2067,DELIVERED,2026-05-08 04:36:01.300168
3701,2069,CANCELLED,2026-05-11 06:43:01.300168
3702,2070,DELIVERING,2026-04-30 20:14:01.300168
3703,2070,DELIVERED,2026-04-30 20:40:01.300168
3704,2071,DELIVERING,2026-04-30 08:24:01.300168
3705,2071,DELIVERED,2026-04-30 08:56:01.300168
3706,2072,DELIVERING,2026-05-01 01:47:01.300168
3707,2072,DELIVERED,2026-05-01 02:14:01.300168
3708,2073,DELIVERING,2026-05-12 09:37:01.300168
3709,2073,DELIVERED,2026-05-12 10:12:01.300168
3710,2074,DELIVERING,2026-04-21 04:56:01.300168
3711,2074,DELIVERED,2026-04-21 05:20:01.300168
3712,2075,CANCELLED,2026-05-04 00:39:01.300168
3713,2076,DELIVERING,2026-04-19 18:36:01.300168
3714,2076,DELIVERED,2026-04-19 19:13:01.300168
3715,2077,DELIVERING,2026-05-15 07:17:01.300168
3716,2077,DELIVERED,2026-05-15 07:46:01.300168
3717,2078,CANCELLED,2026-04-24 10:32:01.300168
3718,2079,DELIVERING,2026-05-08 10:18:01.300168
3719,2079,DELIVERED,2026-05-08 10:35:01.300168
3720,2080,DELIVERING,2026-04-25 04:30:01.300168
3721,2080,DELIVERED,2026-04-25 05:02:01.300168
3722,2081,CANCELLED,2026-04-27 04:11:01.300168
3723,2082,CANCELLED,2026-05-10 21:45:01.300168
3724,2083,DELIVERING,2026-05-09 03:08:01.300168
3725,2083,DELIVERED,2026-05-09 03:41:01.300168
3726,2084,CANCELLED,2026-04-23 09:40:01.300168
3727,2085,DELIVERING,2026-05-09 13:36:01.300168
3728,2085,DELIVERED,2026-05-09 14:06:01.300168
3729,2086,DELIVERING,2026-05-04 17:20:01.300168
3730,2086,DELIVERED,2026-05-04 17:46:01.300168
3731,2087,DELIVERING,2026-05-02 06:26:01.300168
3732,2087,DELIVERED,2026-05-02 06:57:01.300168
3733,2088,DELIVERING,2026-04-25 11:59:01.300168
3734,2088,DELIVERED,2026-04-25 12:16:01.300168
3735,2089,CANCELLED,2026-04-22 15:43:01.300168
3736,2090,DELIVERING,2026-05-14 09:57:01.300168
3737,2090,DELIVERED,2026-05-14 10:16:01.300168
3738,2091,DELIVERING,2026-04-25 13:28:01.300168
3739,2091,DELIVERED,2026-04-25 13:45:01.300168
3740,2092,DELIVERING,2026-04-21 22:22:01.300168
3741,2092,DELIVERED,2026-04-21 22:45:01.300168
3742,2093,DELIVERING,2026-05-05 08:44:01.300168
3743,2093,DELIVERED,2026-05-05 08:57:01.300168
3744,2094,DELIVERING,2026-05-12 15:38:01.300168
3745,2094,DELIVERED,2026-05-12 16:08:01.300168
3746,2095,DELIVERING,2026-04-25 20:17:01.300168
3747,2095,DELIVERED,2026-04-25 20:53:01.300168
3748,2096,DELIVERING,2026-05-06 15:56:01.300168
3749,2096,DELIVERED,2026-05-06 16:16:01.300168
3750,2097,DELIVERING,2026-05-08 20:58:01.300168
3751,2097,DELIVERED,2026-05-08 21:29:01.300168
3752,2098,DELIVERING,2026-05-19 13:28:01.300168
3753,2098,DELIVERED,2026-05-19 13:57:01.300168
3754,2099,DELIVERING,2026-05-19 16:49:01.300168
3755,2099,DELIVERED,2026-05-19 17:09:01.300168
3756,2100,DELIVERING,2026-05-03 04:35:01.300168
3757,2100,DELIVERED,2026-05-03 05:00:01.300168
3758,2101,CANCELLED,2026-05-17 13:08:01.300168
3759,2102,DELIVERING,2026-05-04 08:21:01.300168
3760,2102,DELIVERED,2026-05-04 08:43:01.300168
3761,2103,DELIVERING,2026-04-27 03:56:01.300168
3762,2103,DELIVERED,2026-04-27 04:22:01.300168
3763,2104,DELIVERING,2026-04-23 15:05:01.300168
3764,2104,DELIVERED,2026-04-23 15:32:01.300168
3765,2105,DELIVERING,2026-05-02 05:22:01.300168
3766,2105,DELIVERED,2026-05-02 05:49:01.300168
3767,2106,DELIVERING,2026-04-29 04:39:01.300168
3768,2106,DELIVERED,2026-04-29 04:58:01.300168
3769,2107,DELIVERING,2026-05-15 04:08:01.300168
3770,2107,DELIVERED,2026-05-15 04:47:01.300168
3771,2108,CANCELLED,2026-05-08 17:40:01.300168
3772,2109,DELIVERING,2026-05-10 11:36:01.300168
3773,2109,DELIVERED,2026-05-10 11:55:01.300168
3774,2110,DELIVERING,2026-04-24 02:09:01.300168
3775,2110,DELIVERED,2026-04-24 02:41:01.300168
3776,2111,DELIVERING,2026-05-18 14:54:01.300168
3777,2111,DELIVERED,2026-05-18 15:10:01.300168
3778,2112,DELIVERING,2026-05-15 22:02:01.300168
3779,2112,DELIVERED,2026-05-15 22:37:01.300168
3780,2113,DELIVERING,2026-05-09 10:58:01.300168
3781,2113,DELIVERED,2026-05-09 11:21:01.300168
3782,2114,CANCELLED,2026-05-05 18:18:01.300168
3783,2115,DELIVERING,2026-05-01 01:26:01.300168
3784,2115,DELIVERED,2026-05-01 01:54:01.300168
3785,2116,DELIVERING,2026-05-02 18:54:01.300168
3786,2116,DELIVERED,2026-05-02 19:13:01.300168
3787,2117,DELIVERING,2026-05-06 21:45:01.300168
3788,2117,DELIVERED,2026-05-06 22:08:01.300168
3789,2118,CANCELLED,2026-05-19 09:44:01.300168
3790,2119,DELIVERING,2026-05-15 23:04:01.300168
3791,2119,DELIVERED,2026-05-15 23:22:01.300168
3792,2120,DELIVERING,2026-04-30 08:25:01.300168
3793,2120,DELIVERED,2026-04-30 08:44:01.300168
3794,2121,DELIVERING,2026-05-17 19:54:01.300168
3795,2121,DELIVERED,2026-05-17 20:15:01.300168
3796,2122,DELIVERING,2026-04-28 12:35:01.300168
3797,2122,DELIVERED,2026-04-28 13:00:01.300168
3798,2123,DELIVERING,2026-05-06 21:45:01.300168
3799,2123,DELIVERED,2026-05-06 22:21:01.300168
3800,2124,DELIVERING,2026-04-29 12:32:01.300168
3801,2124,DELIVERED,2026-04-29 13:08:01.300168
3802,2125,DELIVERING,2026-05-08 20:21:01.300168
3803,2125,DELIVERED,2026-05-08 20:56:01.300168
3804,2126,DELIVERING,2026-05-04 17:48:01.300168
3805,2126,DELIVERED,2026-05-04 18:16:01.300168
3806,2128,DELIVERING,2026-05-18 17:16:01.300168
3807,2128,DELIVERED,2026-05-18 17:49:01.300168
3808,2129,DELIVERING,2026-05-04 07:30:01.300168
3809,2129,DELIVERED,2026-05-04 07:57:01.300168
3810,2130,CANCELLED,2026-05-11 14:31:01.300168
3811,2131,DELIVERING,2026-05-05 04:53:01.300168
3812,2131,DELIVERED,2026-05-05 05:22:01.300168
3813,2132,CANCELLED,2026-04-27 13:44:01.300168
3814,2133,DELIVERING,2026-05-19 17:19:01.300168
3815,2133,DELIVERED,2026-05-19 17:38:01.300168
3816,2134,DELIVERING,2026-05-10 08:00:01.300168
3817,2134,DELIVERED,2026-05-10 08:19:01.300168
3818,2135,DELIVERING,2026-05-03 19:33:01.300168
3819,2135,DELIVERED,2026-05-03 20:08:01.300168
3820,2136,DELIVERING,2026-05-17 10:58:01.300168
3821,2136,DELIVERED,2026-05-17 11:22:01.300168
3822,2137,DELIVERING,2026-04-30 10:30:01.300168
3823,2137,DELIVERED,2026-04-30 10:45:01.300168
3824,2138,CANCELLED,2026-04-21 17:19:01.300168
3825,2139,DELIVERING,2026-05-05 18:51:01.300168
3826,2139,DELIVERED,2026-05-05 19:21:01.300168
3827,2140,DELIVERING,2026-05-02 17:58:01.300168
3828,2140,DELIVERED,2026-05-02 18:33:01.300168
3829,2141,DELIVERING,2026-05-17 18:06:01.300168
3830,2141,DELIVERED,2026-05-17 18:37:01.300168
3831,2142,CANCELLED,2026-05-16 19:43:01.300168
3832,2143,DELIVERING,2026-05-08 10:06:01.300168
3833,2143,DELIVERED,2026-05-08 10:30:01.300168
3834,2144,DELIVERING,2026-05-08 10:12:01.300168
3835,2144,DELIVERED,2026-05-08 10:36:01.300168
3836,2145,DELIVERING,2026-05-14 07:35:01.300168
3837,2145,DELIVERED,2026-05-14 08:01:01.300168
3838,2146,DELIVERING,2026-04-22 18:27:01.300168
3839,2146,DELIVERED,2026-04-22 18:55:01.300168
3840,2147,DELIVERING,2026-04-27 20:46:01.300168
3841,2147,DELIVERED,2026-04-27 21:20:01.300168
3842,2148,DELIVERING,2026-05-12 17:01:01.300168
3843,2148,DELIVERED,2026-05-12 17:17:01.300168
3844,2149,DELIVERING,2026-05-10 13:54:01.300168
3845,2149,DELIVERED,2026-05-10 14:18:01.300168
3846,2150,DELIVERING,2026-05-15 22:52:01.300168
3847,2150,DELIVERED,2026-05-15 23:29:01.300168
3848,2151,DELIVERING,2026-04-25 13:10:01.300168
3849,2151,DELIVERED,2026-04-25 13:43:01.300168
3850,2152,DELIVERING,2026-05-03 00:00:01.300168
3851,2152,DELIVERED,2026-05-03 00:20:01.300168
3852,2153,DELIVERING,2026-04-27 08:23:01.300168
3853,2153,DELIVERED,2026-04-27 08:54:01.300168
3854,2154,DELIVERING,2026-05-13 14:09:01.300168
3855,2154,DELIVERED,2026-05-13 14:29:01.300168
3856,2155,DELIVERING,2026-05-12 06:48:01.300168
3857,2155,DELIVERED,2026-05-12 07:20:01.300168
3858,2156,DELIVERING,2026-05-11 06:20:01.300168
3859,2156,DELIVERED,2026-05-11 06:39:01.300168
3860,2157,CANCELLED,2026-04-25 16:48:01.300168
3861,2158,DELIVERING,2026-05-03 23:08:01.300168
3862,2158,DELIVERED,2026-05-03 23:43:01.300168
3863,2159,DELIVERING,2026-04-26 05:22:01.300168
3864,2159,DELIVERED,2026-04-26 05:39:01.300168
3865,2161,DELIVERING,2026-05-02 15:34:01.300168
3866,2161,DELIVERED,2026-05-02 15:57:01.300168
3867,2162,DELIVERING,2026-05-01 16:50:01.300168
3868,2162,DELIVERED,2026-05-01 17:18:01.300168
3869,2164,DELIVERING,2026-05-16 09:13:01.300168
3870,2164,DELIVERED,2026-05-16 09:43:01.300168
3871,2165,DELIVERING,2026-05-11 05:26:01.300168
3872,2165,DELIVERED,2026-05-11 05:58:01.300168
3873,2166,DELIVERING,2026-04-24 03:09:01.300168
3874,2166,DELIVERED,2026-04-24 03:24:01.300168
3875,2167,DELIVERING,2026-05-12 03:21:01.300168
3876,2167,DELIVERED,2026-05-12 03:54:01.300168
3877,2169,DELIVERING,2026-05-02 19:34:01.300168
3878,2169,DELIVERED,2026-05-02 19:51:01.300168
3879,2170,DELIVERING,2026-04-30 13:19:01.300168
3880,2170,DELIVERED,2026-04-30 13:40:01.300168
3881,2172,DELIVERING,2026-05-08 10:08:01.300168
3882,2172,DELIVERED,2026-05-08 10:21:01.300168
3883,2173,DELIVERING,2026-05-09 17:57:01.300168
3884,2173,DELIVERED,2026-05-09 18:25:01.300168
3885,2174,DELIVERING,2026-05-09 15:34:01.300168
3886,2174,DELIVERED,2026-05-09 16:08:01.300168
3887,2175,CANCELLED,2026-04-21 21:58:01.300168
3888,2176,DELIVERING,2026-05-08 13:58:01.300168
3889,2176,DELIVERED,2026-05-08 14:34:01.300168
3890,2177,CANCELLED,2026-04-22 08:36:01.300168
3891,2178,DELIVERING,2026-04-21 02:05:01.300168
3892,2178,DELIVERED,2026-04-21 02:25:01.300168
3893,2180,DELIVERING,2026-05-12 18:42:01.300168
3894,2180,DELIVERED,2026-05-12 19:19:01.300168
3895,2181,DELIVERING,2026-04-25 03:40:01.300168
3896,2181,DELIVERED,2026-04-25 04:15:01.300168
3897,2182,DELIVERING,2026-04-23 17:18:01.300168
3898,2182,DELIVERED,2026-04-23 17:40:01.300168
3899,2183,DELIVERING,2026-05-09 10:26:01.300168
3900,2183,DELIVERED,2026-05-09 10:54:01.300168
3901,2184,CANCELLED,2026-05-01 03:05:01.300168
3902,2185,CANCELLED,2026-05-09 09:59:01.300168
3903,2186,DELIVERING,2026-04-22 02:49:01.300168
3904,2186,DELIVERED,2026-04-22 03:11:01.300168
3905,2187,DELIVERING,2026-05-19 06:08:01.300168
3906,2187,DELIVERED,2026-05-19 06:29:01.300168
3907,2189,DELIVERING,2026-05-12 21:52:01.300168
3908,2189,DELIVERED,2026-05-12 22:23:01.300168
3909,2190,DELIVERING,2026-04-29 00:10:01.300168
3910,2190,DELIVERED,2026-04-29 00:33:01.300168
3911,2191,DELIVERING,2026-04-29 02:38:01.300168
3912,2191,DELIVERED,2026-04-29 03:05:01.300168
3913,2193,DELIVERING,2026-05-01 17:35:01.300168
3914,2193,DELIVERED,2026-05-01 18:10:01.300168
3915,2194,CANCELLED,2026-04-27 01:15:01.300168
3916,2195,DELIVERING,2026-05-18 17:59:01.300168
3917,2195,DELIVERED,2026-05-18 18:15:01.300168
3918,2196,DELIVERING,2026-05-02 03:30:01.300168
3919,2196,DELIVERED,2026-05-02 03:50:01.300168
3920,2197,DELIVERING,2026-05-07 06:43:01.300168
3921,2197,DELIVERED,2026-05-07 07:02:01.300168
3922,2198,DELIVERING,2026-04-27 22:16:01.300168
3923,2198,DELIVERED,2026-04-27 22:34:01.300168
3924,2199,CANCELLED,2026-04-23 16:00:01.300168
3925,2200,DELIVERING,2026-04-21 02:22:01.300168
3926,2200,DELIVERED,2026-04-21 02:48:01.300168
3927,2201,DELIVERING,2026-05-03 18:01:01.300168
3928,2201,DELIVERED,2026-05-03 18:25:01.300168
3929,2202,CANCELLED,2026-04-26 02:47:01.300168
3930,2203,DELIVERING,2026-05-19 14:01:01.300168
3931,2203,DELIVERED,2026-05-19 14:31:01.300168
3932,2204,DELIVERING,2026-04-23 20:31:01.300168
3933,2204,DELIVERED,2026-04-23 21:05:01.300168
3934,2205,DELIVERING,2026-05-04 20:02:01.300168
3935,2205,DELIVERED,2026-05-04 20:40:01.300168
3936,2206,DELIVERING,2026-04-22 08:04:01.300168
3937,2206,DELIVERED,2026-04-22 08:36:01.300168
3938,2207,DELIVERING,2026-05-15 15:57:01.300168
3939,2207,DELIVERED,2026-05-15 16:23:01.300168
3940,2208,DELIVERING,2026-04-25 04:15:01.300168
3941,2208,DELIVERED,2026-04-25 04:47:01.300168
3942,2209,CANCELLED,2026-05-03 06:41:01.300168
3943,2210,DELIVERING,2026-05-07 04:40:01.300168
3944,2210,DELIVERED,2026-05-07 05:07:01.300168
3945,2211,DELIVERING,2026-04-22 10:01:01.300168
3946,2211,DELIVERED,2026-04-22 10:33:01.300168
3947,2212,DELIVERING,2026-05-05 04:00:01.300168
3948,2212,DELIVERED,2026-05-05 04:39:01.300168
3949,2213,DELIVERING,2026-05-09 12:39:01.300168
3950,2213,DELIVERED,2026-05-09 13:13:01.300168
3951,2214,DELIVERING,2026-04-30 07:02:01.300168
3952,2214,DELIVERED,2026-04-30 07:20:01.300168
3953,2215,DELIVERING,2026-04-22 07:27:01.300168
3954,2215,DELIVERED,2026-04-22 07:50:01.300168
3955,2216,DELIVERING,2026-05-04 05:07:01.300168
3956,2216,DELIVERED,2026-05-04 05:27:01.300168
3957,2217,DELIVERING,2026-04-28 19:46:01.300168
3958,2217,DELIVERED,2026-04-28 20:12:01.300168
3959,2218,DELIVERING,2026-05-07 12:22:01.300168
3960,2218,DELIVERED,2026-05-07 12:48:01.300168
3961,2219,DELIVERING,2026-04-20 13:15:01.300168
3962,2219,DELIVERED,2026-04-20 13:41:01.300168
3963,2220,DELIVERING,2026-05-16 15:23:01.300168
3964,2220,DELIVERED,2026-05-16 15:49:01.300168
3965,2221,DELIVERING,2026-04-22 13:42:01.300168
3966,2221,DELIVERED,2026-04-22 14:00:01.300168
3967,2222,DELIVERING,2026-05-04 20:50:01.300168
3968,2222,DELIVERED,2026-05-04 21:22:01.300168
3969,2223,DELIVERING,2026-04-26 01:05:01.300168
3970,2223,DELIVERED,2026-04-26 01:37:01.300168
3971,2224,CANCELLED,2026-04-29 00:35:01.300168
3972,2225,DELIVERING,2026-04-25 12:37:01.300168
3973,2225,DELIVERED,2026-04-25 13:16:01.300168
3974,2226,DELIVERING,2026-05-11 23:31:01.300168
3975,2226,DELIVERED,2026-05-11 23:54:01.300168
3976,2227,DELIVERING,2026-04-30 17:08:01.300168
3977,2227,DELIVERED,2026-04-30 17:26:01.300168
3978,2228,DELIVERING,2026-04-27 16:44:01.300168
3979,2228,DELIVERED,2026-04-27 17:12:01.300168
3980,2229,DELIVERING,2026-04-28 15:11:01.300168
3981,2229,DELIVERED,2026-04-28 15:36:01.300168
3982,2230,DELIVERING,2026-05-17 21:12:01.300168
3983,2230,DELIVERED,2026-05-17 21:40:01.300168
3984,2231,DELIVERING,2026-05-16 08:28:01.300168
3985,2231,DELIVERED,2026-05-16 08:45:01.300168
3986,2232,DELIVERING,2026-04-24 22:07:01.300168
3987,2232,DELIVERED,2026-04-24 22:39:01.300168
3988,2233,DELIVERING,2026-04-30 14:20:01.300168
3989,2233,DELIVERED,2026-04-30 14:41:01.300168
3990,2234,DELIVERING,2026-04-27 19:14:01.300168
3991,2234,DELIVERED,2026-04-27 19:34:01.300168
3992,2235,DELIVERING,2026-05-16 23:21:01.300168
3993,2235,DELIVERED,2026-05-16 23:45:01.300168
3994,2236,DELIVERING,2026-04-20 05:14:01.300168
3995,2236,DELIVERED,2026-04-20 05:32:01.300168
3996,2237,DELIVERING,2026-05-11 15:43:01.300168
3997,2237,DELIVERED,2026-05-11 16:04:01.300168
3998,2239,DELIVERING,2026-05-06 15:35:01.300168
3999,2239,DELIVERED,2026-05-06 15:54:01.300168
4000,2240,DELIVERING,2026-04-24 14:55:01.300168
4001,2240,DELIVERED,2026-04-24 15:23:01.300168
4002,2241,DELIVERING,2026-04-25 18:35:01.300168
4003,2241,DELIVERED,2026-04-25 19:03:01.300168
4004,2242,CANCELLED,2026-05-16 06:43:01.300168
4005,2243,CANCELLED,2026-05-12 00:56:01.300168
4006,2244,DELIVERING,2026-04-26 01:34:01.300168
4007,2244,DELIVERED,2026-04-26 01:59:01.300168
4008,2245,DELIVERING,2026-04-30 06:01:01.300168
4009,2245,DELIVERED,2026-04-30 06:23:01.300168
4010,2246,DELIVERING,2026-05-07 22:05:01.300168
4011,2246,DELIVERED,2026-05-07 22:34:01.300168
4012,2247,DELIVERING,2026-04-23 13:32:01.300168
4013,2247,DELIVERED,2026-04-23 14:02:01.300168
4014,2249,DELIVERING,2026-04-25 11:19:01.300168
4015,2249,DELIVERED,2026-04-25 11:47:01.300168
4016,2250,DELIVERING,2026-05-15 03:06:01.300168
4017,2250,DELIVERED,2026-05-15 03:35:01.300168
4018,2251,DELIVERING,2026-05-11 04:26:01.300168
4019,2251,DELIVERED,2026-05-11 05:02:01.300168
4020,2252,CANCELLED,2026-05-14 18:55:01.300168
4021,2253,DELIVERING,2026-05-14 20:36:01.300168
4022,2253,DELIVERED,2026-05-14 21:10:01.300168
4023,2254,DELIVERING,2026-04-27 12:14:01.300168
4024,2254,DELIVERED,2026-04-27 12:33:01.300168
4025,2255,DELIVERING,2026-05-19 01:38:01.300168
4026,2255,DELIVERED,2026-05-19 02:03:01.300168
4027,2256,DELIVERING,2026-05-02 23:33:01.300168
4028,2256,DELIVERED,2026-05-03 00:03:01.300168
4029,2257,DELIVERING,2026-05-15 16:11:01.300168
4030,2257,DELIVERED,2026-05-15 16:45:01.300168
4031,2258,DELIVERING,2026-05-12 05:07:01.300168
4032,2258,DELIVERED,2026-05-12 05:35:01.300168
4033,2259,CANCELLED,2026-05-07 17:07:01.300168
4034,2260,DELIVERING,2026-04-21 11:42:01.300168
4035,2260,DELIVERED,2026-04-21 12:07:01.300168
4036,2261,DELIVERING,2026-05-05 15:24:01.300168
4037,2261,DELIVERED,2026-05-05 15:54:01.300168
4038,2262,DELIVERING,2026-05-18 00:47:01.300168
4039,2262,DELIVERED,2026-05-18 01:17:01.300168
4040,2263,DELIVERING,2026-05-12 15:03:01.300168
4041,2263,DELIVERED,2026-05-12 15:36:01.300168
4042,2264,DELIVERING,2026-04-23 18:22:01.300168
4043,2264,DELIVERED,2026-04-23 18:45:01.300168
4044,2265,DELIVERING,2026-05-12 04:57:01.300168
4045,2265,DELIVERED,2026-05-12 05:28:01.300168
4046,2266,DELIVERING,2026-05-12 09:21:01.300168
4047,2266,DELIVERED,2026-05-12 09:50:01.300168
4048,2267,DELIVERING,2026-05-02 15:40:01.300168
4049,2267,DELIVERED,2026-05-02 15:57:01.300168
4050,2268,CANCELLED,2026-05-03 11:32:01.300168
4051,2269,DELIVERING,2026-04-24 00:36:01.300168
4052,2269,DELIVERED,2026-04-24 01:15:01.300168
4053,2270,CANCELLED,2026-04-29 05:40:01.300168
4054,2271,DELIVERING,2026-04-27 10:55:01.300168
4055,2271,DELIVERED,2026-04-27 11:32:01.300168
4056,2272,DELIVERING,2026-05-07 09:16:01.300168
4057,2272,DELIVERED,2026-05-07 09:52:01.300168
4058,2273,DELIVERING,2026-05-07 18:24:01.300168
4059,2273,DELIVERED,2026-05-07 18:59:01.300168
4060,2274,DELIVERING,2026-05-07 15:10:01.300168
4061,2274,DELIVERED,2026-05-07 15:37:01.300168
4062,2275,DELIVERING,2026-05-02 15:06:01.300168
4063,2275,DELIVERED,2026-05-02 15:25:01.300168
4064,2276,DELIVERING,2026-05-01 21:06:01.300168
4065,2276,DELIVERED,2026-05-01 21:25:01.300168
4066,2277,DELIVERING,2026-05-16 12:37:01.300168
4067,2277,DELIVERED,2026-05-16 12:53:01.300168
4068,2278,CANCELLED,2026-04-23 01:40:01.300168
4069,2279,DELIVERING,2026-04-23 07:39:01.300168
4070,2279,DELIVERED,2026-04-23 08:12:01.300168
4071,2280,DELIVERING,2026-05-14 14:16:01.300168
4072,2280,DELIVERED,2026-05-14 14:53:01.300168
4073,2281,DELIVERING,2026-04-30 15:46:01.300168
4074,2281,DELIVERED,2026-04-30 16:02:01.300168
4075,2282,DELIVERING,2026-05-17 16:07:01.300168
4076,2282,DELIVERED,2026-05-17 16:39:01.300168
4077,2284,DELIVERING,2026-05-07 03:58:01.300168
4078,2284,DELIVERED,2026-05-07 04:19:01.300168
4079,2285,CANCELLED,2026-05-01 07:34:01.300168
4080,2286,DELIVERING,2026-05-01 01:01:01.300168
4081,2286,DELIVERED,2026-05-01 01:36:01.300168
4082,2287,DELIVERING,2026-05-12 03:34:01.300168
4083,2287,DELIVERED,2026-05-12 04:03:01.300168
4084,2288,DELIVERING,2026-05-08 02:17:01.300168
4085,2288,DELIVERED,2026-05-08 02:44:01.300168
4086,2289,DELIVERING,2026-05-18 01:11:01.300168
4087,2289,DELIVERED,2026-05-18 01:26:01.300168
4088,2290,DELIVERING,2026-05-18 00:52:01.300168
4089,2290,DELIVERED,2026-05-18 01:09:01.300168
4090,2291,DELIVERING,2026-05-16 12:47:01.300168
4091,2291,DELIVERED,2026-05-16 13:20:01.300168
4092,2292,CANCELLED,2026-05-18 07:30:01.300168
4093,2293,CANCELLED,2026-05-07 09:29:01.300168
4094,2295,DELIVERING,2026-04-23 08:24:01.300168
4095,2295,DELIVERED,2026-04-23 08:45:01.300168
4096,2296,DELIVERING,2026-04-22 21:25:01.300168
4097,2296,DELIVERED,2026-04-22 21:48:01.300168
4098,2297,DELIVERING,2026-04-22 07:36:01.300168
4099,2297,DELIVERED,2026-04-22 08:05:01.300168
4100,2298,DELIVERING,2026-04-24 03:53:01.300168
4101,2298,DELIVERED,2026-04-24 04:21:01.300168
4102,2299,DELIVERING,2026-04-23 10:47:01.300168
4103,2299,DELIVERED,2026-04-23 11:17:01.300168
4104,2300,CANCELLED,2026-04-23 07:35:01.300168
4105,2301,CANCELLED,2026-05-15 01:22:01.300168
4106,2303,DELIVERING,2026-05-06 10:17:01.300168
4107,2303,DELIVERED,2026-05-06 10:32:01.300168
4108,2304,DELIVERING,2026-04-20 11:44:01.300168
4109,2304,DELIVERED,2026-04-20 12:08:01.300168
4110,2305,DELIVERING,2026-05-05 22:48:01.300168
4111,2305,DELIVERED,2026-05-05 23:18:01.300168
4112,2306,DELIVERING,2026-05-06 13:59:01.300168
4113,2306,DELIVERED,2026-05-06 14:16:01.300168
4114,2307,DELIVERING,2026-05-13 12:57:01.300168
4115,2307,DELIVERED,2026-05-13 13:29:01.300168
4116,2308,DELIVERING,2026-05-03 11:41:01.300168
4117,2308,DELIVERED,2026-05-03 12:21:01.300168
4118,2309,DELIVERING,2026-04-24 14:35:01.300168
4119,2309,DELIVERED,2026-04-24 15:05:01.300168
4120,2310,DELIVERING,2026-04-26 19:21:01.300168
4121,2310,DELIVERED,2026-04-26 19:36:01.300168
4122,2311,DELIVERING,2026-04-27 21:50:01.300168
4123,2311,DELIVERED,2026-04-27 22:11:01.300168
4124,2312,DELIVERING,2026-05-04 20:12:01.300168
4125,2312,DELIVERED,2026-05-04 20:45:01.300168
4126,2313,DELIVERING,2026-05-01 13:55:01.300168
4127,2313,DELIVERED,2026-05-01 14:22:01.300168
4128,2314,DELIVERING,2026-04-23 13:49:01.300168
4129,2314,DELIVERED,2026-04-23 14:19:01.300168
4130,2315,DELIVERING,2026-04-22 19:38:01.300168
4131,2315,DELIVERED,2026-04-22 20:04:01.300168
4132,2316,DELIVERING,2026-05-10 01:47:01.300168
4133,2316,DELIVERED,2026-05-10 02:18:01.300168
4134,2317,DELIVERING,2026-05-16 10:16:01.300168
4135,2317,DELIVERED,2026-05-16 10:47:01.300168
4136,2318,DELIVERING,2026-05-02 05:30:01.300168
4137,2318,DELIVERED,2026-05-02 06:05:01.300168
4138,2320,DELIVERING,2026-04-27 13:16:01.300168
4139,2320,DELIVERED,2026-04-27 13:50:01.300168
4140,2321,DELIVERING,2026-05-16 17:57:01.300168
4141,2321,DELIVERED,2026-05-16 18:19:01.300168
4142,2322,DELIVERING,2026-05-13 20:45:01.300168
4143,2322,DELIVERED,2026-05-13 21:12:01.300168
4144,2323,CANCELLED,2026-04-22 14:44:01.300168
4145,2324,DELIVERING,2026-05-11 07:10:01.300168
4146,2324,DELIVERED,2026-05-11 07:49:01.300168
4147,2325,DELIVERING,2026-04-30 07:01:01.300168
4148,2325,DELIVERED,2026-04-30 07:26:01.300168
4149,2326,CANCELLED,2026-04-29 23:14:01.300168
4150,2327,DELIVERING,2026-04-22 19:12:01.300168
4151,2327,DELIVERED,2026-04-22 19:28:01.300168
4152,2329,DELIVERING,2026-04-27 16:47:01.300168
4153,2329,DELIVERED,2026-04-27 17:22:01.300168
4154,2330,DELIVERING,2026-05-04 03:01:01.300168
4155,2330,DELIVERED,2026-05-04 03:17:01.300168
4156,2331,DELIVERING,2026-04-21 19:42:01.300168
4157,2331,DELIVERED,2026-04-21 20:03:01.300168
4158,2332,DELIVERING,2026-05-02 13:18:01.300168
4159,2332,DELIVERED,2026-05-02 13:42:01.300168
4160,2333,DELIVERING,2026-05-13 04:16:01.300168
4161,2333,DELIVERED,2026-05-13 04:33:01.300168
4162,2334,DELIVERING,2026-05-15 08:29:01.300168
4163,2334,DELIVERED,2026-05-15 08:50:01.300168
4164,2335,CANCELLED,2026-04-29 22:32:01.300168
4165,2336,DELIVERING,2026-05-01 17:24:01.300168
4166,2336,DELIVERED,2026-05-01 17:51:01.300168
4167,2337,DELIVERING,2026-04-28 00:11:01.300168
4168,2337,DELIVERED,2026-04-28 00:35:01.300168
4169,2338,DELIVERING,2026-05-09 17:48:01.300168
4170,2338,DELIVERED,2026-05-09 18:12:01.300168
4171,2339,DELIVERING,2026-04-27 06:58:01.300168
4172,2339,DELIVERED,2026-04-27 07:36:01.300168
4173,2340,DELIVERING,2026-04-27 09:16:01.300168
4174,2340,DELIVERED,2026-04-27 09:46:01.300168
4175,2341,DELIVERING,2026-05-07 14:33:01.300168
4176,2341,DELIVERED,2026-05-07 14:50:01.300168
4177,2342,DELIVERING,2026-05-15 07:42:01.300168
4178,2342,DELIVERED,2026-05-15 08:10:01.300168
4179,2343,DELIVERING,2026-05-14 13:07:01.300168
4180,2343,DELIVERED,2026-05-14 13:31:01.300168
4181,2344,DELIVERING,2026-05-06 05:59:01.300168
4182,2344,DELIVERED,2026-05-06 06:22:01.300168
4183,2345,DELIVERING,2026-04-22 02:56:01.300168
4184,2345,DELIVERED,2026-04-22 03:29:01.300168
4185,2346,DELIVERING,2026-04-22 02:12:01.300168
4186,2346,DELIVERED,2026-04-22 02:28:01.300168
4187,2347,DELIVERING,2026-05-13 11:26:01.300168
4188,2347,DELIVERED,2026-05-13 11:54:01.300168
4189,2349,DELIVERING,2026-05-06 06:38:01.300168
4190,2349,DELIVERED,2026-05-06 07:04:01.300168
4191,2350,CANCELLED,2026-04-30 19:34:01.300168
4192,2351,DELIVERING,2026-05-16 15:33:01.300168
4193,2351,DELIVERED,2026-05-16 16:03:01.300168
4194,2352,DELIVERING,2026-05-08 16:00:01.300168
4195,2352,DELIVERED,2026-05-08 16:24:01.300168
4196,2354,DELIVERING,2026-05-01 04:52:01.300168
4197,2354,DELIVERED,2026-05-01 05:22:01.300168
4198,2355,DELIVERING,2026-04-26 00:04:01.300168
4199,2355,DELIVERED,2026-04-26 00:28:01.300168
4200,2357,DELIVERING,2026-05-09 01:31:01.300168
4201,2357,DELIVERED,2026-05-09 01:47:01.300168
4202,2358,DELIVERING,2026-04-23 03:18:01.300168
4203,2358,DELIVERED,2026-04-23 03:37:01.300168
4204,2359,DELIVERING,2026-05-11 04:44:01.300168
4205,2359,DELIVERED,2026-05-11 05:22:01.300168
4206,2360,DELIVERING,2026-05-04 12:08:01.300168
4207,2360,DELIVERED,2026-05-04 12:33:01.300168
4208,2361,DELIVERING,2026-05-15 02:56:01.300168
4209,2361,DELIVERED,2026-05-15 03:31:01.300168
4210,2362,DELIVERING,2026-04-26 14:29:01.300168
4211,2362,DELIVERED,2026-04-26 14:46:01.300168
4212,2363,DELIVERING,2026-05-01 16:16:01.300168
4213,2363,DELIVERED,2026-05-01 16:47:01.300168
4214,2364,DELIVERING,2026-05-04 05:14:01.300168
4215,2364,DELIVERED,2026-05-04 05:44:01.300168
4216,2365,DELIVERING,2026-05-08 00:10:01.300168
4217,2365,DELIVERED,2026-05-08 00:29:01.300168
4218,2366,DELIVERING,2026-05-18 11:52:01.300168
4219,2366,DELIVERED,2026-05-18 12:16:01.300168
4220,2367,DELIVERING,2026-05-14 06:10:01.300168
4221,2367,DELIVERED,2026-05-14 06:31:01.300168
4222,2368,DELIVERING,2026-05-05 18:15:01.300168
4223,2368,DELIVERED,2026-05-05 18:39:01.300168
4224,2369,DELIVERING,2026-05-11 09:09:01.300168
4225,2369,DELIVERED,2026-05-11 09:39:01.300168
4226,2370,DELIVERING,2026-04-19 20:53:01.300168
4227,2370,DELIVERED,2026-04-19 21:28:01.300168
4228,2371,DELIVERING,2026-04-28 04:53:01.300168
4229,2371,DELIVERED,2026-04-28 05:08:01.300168
4230,2372,DELIVERING,2026-04-28 18:33:01.300168
4231,2372,DELIVERED,2026-04-28 19:06:01.300168
4232,2373,DELIVERING,2026-04-29 09:32:01.300168
4233,2373,DELIVERED,2026-04-29 10:05:01.300168
4234,2374,DELIVERING,2026-05-09 00:23:01.300168
4235,2374,DELIVERED,2026-05-09 00:40:01.300168
4236,2375,DELIVERING,2026-04-26 21:18:01.300168
4237,2375,DELIVERED,2026-04-26 21:47:01.300168
4238,2376,CANCELLED,2026-04-22 05:26:01.300168
4239,2377,DELIVERING,2026-05-15 19:57:01.300168
4240,2377,DELIVERED,2026-05-15 20:17:01.300168
4241,2378,DELIVERING,2026-04-21 12:26:01.300168
4242,2378,DELIVERED,2026-04-21 12:57:01.300168
4243,2379,DELIVERING,2026-05-11 17:58:01.300168
4244,2379,DELIVERED,2026-05-11 18:27:01.300168
4245,2380,CANCELLED,2026-05-07 11:42:01.300168
4246,2381,DELIVERING,2026-05-05 09:12:01.300168
4247,2381,DELIVERED,2026-05-05 09:33:01.300168
4248,2382,DELIVERING,2026-04-30 02:39:01.300168
4249,2382,DELIVERED,2026-04-30 02:57:01.300168
4250,2383,DELIVERING,2026-05-03 11:17:01.300168
4251,2383,DELIVERED,2026-05-03 11:35:01.300168
4252,2384,CANCELLED,2026-05-11 20:56:01.300168
4253,2385,CANCELLED,2026-05-07 02:46:01.300168
4254,2386,CANCELLED,2026-05-16 02:21:01.300168
4255,2387,DELIVERING,2026-04-24 08:40:01.300168
4256,2387,DELIVERED,2026-04-24 09:08:01.300168
4257,2388,DELIVERING,2026-05-08 07:32:01.300168
4258,2388,DELIVERED,2026-05-08 08:10:01.300168
4259,2389,DELIVERING,2026-05-04 05:37:01.300168
4260,2389,DELIVERED,2026-05-04 05:58:01.300168
4261,2390,CANCELLED,2026-05-01 00:48:01.300168
4262,2391,DELIVERING,2026-05-18 07:29:01.300168
4263,2391,DELIVERED,2026-05-18 08:01:01.300168
4264,2392,DELIVERING,2026-05-12 11:32:01.300168
4265,2392,DELIVERED,2026-05-12 11:58:01.300168
4266,2393,DELIVERING,2026-04-25 00:24:01.300168
4267,2393,DELIVERED,2026-04-25 00:56:01.300168
4268,2394,DELIVERING,2026-05-02 19:07:01.300168
4269,2394,DELIVERED,2026-05-02 19:35:01.300168
4270,2395,DELIVERING,2026-04-22 04:32:01.300168
4271,2395,DELIVERED,2026-04-22 05:05:01.300168
4272,2396,DELIVERING,2026-05-14 03:45:01.300168
4273,2396,DELIVERED,2026-05-14 04:16:01.300168
4274,2397,DELIVERING,2026-04-27 20:39:01.300168
4275,2397,DELIVERED,2026-04-27 21:11:01.300168
4276,2398,CANCELLED,2026-04-25 21:04:01.300168
4277,2399,DELIVERING,2026-04-19 23:44:01.300168
4278,2399,DELIVERED,2026-04-20 00:07:01.300168
4279,2400,DELIVERING,2026-05-11 14:38:01.300168
4280,2400,DELIVERED,2026-05-11 15:15:01.300168
4281,2401,DELIVERING,2026-05-03 05:40:01.300168
4282,2401,DELIVERED,2026-05-03 06:09:01.300168
4283,2402,DELIVERING,2026-05-09 09:04:01.300168
4284,2402,DELIVERED,2026-05-09 09:23:01.300168
4285,2403,DELIVERING,2026-05-18 22:20:01.300168
4286,2403,DELIVERED,2026-05-18 22:42:01.300168
4287,2404,CANCELLED,2026-05-14 20:08:01.300168
4288,2405,DELIVERING,2026-04-22 18:01:01.300168
4289,2405,DELIVERED,2026-04-22 18:23:01.300168
4290,2406,DELIVERING,2026-05-09 21:53:01.300168
4291,2406,DELIVERED,2026-05-09 22:22:01.300168
4292,2407,CANCELLED,2026-05-10 19:10:01.300168
4293,2408,CANCELLED,2026-05-11 21:50:01.300168
4294,2409,DELIVERING,2026-04-28 09:38:01.300168
4295,2409,DELIVERED,2026-04-28 10:06:01.300168
4296,2410,DELIVERING,2026-05-13 23:05:01.300168
4297,2410,DELIVERED,2026-05-13 23:36:01.300168
4298,2411,DELIVERING,2026-05-14 02:39:01.300168
4299,2411,DELIVERED,2026-05-14 03:02:01.300168
4300,2412,DELIVERING,2026-05-18 10:46:01.300168
4301,2412,DELIVERED,2026-05-18 11:14:01.300168
4302,2413,DELIVERING,2026-05-12 02:40:01.300168
4303,2413,DELIVERED,2026-05-12 03:10:01.300168
4304,2414,DELIVERING,2026-04-23 05:47:01.300168
4305,2414,DELIVERED,2026-04-23 06:16:01.300168
4306,2415,DELIVERING,2026-05-19 04:12:01.300168
4307,2415,DELIVERED,2026-05-19 04:41:01.300168
4308,2416,DELIVERING,2026-05-08 09:45:01.300168
4309,2416,DELIVERED,2026-05-08 10:18:01.300168
4310,2417,DELIVERING,2026-05-08 11:12:01.300168
4311,2417,DELIVERED,2026-05-08 11:45:01.300168
4312,2418,DELIVERING,2026-05-13 03:47:01.300168
4313,2418,DELIVERED,2026-05-13 04:05:01.300168
4314,2419,DELIVERING,2026-05-04 07:11:01.300168
4315,2419,DELIVERED,2026-05-04 07:50:01.300168
4316,2420,DELIVERING,2026-05-08 20:48:01.300168
4317,2420,DELIVERED,2026-05-08 21:07:01.300168
4318,2421,DELIVERING,2026-05-10 08:52:01.300168
4319,2421,DELIVERED,2026-05-10 09:29:01.300168
4320,2422,DELIVERING,2026-05-01 15:15:01.300168
4321,2422,DELIVERED,2026-05-01 15:35:01.300168
4322,2423,DELIVERING,2026-04-27 21:14:01.300168
4323,2423,DELIVERED,2026-04-27 21:36:01.300168
4324,2424,DELIVERING,2026-05-11 16:49:01.300168
4325,2424,DELIVERED,2026-05-11 17:03:01.300168
4326,2425,CANCELLED,2026-04-20 03:40:01.300168
4327,2426,DELIVERING,2026-04-21 05:51:01.300168
4328,2426,DELIVERED,2026-04-21 06:20:01.300168
4329,2427,DELIVERING,2026-05-16 03:46:01.300168
4330,2427,DELIVERED,2026-05-16 04:20:01.300168
4331,2428,DELIVERING,2026-04-23 17:54:01.300168
4332,2428,DELIVERED,2026-04-23 18:16:01.300168
4333,2429,DELIVERING,2026-05-13 20:12:01.300168
4334,2429,DELIVERED,2026-05-13 20:35:01.300168
4335,2430,DELIVERING,2026-04-24 14:42:01.300168
4336,2430,DELIVERED,2026-04-24 15:02:01.300168
4337,2431,CANCELLED,2026-04-25 18:33:01.300168
4338,2432,DELIVERING,2026-05-05 19:41:01.300168
4339,2432,DELIVERED,2026-05-05 20:18:01.300168
4340,2434,DELIVERING,2026-04-29 16:00:01.300168
4341,2434,DELIVERED,2026-04-29 16:29:01.300168
4342,2435,DELIVERING,2026-05-03 09:37:01.300168
4343,2435,DELIVERED,2026-05-03 09:57:01.300168
4344,2436,DELIVERING,2026-05-16 15:21:01.300168
4345,2436,DELIVERED,2026-05-16 15:51:01.300168
4346,2437,DELIVERING,2026-05-17 13:44:01.300168
4347,2437,DELIVERED,2026-05-17 14:13:01.300168
4348,2438,DELIVERING,2026-04-21 16:45:01.300168
4349,2438,DELIVERED,2026-04-21 17:16:01.300168
4350,2439,DELIVERING,2026-04-26 21:41:01.300168
4351,2439,DELIVERED,2026-04-26 22:20:01.300168
4352,2440,DELIVERING,2026-05-19 13:01:01.300168
4353,2440,DELIVERED,2026-05-19 13:35:01.300168
4354,2442,DELIVERING,2026-05-18 12:34:01.300168
4355,2442,DELIVERED,2026-05-18 13:14:01.300168
4356,2443,DELIVERING,2026-05-04 19:53:01.300168
4357,2443,DELIVERED,2026-05-04 20:15:01.300168
4358,2444,DELIVERING,2026-04-24 19:56:01.300168
4359,2444,DELIVERED,2026-04-24 20:12:01.300168
4360,2445,DELIVERING,2026-05-11 19:23:01.300168
4361,2445,DELIVERED,2026-05-11 19:41:01.300168
4362,2446,DELIVERING,2026-04-25 03:11:01.300168
4363,2446,DELIVERED,2026-04-25 03:32:01.300168
4364,2447,DELIVERING,2026-04-22 15:14:01.300168
4365,2447,DELIVERED,2026-04-22 15:29:01.300168
4366,2448,DELIVERING,2026-04-25 05:16:01.300168
4367,2448,DELIVERED,2026-04-25 05:36:01.300168
4368,2449,DELIVERING,2026-05-12 06:06:01.300168
4369,2449,DELIVERED,2026-05-12 06:24:01.300168
4370,2450,DELIVERING,2026-04-29 08:50:01.300168
4371,2450,DELIVERED,2026-04-29 09:15:01.300168
4372,2451,DELIVERING,2026-04-23 02:38:01.300168
4373,2451,DELIVERED,2026-04-23 02:57:01.300168
4374,2452,DELIVERING,2026-05-09 04:15:01.300168
4375,2452,DELIVERED,2026-05-09 04:31:01.300168
4376,2453,DELIVERING,2026-05-08 11:51:01.300168
4377,2453,DELIVERED,2026-05-08 12:22:01.300168
4378,2454,DELIVERING,2026-05-09 09:00:01.300168
4379,2454,DELIVERED,2026-05-09 09:36:01.300168
4380,2455,DELIVERING,2026-05-07 05:49:01.300168
4381,2455,DELIVERED,2026-05-07 06:10:01.300168
4382,2456,DELIVERING,2026-05-09 18:06:01.300168
4383,2456,DELIVERED,2026-05-09 18:38:01.300168
4384,2457,DELIVERING,2026-05-18 07:48:01.300168
4385,2457,DELIVERED,2026-05-18 08:16:01.300168
4386,2458,DELIVERING,2026-04-23 19:55:01.300168
4387,2458,DELIVERED,2026-04-23 20:20:01.300168
4388,2459,DELIVERING,2026-05-11 09:09:01.300168
4389,2459,DELIVERED,2026-05-11 09:40:01.300168
4390,2460,DELIVERING,2026-05-05 05:29:01.300168
4391,2460,DELIVERED,2026-05-05 05:52:01.300168
4392,2461,DELIVERING,2026-05-08 05:49:01.300168
4393,2461,DELIVERED,2026-05-08 06:08:01.300168
4394,2462,DELIVERING,2026-05-06 10:10:01.300168
4395,2462,DELIVERED,2026-05-06 10:31:01.300168
4396,2463,DELIVERING,2026-04-28 15:09:01.300168
4397,2463,DELIVERED,2026-04-28 15:26:01.300168
4398,2464,DELIVERING,2026-05-12 17:56:01.300168
4399,2464,DELIVERED,2026-05-12 18:16:01.300168
4400,2465,DELIVERING,2026-05-07 22:41:01.300168
4401,2465,DELIVERED,2026-05-07 23:13:01.300168
4402,2466,DELIVERING,2026-05-10 10:12:01.300168
4403,2466,DELIVERED,2026-05-10 10:38:01.300168
4404,2467,CANCELLED,2026-04-26 13:57:01.300168
4405,2468,DELIVERING,2026-04-26 15:44:01.300168
4406,2468,DELIVERED,2026-04-26 16:05:01.300168
4407,2469,DELIVERING,2026-05-12 11:37:01.300168
4408,2469,DELIVERED,2026-05-12 12:04:01.300168
4409,2470,DELIVERING,2026-05-07 21:00:01.300168
4410,2470,DELIVERED,2026-05-07 21:24:01.300168
4411,2471,CANCELLED,2026-05-12 19:21:01.300168
4412,2472,DELIVERING,2026-05-05 17:12:01.300168
4413,2472,DELIVERED,2026-05-05 17:32:01.300168
4414,2473,CANCELLED,2026-05-02 16:07:01.300168
4415,2474,DELIVERING,2026-05-12 11:01:01.300168
4416,2474,DELIVERED,2026-05-12 11:20:01.300168
4417,2475,DELIVERING,2026-04-28 08:51:01.300168
4418,2475,DELIVERED,2026-04-28 09:18:01.300168
4419,2476,CANCELLED,2026-05-02 11:19:01.300168
4420,2477,DELIVERING,2026-05-10 15:02:01.300168
4421,2477,DELIVERED,2026-05-10 15:27:01.300168
4422,2478,CANCELLED,2026-05-03 21:37:01.300168
4423,2479,DELIVERING,2026-05-08 23:48:01.300168
4424,2479,DELIVERED,2026-05-09 00:21:01.300168
4425,2480,DELIVERING,2026-05-12 17:54:01.300168
4426,2480,DELIVERED,2026-05-12 18:15:01.300168
4427,2481,DELIVERING,2026-04-25 22:03:01.300168
4428,2481,DELIVERED,2026-04-25 22:34:01.300168
4429,2482,CANCELLED,2026-05-05 11:22:01.300168
4430,2483,DELIVERING,2026-04-26 21:22:01.300168
4431,2483,DELIVERED,2026-04-26 21:41:01.300168
4432,2484,DELIVERING,2026-05-02 10:10:01.300168
4433,2484,DELIVERED,2026-05-02 10:23:01.300168
4434,2485,DELIVERING,2026-04-28 19:18:01.300168
4435,2485,DELIVERED,2026-04-28 19:46:01.300168
4436,2486,DELIVERING,2026-05-10 01:46:01.300168
4437,2486,DELIVERED,2026-05-10 02:00:01.300168
4438,2487,DELIVERING,2026-04-26 08:36:01.300168
4439,2487,DELIVERED,2026-04-26 09:04:01.300168
4440,2488,DELIVERING,2026-05-03 08:14:01.300168
4441,2488,DELIVERED,2026-05-03 08:45:01.300168
4442,2489,CANCELLED,2026-05-15 15:47:01.300168
4443,2490,DELIVERING,2026-05-06 05:28:01.300168
4444,2490,DELIVERED,2026-05-06 05:48:01.300168
4445,2491,CANCELLED,2026-04-26 17:13:01.300168
4446,2492,DELIVERING,2026-04-26 12:48:01.300168
4447,2492,DELIVERED,2026-04-26 13:14:01.300168
4448,2493,DELIVERING,2026-04-22 08:45:01.300168
4449,2493,DELIVERED,2026-04-22 09:02:01.300168
4450,2494,DELIVERING,2026-05-04 14:48:01.300168
4451,2494,DELIVERED,2026-05-04 15:27:01.300168
4452,2495,DELIVERING,2026-04-22 18:02:01.300168
4453,2495,DELIVERED,2026-04-22 18:37:01.300168
4454,2496,CANCELLED,2026-05-06 17:23:01.300168
4455,2497,DELIVERING,2026-04-30 14:33:01.300168
4456,2497,DELIVERED,2026-04-30 14:59:01.300168
4457,2498,DELIVERING,2026-05-17 21:07:01.300168
4458,2498,DELIVERED,2026-05-17 21:33:01.300168
4459,2499,DELIVERING,2026-04-27 10:16:01.300168
4460,2499,DELIVERED,2026-04-27 10:43:01.300168
4461,2500,DELIVERING,2026-05-10 22:09:01.300168
4462,2500,DELIVERED,2026-05-10 22:30:01.300168
4463,2501,DELIVERING,2026-05-17 01:41:01.300168
4464,2501,DELIVERED,2026-05-17 02:02:01.300168
4465,2502,DELIVERING,2026-05-06 11:08:01.300168
4466,2502,DELIVERED,2026-05-06 11:40:01.300168
4467,2503,DELIVERING,2026-05-14 13:51:01.300168
4468,2503,DELIVERED,2026-05-14 14:30:01.300168
4469,2504,DELIVERING,2026-04-30 03:00:01.300168
4470,2504,DELIVERED,2026-04-30 03:31:01.300168
4471,2505,DELIVERING,2026-04-20 23:26:01.300168
4472,2505,DELIVERED,2026-04-21 00:04:01.300168
4473,2506,DELIVERING,2026-05-03 01:48:01.300168
4474,2506,DELIVERED,2026-05-03 02:17:01.300168
4475,2507,DELIVERING,2026-05-15 22:59:01.300168
4476,2507,DELIVERED,2026-05-15 23:22:01.300168
4477,2508,DELIVERING,2026-04-20 11:39:01.300168
4478,2508,DELIVERED,2026-04-20 12:04:01.300168
4479,2509,DELIVERING,2026-05-19 01:33:01.300168
4480,2509,DELIVERED,2026-05-19 01:51:01.300168
4481,2510,CANCELLED,2026-05-17 18:10:01.300168
4482,2511,DELIVERING,2026-04-25 02:20:01.300168
4483,2511,DELIVERED,2026-04-25 02:47:01.300168
4484,2512,DELIVERING,2026-04-29 13:03:01.300168
4485,2512,DELIVERED,2026-04-29 13:24:01.300168
4486,2513,DELIVERING,2026-05-14 15:57:01.300168
4487,2513,DELIVERED,2026-05-14 16:10:01.300168
4488,2514,CANCELLED,2026-05-09 20:04:01.300168
4489,2515,CANCELLED,2026-04-20 13:23:01.300168
4490,2516,DELIVERING,2026-05-05 19:18:01.300168
4491,2516,DELIVERED,2026-05-05 19:39:01.300168
4492,2517,DELIVERING,2026-05-17 01:19:01.300168
4493,2517,DELIVERED,2026-05-17 01:42:01.300168
4494,2518,DELIVERING,2026-05-17 08:32:01.300168
4495,2518,DELIVERED,2026-05-17 08:57:01.300168
4496,2519,DELIVERING,2026-04-19 22:56:01.300168
4497,2519,DELIVERED,2026-04-19 23:15:01.300168
4498,2520,DELIVERING,2026-05-03 02:22:01.300168
4499,2520,DELIVERED,2026-05-03 02:56:01.300168
4500,2521,DELIVERING,2026-04-27 11:14:01.300168
4501,2521,DELIVERED,2026-04-27 11:35:01.300168
4502,2522,DELIVERING,2026-05-19 13:59:01.300168
4503,2522,DELIVERED,2026-05-19 14:20:01.300168
4504,2523,DELIVERING,2026-05-17 15:42:01.300168
4505,2523,DELIVERED,2026-05-17 16:07:01.300168
4506,2524,DELIVERING,2026-04-24 18:54:01.300168
4507,2524,DELIVERED,2026-04-24 19:24:01.300168
4508,2525,DELIVERING,2026-05-16 00:13:01.300168
4509,2525,DELIVERED,2026-05-16 00:45:01.300168
4510,2526,CANCELLED,2026-05-01 11:09:01.300168
4511,2527,DELIVERING,2026-05-09 02:50:01.300168
4512,2527,DELIVERED,2026-05-09 03:18:01.300168
4513,2528,DELIVERING,2026-05-18 16:04:01.300168
4514,2528,DELIVERED,2026-05-18 16:40:01.300168
4515,2529,DELIVERING,2026-05-01 06:47:01.300168
4516,2529,DELIVERED,2026-05-01 07:05:01.300168
4517,2530,DELIVERING,2026-04-22 22:08:01.300168
4518,2530,DELIVERED,2026-04-22 22:32:01.300168
4519,2531,DELIVERING,2026-04-23 14:10:01.300168
4520,2531,DELIVERED,2026-04-23 14:47:01.300168
4521,2532,DELIVERING,2026-05-02 12:08:01.300168
4522,2532,DELIVERED,2026-05-02 12:39:01.300168
4523,2534,DELIVERING,2026-04-19 19:27:01.300168
4524,2534,DELIVERED,2026-04-19 20:03:01.300168
4525,2535,DELIVERING,2026-05-18 23:41:01.300168
4526,2535,DELIVERED,2026-05-18 23:54:01.300168
4527,2536,DELIVERING,2026-04-24 04:01:01.300168
4528,2536,DELIVERED,2026-04-24 04:25:01.300168
4529,2537,CANCELLED,2026-05-04 03:25:01.300168
4530,2538,DELIVERING,2026-05-08 19:04:01.300168
4531,2538,DELIVERED,2026-05-08 19:27:01.300168
4532,2539,CANCELLED,2026-05-11 18:28:01.300168
4533,2540,DELIVERING,2026-05-15 19:37:01.300168
4534,2540,DELIVERED,2026-05-15 20:07:01.300168
4535,2541,DELIVERING,2026-05-06 04:39:01.300168
4536,2541,DELIVERED,2026-05-06 05:01:01.300168
4537,2542,DELIVERING,2026-05-19 06:40:01.300168
4538,2542,DELIVERED,2026-05-19 07:12:01.300168
4539,2543,DELIVERING,2026-05-05 03:10:01.300168
4540,2543,DELIVERED,2026-05-05 03:44:01.300168
4541,2544,DELIVERING,2026-05-17 21:38:01.300168
4542,2544,DELIVERED,2026-05-17 22:08:01.300168
4543,2546,DELIVERING,2026-04-23 07:54:01.300168
4544,2546,DELIVERED,2026-04-23 08:32:01.300168
4545,2547,DELIVERING,2026-04-24 20:07:01.300168
4546,2547,DELIVERED,2026-04-24 20:36:01.300168
4547,2548,DELIVERING,2026-04-25 19:54:01.300168
4548,2548,DELIVERED,2026-04-25 20:17:01.300168
4549,2549,DELIVERING,2026-04-20 13:42:01.300168
4550,2549,DELIVERED,2026-04-20 14:06:01.300168
4551,2550,DELIVERING,2026-04-25 22:03:01.300168
4552,2550,DELIVERED,2026-04-25 22:34:01.300168
4553,2551,DELIVERING,2026-05-16 00:05:01.300168
4554,2551,DELIVERED,2026-05-16 00:41:01.300168
4555,2552,DELIVERING,2026-05-04 01:51:01.300168
4556,2552,DELIVERED,2026-05-04 02:16:01.300168
4557,2553,DELIVERING,2026-05-05 01:50:01.300168
4558,2553,DELIVERED,2026-05-05 02:22:01.300168
4559,2554,DELIVERING,2026-05-02 12:53:01.300168
4560,2554,DELIVERED,2026-05-02 13:24:01.300168
4561,2555,DELIVERING,2026-04-27 02:03:01.300168
4562,2555,DELIVERED,2026-04-27 02:36:01.300168
4563,2556,DELIVERING,2026-04-24 18:13:01.300168
4564,2556,DELIVERED,2026-04-24 18:47:01.300168
4565,2557,DELIVERING,2026-05-03 03:10:01.300168
4566,2557,DELIVERED,2026-05-03 03:47:01.300168
4567,2558,DELIVERING,2026-04-28 11:04:01.300168
4568,2558,DELIVERED,2026-04-28 11:18:01.300168
4569,2559,DELIVERING,2026-05-19 01:13:01.300168
4570,2559,DELIVERED,2026-05-19 01:46:01.300168
4571,2561,CANCELLED,2026-04-30 15:53:01.300168
4572,2562,DELIVERING,2026-04-22 10:50:01.300168
4573,2562,DELIVERED,2026-04-22 11:15:01.300168
4574,2563,DELIVERING,2026-05-13 01:25:01.300168
4575,2563,DELIVERED,2026-05-13 01:46:01.300168
4576,2564,CANCELLED,2026-04-20 17:48:01.300168
4577,2565,DELIVERING,2026-04-24 19:23:01.300168
4578,2565,DELIVERED,2026-04-24 19:51:01.300168
4579,2566,CANCELLED,2026-05-14 19:21:01.300168
4580,2567,DELIVERING,2026-04-28 03:07:01.300168
4581,2567,DELIVERED,2026-04-28 03:34:01.300168
4582,2568,DELIVERING,2026-04-30 09:15:01.300168
4583,2568,DELIVERED,2026-04-30 09:36:01.300168
4584,2569,DELIVERING,2026-05-06 18:43:01.300168
4585,2569,DELIVERED,2026-05-06 19:09:01.300168
4586,2570,DELIVERING,2026-04-30 22:44:01.300168
4587,2570,DELIVERED,2026-04-30 23:04:01.300168
4588,2571,DELIVERING,2026-05-17 23:43:01.300168
4589,2571,DELIVERED,2026-05-18 00:03:01.300168
4590,2572,DELIVERING,2026-04-29 00:48:01.300168
4591,2572,DELIVERED,2026-04-29 01:24:01.300168
4592,2573,DELIVERING,2026-04-23 11:42:01.300168
4593,2573,DELIVERED,2026-04-23 11:57:01.300168
4594,2574,DELIVERING,2026-05-12 20:27:01.300168
4595,2574,DELIVERED,2026-05-12 21:00:01.300168
4596,2575,DELIVERING,2026-05-04 09:36:01.300168
4597,2575,DELIVERED,2026-05-04 09:58:01.300168
4598,2576,CANCELLED,2026-04-23 10:32:01.300168
4599,2577,DELIVERING,2026-05-11 19:07:01.300168
4600,2577,DELIVERED,2026-05-11 19:35:01.300168
4601,2578,DELIVERING,2026-05-09 08:40:01.300168
4602,2578,DELIVERED,2026-05-09 09:07:01.300168
4603,2579,DELIVERING,2026-05-01 19:11:01.300168
4604,2579,DELIVERED,2026-05-01 19:47:01.300168
4605,2580,CANCELLED,2026-05-03 22:28:01.300168
4606,2581,DELIVERING,2026-04-24 01:27:01.300168
4607,2581,DELIVERED,2026-04-24 01:52:01.300168
4608,2582,DELIVERING,2026-04-23 11:47:01.300168
4609,2582,DELIVERED,2026-04-23 12:09:01.300168
4610,2583,DELIVERING,2026-04-24 21:19:01.300168
4611,2583,DELIVERED,2026-04-24 21:44:01.300168
4612,2584,DELIVERING,2026-05-13 03:16:01.300168
4613,2584,DELIVERED,2026-05-13 03:41:01.300168
4614,2585,CANCELLED,2026-04-24 22:40:01.300168
4615,2586,DELIVERING,2026-05-05 21:35:01.300168
4616,2586,DELIVERED,2026-05-05 21:52:01.300168
4617,2587,DELIVERING,2026-04-25 19:43:01.300168
4618,2587,DELIVERED,2026-04-25 20:14:01.300168
4619,2588,DELIVERING,2026-04-24 20:31:01.300168
4620,2588,DELIVERED,2026-04-24 20:48:01.300168
4621,2590,DELIVERING,2026-05-18 08:15:01.300168
4622,2590,DELIVERED,2026-05-18 08:34:01.300168
4623,2591,DELIVERING,2026-05-04 17:00:01.300168
4624,2591,DELIVERED,2026-05-04 17:30:01.300168
4625,2592,DELIVERING,2026-04-27 12:04:01.300168
4626,2592,DELIVERED,2026-04-27 12:38:01.300168
4627,2594,DELIVERING,2026-05-17 15:21:01.300168
4628,2594,DELIVERED,2026-05-17 15:34:01.300168
4629,2595,DELIVERING,2026-05-18 21:22:01.300168
4630,2595,DELIVERED,2026-05-18 21:47:01.300168
4631,2596,DELIVERING,2026-05-15 05:40:01.300168
4632,2596,DELIVERED,2026-05-15 06:17:01.300168
4633,2597,DELIVERING,2026-05-05 05:39:01.300168
4634,2597,DELIVERED,2026-05-05 06:15:01.300168
4635,2598,DELIVERING,2026-04-25 00:11:01.300168
4636,2598,DELIVERED,2026-04-25 00:32:01.300168
4637,2599,DELIVERING,2026-05-16 00:07:01.300168
4638,2599,DELIVERED,2026-05-16 00:29:01.300168
4639,2600,DELIVERING,2026-05-15 11:57:01.300168
4640,2600,DELIVERED,2026-05-15 12:23:01.300168
4641,2601,DELIVERING,2026-04-25 12:03:01.300168
4642,2601,DELIVERED,2026-04-25 12:28:01.300168
4643,2603,DELIVERING,2026-05-04 06:07:01.300168
4644,2603,DELIVERED,2026-05-04 06:34:01.300168
4645,2604,DELIVERING,2026-04-30 08:01:01.300168
4646,2604,DELIVERED,2026-04-30 08:26:01.300168
4647,2605,DELIVERING,2026-05-05 01:54:01.300168
4648,2605,DELIVERED,2026-05-05 02:32:01.300168
4649,2606,DELIVERING,2026-05-16 16:24:01.300168
4650,2606,DELIVERED,2026-05-16 16:51:01.300168
4651,2607,DELIVERING,2026-05-19 01:53:01.300168
4652,2607,DELIVERED,2026-05-19 02:18:01.300168
4653,2608,DELIVERING,2026-04-23 15:06:01.300168
4654,2608,DELIVERED,2026-04-23 15:41:01.300168
4655,2609,DELIVERING,2026-04-28 03:57:01.300168
4656,2609,DELIVERED,2026-04-28 04:20:01.300168
4657,2610,DELIVERING,2026-05-07 10:53:01.300168
4658,2610,DELIVERED,2026-05-07 11:29:01.300168
4659,2611,DELIVERING,2026-05-04 23:44:01.300168
4660,2611,DELIVERED,2026-05-05 00:08:01.300168
4661,2613,DELIVERING,2026-05-11 11:00:01.300168
4662,2613,DELIVERED,2026-05-11 11:30:01.300168
4663,2614,DELIVERING,2026-04-20 20:02:01.300168
4664,2614,DELIVERED,2026-04-20 20:35:01.300168
4665,2615,DELIVERING,2026-05-02 08:09:01.300168
4666,2615,DELIVERED,2026-05-02 08:47:01.300168
4667,2616,DELIVERING,2026-05-09 20:59:01.300168
4668,2616,DELIVERED,2026-05-09 21:21:01.300168
4669,2617,DELIVERING,2026-05-08 20:01:01.300168
4670,2617,DELIVERED,2026-05-08 20:21:01.300168
4671,2618,DELIVERING,2026-04-28 09:47:01.300168
4672,2618,DELIVERED,2026-04-28 10:06:01.300168
4673,2619,DELIVERING,2026-05-01 04:18:01.300168
4674,2619,DELIVERED,2026-05-01 04:41:01.300168
4675,2620,DELIVERING,2026-04-20 07:22:01.300168
4676,2620,DELIVERED,2026-04-20 07:50:01.300168
4677,2621,DELIVERING,2026-05-16 08:07:01.300168
4678,2621,DELIVERED,2026-05-16 08:35:01.300168
4679,2622,DELIVERING,2026-05-18 07:49:01.300168
4680,2622,DELIVERED,2026-05-18 08:10:01.300168
4681,2623,DELIVERING,2026-05-12 09:10:01.300168
4682,2623,DELIVERED,2026-05-12 09:31:01.300168
4683,2624,DELIVERING,2026-04-27 00:12:01.300168
4684,2624,DELIVERED,2026-04-27 00:48:01.300168
4685,2625,DELIVERING,2026-05-07 08:08:01.300168
4686,2625,DELIVERED,2026-05-07 08:23:01.300168
4687,2626,DELIVERING,2026-04-28 08:06:01.300168
4688,2626,DELIVERED,2026-04-28 08:28:01.300168
4689,2627,DELIVERING,2026-05-16 21:05:01.300168
4690,2627,DELIVERED,2026-05-16 21:37:01.300168
4691,2628,DELIVERING,2026-05-14 11:00:01.300168
4692,2628,DELIVERED,2026-05-14 11:34:01.300168
4693,2629,DELIVERING,2026-05-13 18:13:01.300168
4694,2629,DELIVERED,2026-05-13 18:34:01.300168
4695,2630,DELIVERING,2026-05-13 04:12:01.300168
4696,2630,DELIVERED,2026-05-13 04:27:01.300168
4697,2631,DELIVERING,2026-05-07 18:47:01.300168
4698,2631,DELIVERED,2026-05-07 19:23:01.300168
4699,2632,DELIVERING,2026-05-11 18:00:01.300168
4700,2632,DELIVERED,2026-05-11 18:19:01.300168
4701,2633,DELIVERING,2026-04-23 03:58:01.300168
4702,2633,DELIVERED,2026-04-23 04:18:01.300168
4703,2634,DELIVERING,2026-04-21 06:55:01.300168
4704,2634,DELIVERED,2026-04-21 07:25:01.300168
4705,2635,DELIVERING,2026-04-27 10:09:01.300168
4706,2635,DELIVERED,2026-04-27 10:37:01.300168
4707,2636,DELIVERING,2026-05-09 10:14:01.300168
4708,2636,DELIVERED,2026-05-09 10:35:01.300168
4709,2637,DELIVERING,2026-05-16 04:06:01.300168
4710,2637,DELIVERED,2026-05-16 04:40:01.300168
4711,2638,DELIVERING,2026-05-06 07:49:01.300168
4712,2638,DELIVERED,2026-05-06 08:06:01.300168
4713,2639,DELIVERING,2026-05-01 22:39:01.300168
4714,2639,DELIVERED,2026-05-01 23:12:01.300168
4715,2640,DELIVERING,2026-05-03 19:54:01.300168
4716,2640,DELIVERED,2026-05-03 20:31:01.300168
4717,2641,DELIVERING,2026-04-26 15:56:01.300168
4718,2641,DELIVERED,2026-04-26 16:18:01.300168
4719,2642,CANCELLED,2026-05-15 06:25:01.300168
4720,2643,DELIVERING,2026-05-01 16:01:01.300168
4721,2643,DELIVERED,2026-05-01 16:22:01.300168
4722,2644,DELIVERING,2026-05-11 09:04:01.300168
4723,2644,DELIVERED,2026-05-11 09:21:01.300168
4724,2645,DELIVERING,2026-05-08 23:33:01.300168
4725,2645,DELIVERED,2026-05-08 23:53:01.300168
4726,2646,DELIVERING,2026-04-23 13:18:01.300168
4727,2646,DELIVERED,2026-04-23 13:51:01.300168
4728,2647,DELIVERING,2026-04-23 11:11:01.300168
4729,2647,DELIVERED,2026-04-23 11:47:01.300168
4730,2648,DELIVERING,2026-04-28 07:17:01.300168
4731,2648,DELIVERED,2026-04-28 07:54:01.300168
4732,2649,DELIVERING,2026-05-03 11:06:01.300168
4733,2649,DELIVERED,2026-05-03 11:27:01.300168
4734,2650,DELIVERING,2026-05-12 01:01:01.300168
4735,2650,DELIVERED,2026-05-12 01:29:01.300168
4736,2651,DELIVERING,2026-05-02 01:39:01.300168
4737,2651,DELIVERED,2026-05-02 02:15:01.300168
4738,2652,DELIVERING,2026-05-07 20:31:01.300168
4739,2652,DELIVERED,2026-05-07 20:51:01.300168
4740,2653,DELIVERING,2026-05-06 21:07:01.300168
4741,2653,DELIVERED,2026-05-06 21:42:01.300168
4742,2654,DELIVERING,2026-04-20 01:51:01.300168
4743,2654,DELIVERED,2026-04-20 02:27:01.300168
4744,2655,CANCELLED,2026-05-09 16:37:01.300168
4745,2656,DELIVERING,2026-04-30 22:03:01.300168
4746,2656,DELIVERED,2026-04-30 22:32:01.300168
4747,2657,DELIVERING,2026-04-22 22:21:01.300168
4748,2657,DELIVERED,2026-04-22 22:47:01.300168
4749,2658,DELIVERING,2026-04-21 21:24:01.300168
4750,2658,DELIVERED,2026-04-21 21:51:01.300168
4751,2659,DELIVERING,2026-04-20 05:10:01.300168
4752,2659,DELIVERED,2026-04-20 05:32:01.300168
4753,2660,CANCELLED,2026-05-10 23:38:01.300168
4754,2661,DELIVERING,2026-05-05 11:26:01.300168
4755,2661,DELIVERED,2026-05-05 11:51:01.300168
4756,2662,DELIVERING,2026-04-28 11:15:01.300168
4757,2662,DELIVERED,2026-04-28 11:45:01.300168
4758,2663,DELIVERING,2026-05-05 12:21:01.300168
4759,2663,DELIVERED,2026-05-05 12:59:01.300168
4760,2664,DELIVERING,2026-05-10 01:51:01.300168
4761,2664,DELIVERED,2026-05-10 02:20:01.300168
4762,2665,DELIVERING,2026-05-16 01:47:01.300168
4763,2665,DELIVERED,2026-05-16 02:22:01.300168
4764,2666,DELIVERING,2026-04-20 10:04:01.300168
4765,2666,DELIVERED,2026-04-20 10:31:01.300168
4766,2667,DELIVERING,2026-04-27 19:29:01.300168
4767,2667,DELIVERED,2026-04-27 19:58:01.300168
4768,2668,DELIVERING,2026-05-04 15:44:01.300168
4769,2668,DELIVERED,2026-05-04 16:07:01.300168
4770,2669,CANCELLED,2026-05-18 01:16:01.300168
4771,2670,DELIVERING,2026-04-29 09:14:01.300168
4772,2670,DELIVERED,2026-04-29 09:48:01.300168
4773,2671,DELIVERING,2026-05-04 17:05:01.300168
4774,2671,DELIVERED,2026-05-04 17:30:01.300168
4775,2672,DELIVERING,2026-05-13 01:48:01.300168
4776,2672,DELIVERED,2026-05-13 02:17:01.300168
4777,2673,DELIVERING,2026-04-21 09:59:01.300168
4778,2673,DELIVERED,2026-04-21 10:37:01.300168
4779,2674,DELIVERING,2026-04-19 19:00:01.300168
4780,2674,DELIVERED,2026-04-19 19:35:01.300168
4781,2675,DELIVERING,2026-05-17 10:05:01.300168
4782,2675,DELIVERED,2026-05-17 10:39:01.300168
4783,2676,DELIVERING,2026-05-07 14:10:01.300168
4784,2676,DELIVERED,2026-05-07 14:44:01.300168
4785,2677,DELIVERING,2026-04-22 00:37:01.300168
4786,2677,DELIVERED,2026-04-22 01:10:01.300168
4787,2678,DELIVERING,2026-05-13 01:28:01.300168
4788,2678,DELIVERED,2026-05-13 01:48:01.300168
4789,2679,DELIVERING,2026-04-30 21:11:01.300168
4790,2679,DELIVERED,2026-04-30 21:33:01.300168
4791,2680,DELIVERING,2026-04-20 22:34:01.300168
4792,2680,DELIVERED,2026-04-20 23:01:01.300168
4793,2681,DELIVERING,2026-05-15 00:15:01.300168
4794,2681,DELIVERED,2026-05-15 00:51:01.300168
4795,2682,CANCELLED,2026-05-03 13:05:01.300168
4796,2683,DELIVERING,2026-04-24 21:34:01.300168
4797,2683,DELIVERED,2026-04-24 22:07:01.300168
4798,2684,DELIVERING,2026-05-02 00:21:01.300168
4799,2684,DELIVERED,2026-05-02 00:47:01.300168
4800,2685,DELIVERING,2026-05-01 16:07:01.300168
4801,2685,DELIVERED,2026-05-01 16:43:01.300168
4802,2686,DELIVERING,2026-04-30 22:19:01.300168
4803,2686,DELIVERED,2026-04-30 22:47:01.300168
4804,2688,DELIVERING,2026-04-21 10:34:01.300168
4805,2688,DELIVERED,2026-04-21 11:08:01.300168
4806,2689,DELIVERING,2026-04-24 14:56:01.300168
4807,2689,DELIVERED,2026-04-24 15:21:01.300168
4808,2690,DELIVERING,2026-05-05 20:40:01.300168
4809,2690,DELIVERED,2026-05-05 21:12:01.300168
4810,2691,DELIVERING,2026-04-21 15:16:01.300168
4811,2691,DELIVERED,2026-04-21 15:41:01.300168
4812,2692,DELIVERING,2026-05-18 06:49:01.300168
4813,2692,DELIVERED,2026-05-18 07:05:01.300168
4814,2693,DELIVERING,2026-05-15 17:43:01.300168
4815,2693,DELIVERED,2026-05-15 18:21:01.300168
4816,2694,DELIVERING,2026-04-27 07:00:01.300168
4817,2694,DELIVERED,2026-04-27 07:40:01.300168
4818,2695,DELIVERING,2026-05-05 21:24:01.300168
4819,2695,DELIVERED,2026-05-05 21:48:01.300168
4820,2696,DELIVERING,2026-05-18 06:40:01.300168
4821,2696,DELIVERED,2026-05-18 07:08:01.300168
4822,2697,DELIVERING,2026-05-01 01:05:01.300168
4823,2697,DELIVERED,2026-05-01 01:26:01.300168
4824,2698,DELIVERING,2026-04-21 02:44:01.300168
4825,2698,DELIVERED,2026-04-21 03:00:01.300168
4826,2699,DELIVERING,2026-04-29 19:12:01.300168
4827,2699,DELIVERED,2026-04-29 19:37:01.300168
4828,2700,DELIVERING,2026-05-15 03:26:01.300168
4829,2700,DELIVERED,2026-05-15 03:54:01.300168
4830,2701,CANCELLED,2026-04-22 19:56:01.300168
4831,2703,CANCELLED,2026-05-13 20:31:01.300168
4832,2704,DELIVERING,2026-04-21 07:46:01.300168
4833,2704,DELIVERED,2026-04-21 08:13:01.300168
4834,2705,CANCELLED,2026-05-14 02:52:01.300168
4835,2707,DELIVERING,2026-05-12 13:52:01.300168
4836,2707,DELIVERED,2026-05-12 14:26:01.300168
4837,2708,DELIVERING,2026-05-08 07:43:01.300168
4838,2708,DELIVERED,2026-05-08 08:19:01.300168
4839,2709,CANCELLED,2026-05-12 04:19:01.300168
4840,2710,DELIVERING,2026-04-27 00:52:01.300168
4841,2710,DELIVERED,2026-04-27 01:10:01.300168
4842,2711,DELIVERING,2026-04-30 20:30:01.300168
4843,2711,DELIVERED,2026-04-30 21:05:01.300168
4844,2712,DELIVERING,2026-05-12 04:10:01.300168
4845,2712,DELIVERED,2026-05-12 04:42:01.300168
4846,2713,DELIVERING,2026-05-12 07:41:01.300168
4847,2713,DELIVERED,2026-05-12 08:00:01.300168
4848,2714,CANCELLED,2026-04-28 08:33:01.300168
4849,2715,DELIVERING,2026-05-15 18:52:01.300168
4850,2715,DELIVERED,2026-05-15 19:20:01.300168
4851,2716,DELIVERING,2026-05-15 04:42:01.300168
4852,2716,DELIVERED,2026-05-15 05:11:01.300168
4853,2717,DELIVERING,2026-05-05 21:44:01.300168
4854,2717,DELIVERED,2026-05-05 22:19:01.300168
4855,2718,CANCELLED,2026-04-27 03:18:01.300168
4856,2719,DELIVERING,2026-04-21 05:37:01.300168
4857,2719,DELIVERED,2026-04-21 06:13:01.300168
4858,2720,CANCELLED,2026-05-17 22:58:01.300168
4859,2721,CANCELLED,2026-05-08 20:35:01.300168
4860,2722,DELIVERING,2026-05-09 00:28:01.300168
4861,2722,DELIVERED,2026-05-09 00:47:01.300168
4862,2723,DELIVERING,2026-04-27 18:06:01.300168
4863,2723,DELIVERED,2026-04-27 18:38:01.300168
4864,2724,DELIVERING,2026-05-02 05:43:01.300168
4865,2724,DELIVERED,2026-05-02 06:15:01.300168
4866,2725,DELIVERING,2026-05-14 09:14:01.300168
4867,2725,DELIVERED,2026-05-14 09:46:01.300168
4868,2726,DELIVERING,2026-05-03 04:17:01.300168
4869,2726,DELIVERED,2026-05-03 04:39:01.300168
4870,2727,DELIVERING,2026-04-30 01:13:01.300168
4871,2727,DELIVERED,2026-04-30 01:53:01.300168
4872,2730,DELIVERING,2026-04-29 15:30:01.300168
4873,2730,DELIVERED,2026-04-29 15:49:01.300168
4874,2731,DELIVERING,2026-04-20 16:57:01.300168
4875,2731,DELIVERED,2026-04-20 17:22:01.300168
4876,2733,CANCELLED,2026-04-22 12:18:01.300168
4877,2734,DELIVERING,2026-04-30 07:17:01.300168
4878,2734,DELIVERED,2026-04-30 07:32:01.300168
4879,2735,DELIVERING,2026-04-27 21:06:01.300168
4880,2735,DELIVERED,2026-04-27 21:46:01.300168
4881,2736,DELIVERING,2026-05-03 10:11:01.300168
4882,2736,DELIVERED,2026-05-03 10:37:01.300168
4883,2737,DELIVERING,2026-04-25 13:25:01.300168
4884,2737,DELIVERED,2026-04-25 14:00:01.300168
4885,2738,DELIVERING,2026-05-09 04:50:01.300168
4886,2738,DELIVERED,2026-05-09 05:09:01.300168
4887,2739,DELIVERING,2026-04-30 02:27:01.300168
4888,2739,DELIVERED,2026-04-30 02:49:01.300168
4889,2740,DELIVERING,2026-05-03 00:16:01.300168
4890,2740,DELIVERED,2026-05-03 00:35:01.300168
4891,2741,DELIVERING,2026-05-03 13:17:01.300168
4892,2741,DELIVERED,2026-05-03 13:35:01.300168
4893,2742,DELIVERING,2026-05-02 01:37:01.300168
4894,2742,DELIVERED,2026-05-02 02:02:01.300168
4895,2743,DELIVERING,2026-05-05 05:17:01.300168
4896,2743,DELIVERED,2026-05-05 05:55:01.300168
4897,2745,DELIVERING,2026-05-04 04:59:01.300168
4898,2745,DELIVERED,2026-05-04 05:24:01.300168
4899,2746,DELIVERING,2026-05-10 00:20:01.300168
4900,2746,DELIVERED,2026-05-10 00:51:01.300168
4901,2747,DELIVERING,2026-05-14 13:58:01.300168
4902,2747,DELIVERED,2026-05-14 14:31:01.300168
4903,2748,DELIVERING,2026-05-17 10:30:01.300168
4904,2748,DELIVERED,2026-05-17 11:05:01.300168
4905,2749,DELIVERING,2026-05-02 13:15:01.300168
4906,2749,DELIVERED,2026-05-02 13:43:01.300168
4907,2750,DELIVERING,2026-05-13 16:09:01.300168
4908,2750,DELIVERED,2026-05-13 16:33:01.300168
4909,2751,DELIVERING,2026-04-24 23:06:01.300168
4910,2751,DELIVERED,2026-04-24 23:43:01.300168
4911,2752,DELIVERING,2026-05-01 01:23:01.300168
4912,2752,DELIVERED,2026-05-01 01:57:01.300168
4913,2753,DELIVERING,2026-05-01 03:12:01.300168
4914,2753,DELIVERED,2026-05-01 03:31:01.300168
4915,2754,DELIVERING,2026-05-17 07:51:01.300168
4916,2754,DELIVERED,2026-05-17 08:09:01.300168
4917,2755,DELIVERING,2026-05-03 19:08:01.300168
4918,2755,DELIVERED,2026-05-03 19:38:01.300168
4919,2756,DELIVERING,2026-05-11 19:19:01.300168
4920,2756,DELIVERED,2026-05-11 19:52:01.300168
4921,2757,DELIVERING,2026-05-01 16:52:01.300168
4922,2757,DELIVERED,2026-05-01 17:30:01.300168
4923,2759,DELIVERING,2026-04-26 15:38:01.300168
4924,2759,DELIVERED,2026-04-26 16:15:01.300168
4925,2760,CANCELLED,2026-05-08 10:39:01.300168
4926,2761,DELIVERING,2026-05-07 11:13:01.300168
4927,2761,DELIVERED,2026-05-07 11:47:01.300168
4928,2762,DELIVERING,2026-05-03 18:20:01.300168
4929,2762,DELIVERED,2026-05-03 18:38:01.300168
4930,2763,DELIVERING,2026-04-22 06:58:01.300168
4931,2763,DELIVERED,2026-04-22 07:26:01.300168
4932,2764,DELIVERING,2026-05-10 16:27:01.300168
4933,2764,DELIVERED,2026-05-10 16:58:01.300168
4934,2765,DELIVERING,2026-05-17 16:24:01.300168
4935,2765,DELIVERED,2026-05-17 16:54:01.300168
4936,2766,DELIVERING,2026-05-12 21:18:01.300168
4937,2766,DELIVERED,2026-05-12 21:41:01.300168
4938,2767,DELIVERING,2026-05-11 13:52:01.300168
4939,2767,DELIVERED,2026-05-11 14:09:01.300168
4940,2768,DELIVERING,2026-05-01 03:45:01.300168
4941,2768,DELIVERED,2026-05-01 04:18:01.300168
4942,2769,DELIVERING,2026-04-19 20:05:01.300168
4943,2769,DELIVERED,2026-04-19 20:24:01.300168
4944,2770,DELIVERING,2026-04-26 02:22:01.300168
4945,2770,DELIVERED,2026-04-26 02:41:01.300168
4946,2771,DELIVERING,2026-05-11 03:42:01.300168
4947,2771,DELIVERED,2026-05-11 04:17:01.300168
4948,2772,DELIVERING,2026-05-06 01:32:01.300168
4949,2772,DELIVERED,2026-05-06 01:58:01.300168
4950,2773,DELIVERING,2026-05-08 03:12:01.300168
4951,2773,DELIVERED,2026-05-08 03:31:01.300168
4952,2774,DELIVERING,2026-05-06 12:40:01.300168
4953,2774,DELIVERED,2026-05-06 13:05:01.300168
4954,2775,DELIVERING,2026-05-16 05:29:01.300168
4955,2775,DELIVERED,2026-05-16 05:50:01.300168
4956,2776,DELIVERING,2026-04-24 00:28:01.300168
4957,2776,DELIVERED,2026-04-24 01:07:01.300168
4958,2777,DELIVERING,2026-04-29 01:10:01.300168
4959,2777,DELIVERED,2026-04-29 01:31:01.300168
4960,2778,DELIVERING,2026-05-02 09:45:01.300168
4961,2778,DELIVERED,2026-05-02 10:08:01.300168
4962,2779,DELIVERING,2026-04-20 18:26:01.300168
4963,2779,DELIVERED,2026-04-20 19:00:01.300168
4964,2780,DELIVERING,2026-05-07 09:58:01.300168
4965,2780,DELIVERED,2026-05-07 10:32:01.300168
4966,2781,CANCELLED,2026-05-09 18:47:01.300168
4967,2782,DELIVERING,2026-04-21 18:45:01.300168
4968,2782,DELIVERED,2026-04-21 19:20:01.300168
4969,2783,DELIVERING,2026-05-08 13:17:01.300168
4970,2783,DELIVERED,2026-05-08 13:44:01.300168
4971,2784,DELIVERING,2026-05-10 13:01:01.300168
4972,2784,DELIVERED,2026-05-10 13:22:01.300168
4973,2785,DELIVERING,2026-05-02 16:16:01.300168
4974,2785,DELIVERED,2026-05-02 16:34:01.300168
4975,2787,DELIVERING,2026-05-17 07:40:01.300168
4976,2787,DELIVERED,2026-05-17 08:15:01.300168
4977,2788,DELIVERING,2026-05-02 16:01:01.300168
4978,2788,DELIVERED,2026-05-02 16:31:01.300168
4979,2789,DELIVERING,2026-04-25 21:30:01.300168
4980,2789,DELIVERED,2026-04-25 22:04:01.300168
4981,2790,DELIVERING,2026-05-19 17:02:01.300168
4982,2790,DELIVERED,2026-05-19 17:26:01.300168
4983,2791,DELIVERING,2026-05-01 10:00:01.300168
4984,2791,DELIVERED,2026-05-01 10:25:01.300168
4985,2792,DELIVERING,2026-05-10 18:08:01.300168
4986,2792,DELIVERED,2026-05-10 18:42:01.300168
4987,2793,DELIVERING,2026-05-18 10:15:01.300168
4988,2793,DELIVERED,2026-05-18 10:40:01.300168
4989,2794,DELIVERING,2026-04-23 18:58:01.300168
4990,2794,DELIVERED,2026-04-23 19:35:01.300168
4991,2795,CANCELLED,2026-05-14 14:11:01.300168
4992,2796,DELIVERING,2026-05-10 16:08:01.300168
4993,2796,DELIVERED,2026-05-10 16:43:01.300168
4994,2797,DELIVERING,2026-05-14 05:43:01.300168
4995,2797,DELIVERED,2026-05-14 06:10:01.300168
4996,2798,DELIVERING,2026-05-18 12:54:01.300168
4997,2798,DELIVERED,2026-05-18 13:23:01.300168
4998,2799,DELIVERING,2026-05-19 03:14:01.300168
4999,2799,DELIVERED,2026-05-19 03:45:01.300168
5000,2800,DELIVERING,2026-04-21 23:14:01.300168
5001,2800,DELIVERED,2026-04-21 23:45:01.300168
5002,2801,DELIVERING,2026-05-07 14:45:01.300168
5003,2801,DELIVERED,2026-05-07 15:01:01.300168
5004,2802,CANCELLED,2026-05-05 12:07:01.300168
5005,2803,DELIVERING,2026-04-26 02:32:01.300168
5006,2803,DELIVERED,2026-04-26 02:55:01.300168
5007,2804,CANCELLED,2026-04-22 11:08:01.300168
5008,2805,DELIVERING,2026-05-17 02:05:01.300168
5009,2805,DELIVERED,2026-05-17 02:40:01.300168
5010,2806,DELIVERING,2026-04-30 16:15:01.300168
5011,2806,DELIVERED,2026-04-30 16:42:01.300168
5012,2807,DELIVERING,2026-05-10 20:28:01.300168
5013,2807,DELIVERED,2026-05-10 21:01:01.300168
5014,2808,DELIVERING,2026-05-12 14:16:01.300168
5015,2808,DELIVERED,2026-05-12 14:35:01.300168
5016,2809,DELIVERING,2026-05-17 12:30:01.300168
5017,2809,DELIVERED,2026-05-17 12:56:01.300168
5018,2810,CANCELLED,2026-04-29 00:38:01.300168
5019,2811,DELIVERING,2026-05-13 18:12:01.300168
5020,2811,DELIVERED,2026-05-13 18:34:01.300168
5021,2812,DELIVERING,2026-05-13 07:19:01.300168
5022,2812,DELIVERED,2026-05-13 07:42:01.300168
5023,2813,DELIVERING,2026-05-12 01:39:01.300168
5024,2813,DELIVERED,2026-05-12 01:53:01.300168
5025,2814,CANCELLED,2026-05-01 07:05:01.300168
5026,2815,DELIVERING,2026-05-10 19:14:01.300168
5027,2815,DELIVERED,2026-05-10 19:34:01.300168
5028,2816,DELIVERING,2026-05-02 07:11:01.300168
5029,2816,DELIVERED,2026-05-02 07:47:01.300168
5030,2817,DELIVERING,2026-05-14 03:29:01.300168
5031,2817,DELIVERED,2026-05-14 03:45:01.300168
5032,2818,DELIVERING,2026-05-11 12:24:01.300168
5033,2818,DELIVERED,2026-05-11 12:39:01.300168
5034,2819,DELIVERING,2026-05-11 12:57:01.300168
5035,2819,DELIVERED,2026-05-11 13:24:01.300168
5036,2820,DELIVERING,2026-05-14 18:28:01.300168
5037,2820,DELIVERED,2026-05-14 18:52:01.300168
5038,2821,DELIVERING,2026-05-14 13:18:01.300168
5039,2821,DELIVERED,2026-05-14 13:51:01.300168
5040,2822,DELIVERING,2026-05-02 00:58:01.300168
5041,2822,DELIVERED,2026-05-02 01:27:01.300168
5042,2823,DELIVERING,2026-04-19 21:19:01.300168
5043,2823,DELIVERED,2026-04-19 21:50:01.300168
5044,2824,DELIVERING,2026-05-18 02:58:01.300168
5045,2824,DELIVERED,2026-05-18 03:17:01.300168
5046,2825,CANCELLED,2026-04-26 17:12:01.300168
5047,2826,DELIVERING,2026-04-22 03:30:01.300168
5048,2826,DELIVERED,2026-04-22 03:48:01.300168
5049,2827,DELIVERING,2026-05-10 02:04:01.300168
5050,2827,DELIVERED,2026-05-10 02:25:01.300168
5051,2828,DELIVERING,2026-05-05 01:28:01.300168
5052,2828,DELIVERED,2026-05-05 01:55:01.300168
5053,2830,DELIVERING,2026-05-16 08:32:01.300168
5054,2830,DELIVERED,2026-05-16 08:56:01.300168
5055,2831,DELIVERING,2026-05-15 12:59:01.300168
5056,2831,DELIVERED,2026-05-15 13:29:01.300168
5057,2832,DELIVERING,2026-05-15 05:38:01.300168
5058,2832,DELIVERED,2026-05-15 05:55:01.300168
5059,2833,DELIVERING,2026-05-14 14:34:01.300168
5060,2833,DELIVERED,2026-05-14 14:52:01.300168
5061,2834,DELIVERING,2026-05-15 20:15:01.300168
5062,2834,DELIVERED,2026-05-15 20:44:01.300168
5063,2835,CANCELLED,2026-05-13 14:58:01.300168
5064,2836,DELIVERING,2026-05-04 15:34:01.300168
5065,2836,DELIVERED,2026-05-04 16:04:01.300168
5066,2837,DELIVERING,2026-05-19 12:41:01.300168
5067,2837,DELIVERED,2026-05-19 13:05:01.300168
5068,2838,CANCELLED,2026-05-06 22:36:01.300168
5069,2839,DELIVERING,2026-05-18 22:25:01.300168
5070,2839,DELIVERED,2026-05-18 22:54:01.300168
5071,2840,DELIVERING,2026-04-26 08:08:01.300168
5072,2840,DELIVERED,2026-04-26 08:35:01.300168
5073,2841,DELIVERING,2026-05-16 19:58:01.300168
5074,2841,DELIVERED,2026-05-16 20:31:01.300168
5075,2842,CANCELLED,2026-05-07 11:49:01.300168
5076,2843,DELIVERING,2026-04-20 07:52:01.300168
5077,2843,DELIVERED,2026-04-20 08:14:01.300168
5078,2844,DELIVERING,2026-05-05 01:23:01.300168
5079,2844,DELIVERED,2026-05-05 01:49:01.300168
5080,2845,DELIVERING,2026-05-18 05:29:01.300168
5081,2845,DELIVERED,2026-05-18 05:56:01.300168
5082,2846,DELIVERING,2026-05-16 23:20:01.300168
5083,2846,DELIVERED,2026-05-16 23:58:01.300168
5084,2847,CANCELLED,2026-05-19 13:47:01.300168
5085,2848,DELIVERING,2026-05-01 22:45:01.300168
5086,2848,DELIVERED,2026-05-01 23:10:01.300168
5087,2849,DELIVERING,2026-04-23 08:54:01.300168
5088,2849,DELIVERED,2026-04-23 09:25:01.300168
5089,2850,DELIVERING,2026-05-18 01:35:01.300168
5090,2850,DELIVERED,2026-05-18 01:50:01.300168
5091,2851,DELIVERING,2026-05-05 06:55:01.300168
5092,2851,DELIVERED,2026-05-05 07:12:01.300168
5093,2852,DELIVERING,2026-05-05 10:06:01.300168
5094,2852,DELIVERED,2026-05-05 10:37:01.300168
5095,2853,DELIVERING,2026-05-15 22:59:01.300168
5096,2853,DELIVERED,2026-05-15 23:14:01.300168
5097,2854,CANCELLED,2026-05-07 17:03:01.300168
5098,2855,DELIVERING,2026-04-21 15:11:01.300168
5099,2855,DELIVERED,2026-04-21 15:39:01.300168
5100,2856,DELIVERING,2026-04-20 15:22:01.300168
5101,2856,DELIVERED,2026-04-20 15:57:01.300168
5102,2857,DELIVERING,2026-04-24 15:52:01.300168
5103,2857,DELIVERED,2026-04-24 16:17:01.300168
5104,2858,CANCELLED,2026-05-16 04:00:01.300168
5105,2860,DELIVERING,2026-05-07 14:41:01.300168
5106,2860,DELIVERED,2026-05-07 15:06:01.300168
5107,2861,CANCELLED,2026-04-24 23:10:01.300168
5108,2862,CANCELLED,2026-04-28 04:34:01.300168
5109,2863,CANCELLED,2026-04-27 01:11:01.300168
5110,2864,DELIVERING,2026-05-05 06:56:01.300168
5111,2864,DELIVERED,2026-05-05 07:24:01.300168
5112,2865,DELIVERING,2026-04-29 09:41:01.300168
5113,2865,DELIVERED,2026-04-29 09:56:01.300168
5114,2866,DELIVERING,2026-04-28 12:08:01.300168
5115,2866,DELIVERED,2026-04-28 12:39:01.300168
5116,2867,CANCELLED,2026-05-17 02:17:01.300168
5117,2869,DELIVERING,2026-05-09 19:33:01.300168
5118,2869,DELIVERED,2026-05-09 19:49:01.300168
5119,2870,DELIVERING,2026-04-27 23:52:01.300168
5120,2870,DELIVERED,2026-04-28 00:10:01.300168
5121,2871,DELIVERING,2026-05-19 13:13:01.300168
5122,2871,DELIVERED,2026-05-19 13:53:01.300168
5123,2872,CANCELLED,2026-05-14 16:50:01.300168
5124,2873,CANCELLED,2026-05-14 07:53:01.300168
5125,2874,DELIVERING,2026-05-18 00:27:01.300168
5126,2874,DELIVERED,2026-05-18 00:44:01.300168
5127,2875,DELIVERING,2026-04-25 17:06:01.300168
5128,2875,DELIVERED,2026-04-25 17:37:01.300168
5129,2876,DELIVERING,2026-05-03 11:36:01.300168
5130,2876,DELIVERED,2026-05-03 11:59:01.300168
5131,2877,CANCELLED,2026-05-15 08:18:01.300168
5132,2878,DELIVERING,2026-05-09 23:34:01.300168
5133,2878,DELIVERED,2026-05-09 23:49:01.300168
5134,2879,DELIVERING,2026-05-12 17:58:01.300168
5135,2879,DELIVERED,2026-05-12 18:28:01.300168
5136,2880,DELIVERING,2026-04-24 12:45:01.300168
5137,2880,DELIVERED,2026-04-24 13:10:01.300168
5138,2882,DELIVERING,2026-04-28 14:59:01.300168
5139,2882,DELIVERED,2026-04-28 15:21:01.300168
5140,2883,DELIVERING,2026-05-17 22:44:01.300168
5141,2883,DELIVERED,2026-05-17 23:11:01.300168
5142,2884,DELIVERING,2026-04-24 14:43:01.300168
5143,2884,DELIVERED,2026-04-24 15:09:01.300168
5144,2885,DELIVERING,2026-04-23 18:10:01.300168
5145,2885,DELIVERED,2026-04-23 18:43:01.300168
5146,2886,CANCELLED,2026-04-27 05:38:01.300168
5147,2887,DELIVERING,2026-04-30 11:08:01.300168
5148,2887,DELIVERED,2026-04-30 11:36:01.300168
5149,2889,DELIVERING,2026-05-09 05:34:01.300168
5150,2889,DELIVERED,2026-05-09 06:05:01.300168
5151,2890,DELIVERING,2026-05-15 12:20:01.300168
5152,2890,DELIVERED,2026-05-15 12:41:01.300168
5153,2891,DELIVERING,2026-05-09 01:56:01.300168
5154,2891,DELIVERED,2026-05-09 02:25:01.300168
5155,2892,DELIVERING,2026-05-09 01:40:01.300168
5156,2892,DELIVERED,2026-05-09 02:09:01.300168
5157,2893,DELIVERING,2026-05-01 17:39:01.300168
5158,2893,DELIVERED,2026-05-01 18:07:01.300168
5159,2894,CANCELLED,2026-05-01 16:35:01.300168
5160,2895,DELIVERING,2026-05-16 23:06:01.300168
5161,2895,DELIVERED,2026-05-16 23:39:01.300168
5162,2896,DELIVERING,2026-05-09 01:15:01.300168
5163,2896,DELIVERED,2026-05-09 01:38:01.300168
5164,2897,DELIVERING,2026-05-09 08:56:01.300168
5165,2897,DELIVERED,2026-05-09 09:23:01.300168
5166,2898,DELIVERING,2026-05-03 14:50:01.300168
5167,2898,DELIVERED,2026-05-03 15:20:01.300168
5168,2899,DELIVERING,2026-05-17 04:07:01.300168
5169,2899,DELIVERED,2026-05-17 04:38:01.300168
5170,2900,DELIVERING,2026-04-29 09:00:01.300168
5171,2900,DELIVERED,2026-04-29 09:39:01.300168
5172,2901,DELIVERING,2026-04-30 06:37:01.300168
5173,2901,DELIVERED,2026-04-30 06:57:01.300168
5174,2902,DELIVERING,2026-04-20 17:04:01.300168
5175,2902,DELIVERED,2026-04-20 17:43:01.300168
5176,2903,DELIVERING,2026-04-28 23:27:01.300168
5177,2903,DELIVERED,2026-04-28 23:57:01.300168
5178,2904,DELIVERING,2026-05-05 05:04:01.300168
5179,2904,DELIVERED,2026-05-05 05:27:01.300168
5180,2905,DELIVERING,2026-05-07 14:36:01.300168
5181,2905,DELIVERED,2026-05-07 15:01:01.300168
5182,2906,DELIVERING,2026-04-30 06:24:01.300168
5183,2906,DELIVERED,2026-04-30 07:03:01.300168
5184,2907,DELIVERING,2026-04-21 17:48:01.300168
5185,2907,DELIVERED,2026-04-21 18:07:01.300168
5186,2908,DELIVERING,2026-05-15 17:43:01.300168
5187,2908,DELIVERED,2026-05-15 18:03:01.300168
5188,2909,DELIVERING,2026-05-04 14:21:01.300168
5189,2909,DELIVERED,2026-05-04 14:50:01.300168
5190,2910,DELIVERING,2026-05-01 18:28:01.300168
5191,2910,DELIVERED,2026-05-01 18:47:01.300168
5192,2911,DELIVERING,2026-04-29 02:48:01.300168
5193,2911,DELIVERED,2026-04-29 03:04:01.300168
5194,2912,CANCELLED,2026-04-26 07:24:01.300168
5195,2913,DELIVERING,2026-05-05 11:24:01.300168
5196,2913,DELIVERED,2026-05-05 11:57:01.300168
5197,2914,DELIVERING,2026-05-05 16:24:01.300168
5198,2914,DELIVERED,2026-05-05 16:45:01.300168
5199,2915,DELIVERING,2026-04-25 00:51:01.300168
5200,2915,DELIVERED,2026-04-25 01:17:01.300168
5201,2916,DELIVERING,2026-05-11 20:31:01.300168
5202,2916,DELIVERED,2026-05-11 20:52:01.300168
5203,2917,DELIVERING,2026-04-23 11:32:01.300168
5204,2917,DELIVERED,2026-04-23 12:00:01.300168
5205,2918,DELIVERING,2026-05-16 22:54:01.300168
5206,2918,DELIVERED,2026-05-16 23:21:01.300168
5207,2919,DELIVERING,2026-04-27 11:54:01.300168
5208,2919,DELIVERED,2026-04-27 12:13:01.300168
5209,2920,DELIVERING,2026-04-21 11:19:01.300168
5210,2920,DELIVERED,2026-04-21 11:38:01.300168
5211,2921,DELIVERING,2026-04-28 14:14:01.300168
5212,2921,DELIVERED,2026-04-28 14:50:01.300168
5213,2922,DELIVERING,2026-04-21 16:06:01.300168
5214,2922,DELIVERED,2026-04-21 16:32:01.300168
5215,2923,DELIVERING,2026-05-13 08:54:01.300168
5216,2923,DELIVERED,2026-05-13 09:20:01.300168
5217,2924,DELIVERING,2026-05-13 12:09:01.300168
5218,2924,DELIVERED,2026-05-13 12:41:01.300168
5219,2925,DELIVERING,2026-05-08 10:47:01.300168
5220,2925,DELIVERED,2026-05-08 11:10:01.300168
5221,2926,DELIVERING,2026-05-06 18:33:01.300168
5222,2926,DELIVERED,2026-05-06 19:01:01.300168
5223,2927,CANCELLED,2026-04-29 10:14:01.300168
5224,2928,CANCELLED,2026-05-14 15:51:01.300168
5225,2929,DELIVERING,2026-05-03 00:53:01.300168
5226,2929,DELIVERED,2026-05-03 01:16:01.300168
5227,2930,DELIVERING,2026-05-14 09:44:01.300168
5228,2930,DELIVERED,2026-05-14 10:10:01.300168
5229,2931,CANCELLED,2026-05-16 13:51:01.300168
5230,2932,CANCELLED,2026-05-07 08:53:01.300168
5231,2933,DELIVERING,2026-04-27 10:18:01.300168
5232,2933,DELIVERED,2026-04-27 10:52:01.300168
5233,2934,DELIVERING,2026-05-11 00:52:01.300168
5234,2934,DELIVERED,2026-05-11 01:22:01.300168
5235,2935,DELIVERING,2026-04-29 07:04:01.300168
5236,2935,DELIVERED,2026-04-29 07:35:01.300168
5237,2936,DELIVERING,2026-04-24 05:09:01.300168
5238,2936,DELIVERED,2026-04-24 05:45:01.300168
5239,2937,CANCELLED,2026-05-10 15:49:01.300168
5240,2938,DELIVERING,2026-04-25 21:15:01.300168
5241,2938,DELIVERED,2026-04-25 21:43:01.300168
5242,2939,CANCELLED,2026-05-02 08:44:01.300168
5243,2940,DELIVERING,2026-04-26 12:22:01.300168
5244,2940,DELIVERED,2026-04-26 12:52:01.300168
5245,2941,CANCELLED,2026-04-26 07:01:01.300168
5246,2942,DELIVERING,2026-04-21 21:02:01.300168
5247,2942,DELIVERED,2026-04-21 21:15:01.300168
5248,2943,DELIVERING,2026-04-22 19:01:01.300168
5249,2943,DELIVERED,2026-04-22 19:19:01.300168
5250,2944,DELIVERING,2026-04-20 10:12:01.300168
5251,2944,DELIVERED,2026-04-20 10:50:01.300168
5252,2945,DELIVERING,2026-04-26 23:50:01.300168
5253,2945,DELIVERED,2026-04-27 00:09:01.300168
5254,2946,DELIVERING,2026-05-17 03:21:01.300168
5255,2946,DELIVERED,2026-05-17 03:40:01.300168
5256,2947,DELIVERING,2026-04-26 18:32:01.300168
5257,2947,DELIVERED,2026-04-26 19:04:01.300168
5258,2948,DELIVERING,2026-04-21 15:52:01.300168
5259,2948,DELIVERED,2026-04-21 16:27:01.300168
5260,2949,DELIVERING,2026-05-04 11:34:01.300168
5261,2949,DELIVERED,2026-05-04 11:54:01.300168
5262,2950,DELIVERING,2026-05-07 09:48:01.300168
5263,2950,DELIVERED,2026-05-07 10:11:01.300168
5264,2951,DELIVERING,2026-04-24 20:06:01.300168
5265,2951,DELIVERED,2026-04-24 20:35:01.300168
5266,2952,DELIVERING,2026-04-24 00:37:01.300168
5267,2952,DELIVERED,2026-04-24 00:55:01.300168
5268,2953,DELIVERING,2026-05-09 11:27:01.300168
5269,2953,DELIVERED,2026-05-09 11:54:01.300168
5270,2954,DELIVERING,2026-05-01 10:58:01.300168
5271,2954,DELIVERED,2026-05-01 11:29:01.300168
5272,2955,DELIVERING,2026-05-05 15:25:01.300168
5273,2955,DELIVERED,2026-05-05 15:57:01.300168
5274,2956,CANCELLED,2026-04-29 18:40:01.300168
5275,2957,DELIVERING,2026-05-16 10:55:01.300168
5276,2957,DELIVERED,2026-05-16 11:27:01.300168
5277,2958,DELIVERING,2026-04-24 03:20:01.300168
5278,2958,DELIVERED,2026-04-24 03:52:01.300168
5279,2959,DELIVERING,2026-05-05 20:56:01.300168
5280,2959,DELIVERED,2026-05-05 21:28:01.300168
5281,2960,DELIVERING,2026-05-04 10:40:01.300168
5282,2960,DELIVERED,2026-05-04 11:13:01.300168
5283,2961,DELIVERING,2026-04-22 15:07:01.300168
5284,2961,DELIVERED,2026-04-22 15:33:01.300168
5285,2962,DELIVERING,2026-05-06 18:24:01.300168
5286,2962,DELIVERED,2026-05-06 18:47:01.300168
5287,2963,DELIVERING,2026-05-01 13:24:01.300168
5288,2963,DELIVERED,2026-05-01 13:55:01.300168
5289,2964,DELIVERING,2026-05-04 01:24:01.300168
5290,2964,DELIVERED,2026-05-04 01:55:01.300168
5291,2965,CANCELLED,2026-04-27 13:17:01.300168
5292,2966,DELIVERING,2026-05-11 20:20:01.300168
5293,2966,DELIVERED,2026-05-11 20:51:01.300168
5294,2967,DELIVERING,2026-04-25 06:52:01.300168
5295,2967,DELIVERED,2026-04-25 07:23:01.300168
5296,2968,DELIVERING,2026-05-15 21:44:01.300168
5297,2968,DELIVERED,2026-05-15 22:12:01.300168
5298,2969,DELIVERING,2026-05-08 21:49:01.300168
5299,2969,DELIVERED,2026-05-08 22:15:01.300168
5300,2970,DELIVERING,2026-05-14 00:58:01.300168
5301,2970,DELIVERED,2026-05-14 01:18:01.300168
5302,2971,DELIVERING,2026-05-03 06:42:01.300168
5303,2971,DELIVERED,2026-05-03 07:04:01.300168
5304,2972,DELIVERING,2026-05-12 11:29:01.300168
5305,2972,DELIVERED,2026-05-12 11:59:01.300168
5306,2973,CANCELLED,2026-05-01 00:14:01.300168
5307,2974,DELIVERING,2026-05-07 19:29:01.300168
5308,2974,DELIVERED,2026-05-07 19:59:01.300168
5309,2975,DELIVERING,2026-04-26 04:34:01.300168
5310,2975,DELIVERED,2026-04-26 05:09:01.300168
5311,2976,DELIVERING,2026-05-14 14:23:01.300168
5312,2976,DELIVERED,2026-05-14 14:53:01.300168
5313,2977,DELIVERING,2026-04-27 15:51:01.300168
5314,2977,DELIVERED,2026-04-27 16:25:01.300168
5315,2978,DELIVERING,2026-05-12 20:19:01.300168
5316,2978,DELIVERED,2026-05-12 20:44:01.300168
5317,2979,DELIVERING,2026-05-08 01:32:01.300168
5318,2979,DELIVERED,2026-05-08 01:57:01.300168
5319,2980,CANCELLED,2026-04-27 23:19:01.300168
5320,2981,DELIVERING,2026-05-08 16:05:01.300168
5321,2981,DELIVERED,2026-05-08 16:35:01.300168
5322,2982,DELIVERING,2026-05-06 15:51:01.300168
5323,2982,DELIVERED,2026-05-06 16:14:01.300168
5324,2983,DELIVERING,2026-04-21 07:59:01.300168
5325,2983,DELIVERED,2026-04-21 08:18:01.300168
5326,2984,DELIVERING,2026-05-11 08:51:01.300168
5327,2984,DELIVERED,2026-05-11 09:14:01.300168
5328,2985,DELIVERING,2026-05-03 11:07:01.300168
5329,2985,DELIVERED,2026-05-03 11:27:01.300168
5330,2986,DELIVERING,2026-05-07 16:28:01.300168
5331,2986,DELIVERED,2026-05-07 17:03:01.300168
5332,2987,CANCELLED,2026-05-10 08:12:01.300168
5333,2988,DELIVERING,2026-05-12 09:30:01.300168
5334,2988,DELIVERED,2026-05-12 09:59:01.300168
5335,2989,DELIVERING,2026-05-14 03:17:01.300168
5336,2989,DELIVERED,2026-05-14 03:45:01.300168
5337,2990,DELIVERING,2026-04-30 13:36:01.300168
5338,2990,DELIVERED,2026-04-30 14:08:01.300168
5339,2991,DELIVERING,2026-05-14 14:23:01.300168
5340,2991,DELIVERED,2026-05-14 14:54:01.300168
5341,2992,DELIVERING,2026-04-29 10:32:01.300168
5342,2992,DELIVERED,2026-04-29 11:10:01.300168
5343,2993,DELIVERING,2026-04-30 10:36:01.300168
5344,2993,DELIVERED,2026-04-30 11:02:01.300168
5345,2995,DELIVERING,2026-05-17 11:38:01.300168
5346,2995,DELIVERED,2026-05-17 11:58:01.300168
5347,2996,DELIVERING,2026-04-27 13:04:01.300168
5348,2996,DELIVERED,2026-04-27 13:40:01.300168
5349,2997,DELIVERING,2026-04-22 17:52:01.300168
5350,2997,DELIVERED,2026-04-22 18:20:01.300168
5351,2998,DELIVERING,2026-05-07 11:04:01.300168
5352,2998,DELIVERED,2026-05-07 11:34:01.300168
5353,2999,DELIVERING,2026-05-08 03:03:01.300168
5354,2999,DELIVERED,2026-05-08 03:28:01.300168
5355,3000,DELIVERING,2026-04-22 08:39:01.300168
5356,3000,DELIVERED,2026-04-22 09:09:01.300168
5357,3001,DELIVERING,2026-05-11 18:16:01.300168
5358,3001,DELIVERED,2026-05-11 18:49:01.300168
5359,3002,DELIVERING,2026-05-11 21:47:01.300168
5360,3002,DELIVERED,2026-05-11 22:23:01.300168
5361,3003,DELIVERING,2026-04-23 16:09:01.300168
5362,3003,DELIVERED,2026-04-23 16:48:01.300168
5363,3004,DELIVERING,2026-05-16 15:10:01.300168
5364,3004,DELIVERED,2026-05-16 15:45:01.300168
5365,3005,DELIVERING,2026-05-12 06:50:01.300168
5366,3005,DELIVERED,2026-05-12 07:25:01.300168
5367,3006,DELIVERING,2026-04-28 14:13:01.300168
5368,3006,DELIVERED,2026-04-28 14:45:01.300168
5369,3007,DELIVERING,2026-05-17 15:44:01.300168
5370,3007,DELIVERED,2026-05-17 16:05:01.300168
5371,3008,CANCELLED,2026-05-02 06:25:01.300168
5372,3009,DELIVERING,2026-04-21 09:12:01.300168
5373,3009,DELIVERED,2026-04-21 09:32:01.300168
5374,3010,DELIVERING,2026-04-25 11:13:01.300168
5375,3010,DELIVERED,2026-04-25 11:46:01.300168
5376,3011,DELIVERING,2026-05-04 14:11:01.300168
5377,3011,DELIVERED,2026-05-04 14:34:01.300168
5378,3012,DELIVERING,2026-05-16 10:54:01.300168
5379,3012,DELIVERED,2026-05-16 11:23:01.300168
5380,3013,DELIVERING,2026-04-19 22:45:01.300168
5381,3013,DELIVERED,2026-04-19 23:01:01.300168
5382,3014,DELIVERING,2026-05-04 22:42:01.300168
5383,3014,DELIVERED,2026-05-04 23:12:01.300168
5384,3016,DELIVERING,2026-05-17 03:46:01.300168
5385,3016,DELIVERED,2026-05-17 04:08:01.300168
5386,3017,DELIVERING,2026-05-02 04:21:01.300168
5387,3017,DELIVERED,2026-05-02 04:45:01.300168
5388,3018,DELIVERING,2026-05-01 09:09:01.300168
5389,3018,DELIVERED,2026-05-01 09:28:01.300168
5390,3019,DELIVERING,2026-05-16 17:20:01.300168
5391,3019,DELIVERED,2026-05-16 17:42:01.300168
5392,3020,DELIVERING,2026-05-14 04:46:01.300168
5393,3020,DELIVERED,2026-05-14 05:23:01.300168
5394,3021,DELIVERING,2026-05-03 02:01:01.300168
5395,3021,DELIVERED,2026-05-03 02:25:01.300168
5396,3022,DELIVERING,2026-05-11 07:30:01.300168
5397,3022,DELIVERED,2026-05-11 07:45:01.300168
5398,3024,CANCELLED,2026-05-05 16:57:01.300168
5399,3025,DELIVERING,2026-05-09 17:38:01.300168
5400,3025,DELIVERED,2026-05-09 17:55:01.300168
5401,3026,DELIVERING,2026-05-17 06:10:01.300168
5402,3026,DELIVERED,2026-05-17 06:45:01.300168
5403,3027,DELIVERING,2026-05-04 22:50:01.300168
5404,3027,DELIVERED,2026-05-04 23:08:01.300168
5405,3028,DELIVERING,2026-05-14 00:51:01.300168
5406,3028,DELIVERED,2026-05-14 01:30:01.300168
5407,3029,DELIVERING,2026-04-20 07:45:01.300168
5408,3029,DELIVERED,2026-04-20 08:14:01.300168
5409,3030,DELIVERING,2026-05-14 04:59:01.300168
5410,3030,DELIVERED,2026-05-14 05:32:01.300168
5411,3031,DELIVERING,2026-04-26 22:19:01.300168
5412,3031,DELIVERED,2026-04-26 22:38:01.300168
5413,3032,CANCELLED,2026-05-13 23:09:01.300168
5414,3033,DELIVERING,2026-05-08 18:16:01.300168
5415,3033,DELIVERED,2026-05-08 18:47:01.300168
5416,3034,DELIVERING,2026-05-05 13:57:01.300168
5417,3034,DELIVERED,2026-05-05 14:18:01.300168
5418,3035,DELIVERING,2026-04-20 14:19:01.300168
5419,3035,DELIVERED,2026-04-20 14:50:01.300168
5420,3036,DELIVERING,2026-04-25 18:03:01.300168
5421,3036,DELIVERED,2026-04-25 18:19:01.300168
5422,3037,DELIVERING,2026-05-14 21:41:01.300168
5423,3037,DELIVERED,2026-05-14 22:09:01.300168
5424,3038,CANCELLED,2026-04-27 01:00:01.300168
5425,3039,DELIVERING,2026-05-05 09:22:01.300168
5426,3039,DELIVERED,2026-05-05 09:46:01.300168
5427,3040,DELIVERING,2026-04-19 22:17:01.300168
5428,3040,DELIVERED,2026-04-19 22:33:01.300168
5429,3041,DELIVERING,2026-05-06 19:34:01.300168
5430,3041,DELIVERED,2026-05-06 20:00:01.300168
5431,3042,DELIVERING,2026-05-07 13:54:01.300168
5432,3042,DELIVERED,2026-05-07 14:13:01.300168
5433,3043,DELIVERING,2026-05-02 13:03:01.300168
5434,3043,DELIVERED,2026-05-02 13:20:01.300168
5435,3044,DELIVERING,2026-05-08 08:47:01.300168
5436,3044,DELIVERED,2026-05-08 09:09:01.300168
5437,3045,DELIVERING,2026-04-26 05:00:01.300168
5438,3045,DELIVERED,2026-04-26 05:26:01.300168
5439,3046,DELIVERING,2026-04-28 16:30:01.300168
5440,3046,DELIVERED,2026-04-28 16:56:01.300168
5441,3048,DELIVERING,2026-05-19 05:01:01.300168
5442,3048,DELIVERED,2026-05-19 05:26:01.300168
5443,3049,DELIVERING,2026-05-09 16:30:01.300168
5444,3049,DELIVERED,2026-05-09 16:51:01.300168
5445,3050,DELIVERING,2026-05-05 13:19:01.300168
5446,3050,DELIVERED,2026-05-05 13:42:01.300168
5447,3051,DELIVERING,2026-04-23 12:38:01.300168
5448,3051,DELIVERED,2026-04-23 13:12:01.300168
5449,3052,DELIVERING,2026-05-03 01:55:01.300168
5450,3052,DELIVERED,2026-05-03 02:24:01.300168
5451,3053,DELIVERING,2026-04-21 08:48:01.300168
5452,3053,DELIVERED,2026-04-21 09:08:01.300168
5453,3054,DELIVERING,2026-05-18 19:01:01.300168
5454,3054,DELIVERED,2026-05-18 19:17:01.300168
5455,3055,DELIVERING,2026-05-18 04:34:01.300168
5456,3055,DELIVERED,2026-05-18 05:05:01.300168
5457,3056,DELIVERING,2026-05-14 10:29:01.300168
5458,3056,DELIVERED,2026-05-14 10:55:01.300168
5459,3057,DELIVERING,2026-05-15 20:57:01.300168
5460,3057,DELIVERED,2026-05-15 21:18:01.300168
5461,3058,DELIVERING,2026-04-30 01:55:01.300168
5462,3058,DELIVERED,2026-04-30 02:32:01.300168
5463,3059,DELIVERING,2026-05-05 11:56:01.300168
5464,3059,DELIVERED,2026-05-05 12:21:01.300168
5465,3060,DELIVERING,2026-05-14 14:00:01.300168
5466,3060,DELIVERED,2026-05-14 14:24:01.300168
5467,3061,DELIVERING,2026-05-11 22:23:01.300168
5468,3061,DELIVERED,2026-05-11 22:55:01.300168
5469,3062,DELIVERING,2026-04-29 23:53:01.300168
5470,3062,DELIVERED,2026-04-30 00:08:01.300168
5471,3063,DELIVERING,2026-05-01 09:28:01.300168
5472,3063,DELIVERED,2026-05-01 09:54:01.300168
5473,3064,DELIVERING,2026-05-03 11:23:01.300168
5474,3064,DELIVERED,2026-05-03 11:55:01.300168
5475,3065,DELIVERING,2026-05-17 03:39:01.300168
5476,3065,DELIVERED,2026-05-17 04:15:01.300168
5477,3066,DELIVERING,2026-05-17 13:30:01.300168
5478,3066,DELIVERED,2026-05-17 13:57:01.300168
5479,3067,DELIVERING,2026-04-22 12:06:01.300168
5480,3067,DELIVERED,2026-04-22 12:34:01.300168
5481,3068,DELIVERING,2026-04-23 16:19:01.300168
5482,3068,DELIVERED,2026-04-23 16:36:01.300168
5483,3069,CANCELLED,2026-04-23 13:29:01.300168
5484,3070,DELIVERING,2026-04-28 15:50:01.300168
5485,3070,DELIVERED,2026-04-28 16:24:01.300168
5486,3071,DELIVERING,2026-05-13 00:50:01.300168
5487,3071,DELIVERED,2026-05-13 01:13:01.300168
5488,3072,DELIVERING,2026-05-04 16:20:01.300168
5489,3072,DELIVERED,2026-05-04 16:45:01.300168
5490,3074,CANCELLED,2026-04-30 20:28:01.300168
5491,3075,DELIVERING,2026-04-24 14:46:01.300168
5492,3075,DELIVERED,2026-04-24 15:16:01.300168
5493,3076,DELIVERING,2026-04-26 12:03:01.300168
5494,3076,DELIVERED,2026-04-26 12:22:01.300168
5495,3077,DELIVERING,2026-05-19 13:11:01.300168
5496,3077,DELIVERED,2026-05-19 13:32:01.300168
5497,3078,DELIVERING,2026-05-08 07:49:01.300168
5498,3078,DELIVERED,2026-05-08 08:26:01.300168
5499,3079,CANCELLED,2026-05-19 01:15:01.300168
5500,3080,DELIVERING,2026-05-18 07:52:01.300168
5501,3080,DELIVERED,2026-05-18 08:28:01.300168
5502,3081,DELIVERING,2026-04-28 14:16:01.300168
5503,3081,DELIVERED,2026-04-28 14:39:01.300168
5504,3082,DELIVERING,2026-05-07 05:41:01.300168
5505,3082,DELIVERED,2026-05-07 06:08:01.300168
5506,3083,DELIVERING,2026-04-25 14:45:01.300168
5507,3083,DELIVERED,2026-04-25 15:15:01.300168
5508,3084,DELIVERING,2026-05-01 06:20:01.300168
5509,3084,DELIVERED,2026-05-01 06:52:01.300168
5510,3085,DELIVERING,2026-05-08 11:25:01.300168
5511,3085,DELIVERED,2026-05-08 11:55:01.300168
5512,3086,CANCELLED,2026-04-23 18:41:01.300168
5513,3087,DELIVERING,2026-05-09 14:15:01.300168
5514,3087,DELIVERED,2026-05-09 14:54:01.300168
5515,3088,DELIVERING,2026-05-03 22:25:01.300168
5516,3088,DELIVERED,2026-05-03 22:47:01.300168
5517,3089,DELIVERING,2026-04-24 17:21:01.300168
5518,3089,DELIVERED,2026-04-24 17:50:01.300168
5519,3090,DELIVERING,2026-05-01 13:31:01.300168
5520,3090,DELIVERED,2026-05-01 14:03:01.300168
5521,3091,DELIVERING,2026-05-18 01:56:01.300168
5522,3091,DELIVERED,2026-05-18 02:16:01.300168
5523,3092,DELIVERING,2026-04-29 16:31:01.300168
5524,3092,DELIVERED,2026-04-29 17:00:01.300168
5525,3093,DELIVERING,2026-05-02 08:13:01.300168
5526,3093,DELIVERED,2026-05-02 08:41:01.300168
5527,3094,DELIVERING,2026-05-02 21:29:01.300168
5528,3094,DELIVERED,2026-05-02 22:08:01.300168
5529,3095,DELIVERING,2026-05-03 19:58:01.300168
5530,3095,DELIVERED,2026-05-03 20:16:01.300168
5531,3097,DELIVERING,2026-05-16 16:51:01.300168
5532,3097,DELIVERED,2026-05-16 17:12:01.300168
5533,3098,DELIVERING,2026-05-04 13:05:01.300168
5534,3098,DELIVERED,2026-05-04 13:26:01.300168
5535,3099,DELIVERING,2026-04-21 09:18:01.300168
5536,3099,DELIVERED,2026-04-21 09:39:01.300168
5537,3100,DELIVERING,2026-04-21 14:41:01.300168
5538,3100,DELIVERED,2026-04-21 15:02:01.300168
5539,3101,DELIVERING,2026-05-05 05:00:01.300168
5540,3101,DELIVERED,2026-05-05 05:20:01.300168
5541,3102,DELIVERING,2026-05-05 06:24:01.300168
5542,3102,DELIVERED,2026-05-05 06:57:01.300168
5543,3103,DELIVERING,2026-05-08 19:47:01.300168
5544,3103,DELIVERED,2026-05-08 20:13:01.300168
5545,3104,DELIVERING,2026-05-10 02:18:01.300168
5546,3104,DELIVERED,2026-05-10 02:47:01.300168
5547,3105,CANCELLED,2026-05-19 04:00:01.300168
5548,3106,CANCELLED,2026-04-29 23:43:01.300168
5549,3107,CANCELLED,2026-05-17 15:21:01.300168
5550,3108,DELIVERING,2026-05-13 12:00:01.300168
5551,3108,DELIVERED,2026-05-13 12:21:01.300168
5552,3109,DELIVERING,2026-05-16 07:41:01.300168
5553,3109,DELIVERED,2026-05-16 08:01:01.300168
5554,3110,DELIVERING,2026-05-09 16:11:01.300168
5555,3110,DELIVERED,2026-05-09 16:45:01.300168
5556,3111,CANCELLED,2026-05-13 05:31:01.300168
5557,3112,DELIVERING,2026-04-20 08:21:01.300168
5558,3112,DELIVERED,2026-04-20 08:51:01.300168
5559,3114,DELIVERING,2026-05-07 23:48:01.300168
5560,3114,DELIVERED,2026-05-08 00:24:01.300168
5561,3115,DELIVERING,2026-05-17 06:00:01.300168
5562,3115,DELIVERED,2026-05-17 06:26:01.300168
5563,3116,DELIVERING,2026-05-08 17:58:01.300168
5564,3116,DELIVERED,2026-05-08 18:31:01.300168
5565,3117,DELIVERING,2026-05-19 09:53:01.300168
5566,3117,DELIVERED,2026-05-19 10:16:01.300168
5567,3118,DELIVERING,2026-04-24 19:47:01.300168
5568,3118,DELIVERED,2026-04-24 20:19:01.300168
5569,3119,DELIVERING,2026-05-11 03:55:01.300168
5570,3119,DELIVERED,2026-05-11 04:22:01.300168
5571,3120,DELIVERING,2026-05-15 07:15:01.300168
5572,3120,DELIVERED,2026-05-15 07:50:01.300168
5573,3121,DELIVERING,2026-05-19 15:54:01.300168
5574,3121,DELIVERED,2026-05-19 16:16:01.300168
5575,3123,DELIVERING,2026-05-13 14:46:01.300168
5576,3123,DELIVERED,2026-05-13 15:19:01.300168
5577,3124,DELIVERING,2026-05-16 22:09:01.300168
5578,3124,DELIVERED,2026-05-16 22:41:01.300168
5579,3125,DELIVERING,2026-05-05 18:57:01.300168
5580,3125,DELIVERED,2026-05-05 19:13:01.300168
5581,3126,DELIVERING,2026-05-02 23:22:01.300168
5582,3126,DELIVERED,2026-05-02 23:42:01.300168
5583,3127,DELIVERING,2026-05-06 21:10:01.300168
5584,3127,DELIVERED,2026-05-06 21:37:01.300168
5585,3128,DELIVERING,2026-05-14 21:49:01.300168
5586,3128,DELIVERED,2026-05-14 22:13:01.300168
5587,3129,DELIVERING,2026-04-27 09:22:01.300168
5588,3129,DELIVERED,2026-04-27 09:44:01.300168
5589,3130,CANCELLED,2026-05-15 07:58:01.300168
5590,3131,CANCELLED,2026-04-27 08:33:01.300168
5591,3132,DELIVERING,2026-05-14 10:36:01.300168
5592,3132,DELIVERED,2026-05-14 11:05:01.300168
5593,3133,DELIVERING,2026-05-01 23:01:01.300168
5594,3133,DELIVERED,2026-05-01 23:34:01.300168
5595,3134,DELIVERING,2026-05-18 09:36:01.300168
5596,3134,DELIVERED,2026-05-18 10:13:01.300168
5597,3135,DELIVERING,2026-05-03 01:05:01.300168
5598,3135,DELIVERED,2026-05-03 01:41:01.300168
5599,3136,DELIVERING,2026-04-21 09:44:01.300168
5600,3136,DELIVERED,2026-04-21 10:21:01.300168
5601,3137,DELIVERING,2026-04-25 22:19:01.300168
5602,3137,DELIVERED,2026-04-25 22:49:01.300168
5603,3138,DELIVERING,2026-04-20 04:19:01.300168
5604,3138,DELIVERED,2026-04-20 04:47:01.300168
5605,3139,DELIVERING,2026-05-14 04:50:01.300168
5606,3139,DELIVERED,2026-05-14 05:23:01.300168
5607,3140,DELIVERING,2026-04-29 17:13:01.300168
5608,3140,DELIVERED,2026-04-29 17:41:01.300168
5609,3141,DELIVERING,2026-05-16 20:45:01.300168
5610,3141,DELIVERED,2026-05-16 21:16:01.300168
5611,3142,DELIVERING,2026-05-16 19:08:01.300168
5612,3142,DELIVERED,2026-05-16 19:24:01.300168
5613,3143,DELIVERING,2026-05-16 04:24:01.300168
5614,3143,DELIVERED,2026-05-16 04:54:01.300168
5615,3144,CANCELLED,2026-05-17 05:04:01.300168
5616,3145,DELIVERING,2026-05-11 10:16:01.300168
5617,3145,DELIVERED,2026-05-11 10:50:01.300168
5618,3146,DELIVERING,2026-05-09 03:53:01.300168
5619,3146,DELIVERED,2026-05-09 04:19:01.300168
5620,3147,DELIVERING,2026-05-11 05:15:01.300168
5621,3147,DELIVERED,2026-05-11 05:51:01.300168
5622,3148,DELIVERING,2026-05-18 23:21:01.300168
5623,3148,DELIVERED,2026-05-18 23:53:01.300168
5624,3149,DELIVERING,2026-05-17 12:54:01.300168
5625,3149,DELIVERED,2026-05-17 13:27:01.300168
5626,3150,DELIVERING,2026-05-04 07:42:01.300168
5627,3150,DELIVERED,2026-05-04 07:59:01.300168
5628,3151,DELIVERING,2026-05-07 17:23:01.300168
5629,3151,DELIVERED,2026-05-07 17:58:01.300168
5630,3152,DELIVERING,2026-04-28 23:11:01.300168
5631,3152,DELIVERED,2026-04-28 23:46:01.300168
5632,3153,DELIVERING,2026-04-28 01:33:01.300168
5633,3153,DELIVERED,2026-04-28 01:59:01.300168
5634,3154,DELIVERING,2026-05-18 17:43:01.300168
5635,3154,DELIVERED,2026-05-18 18:02:01.300168
5636,3155,DELIVERING,2026-05-02 05:04:01.300168
5637,3155,DELIVERED,2026-05-02 05:31:01.300168
5638,3156,CANCELLED,2026-05-15 13:47:01.300168
5639,3157,CANCELLED,2026-05-07 05:16:01.300168
5640,3158,DELIVERING,2026-05-18 21:27:01.300168
5641,3158,DELIVERED,2026-05-18 21:57:01.300168
5642,3159,DELIVERING,2026-04-29 16:59:01.300168
5643,3159,DELIVERED,2026-04-29 17:18:01.300168
5644,3160,DELIVERING,2026-04-19 21:22:01.300168
5645,3160,DELIVERED,2026-04-19 21:46:01.300168
5646,3161,DELIVERING,2026-05-13 06:00:01.300168
5647,3161,DELIVERED,2026-05-13 06:28:01.300168
5648,3162,DELIVERING,2026-05-05 00:43:01.300168
5649,3162,DELIVERED,2026-05-05 01:17:01.300168
5650,3163,DELIVERING,2026-05-04 05:10:01.300168
5651,3163,DELIVERED,2026-05-04 05:44:01.300168
5652,3164,DELIVERING,2026-05-11 15:43:01.300168
5653,3164,DELIVERED,2026-05-11 16:03:01.300168
5654,3165,CANCELLED,2026-05-08 19:31:01.300168
5655,3166,DELIVERING,2026-04-23 20:36:01.300168
5656,3166,DELIVERED,2026-04-23 21:05:01.300168
5657,3167,DELIVERING,2026-05-14 16:33:01.300168
5658,3167,DELIVERED,2026-05-14 17:05:01.300168
5659,3168,DELIVERING,2026-04-23 23:59:01.300168
5660,3168,DELIVERED,2026-04-24 00:19:01.300168
5661,3169,DELIVERING,2026-04-24 04:15:01.300168
5662,3169,DELIVERED,2026-04-24 04:48:01.300168
5663,3170,DELIVERING,2026-05-11 09:16:01.300168
5664,3170,DELIVERED,2026-05-11 09:31:01.300168
5665,3171,DELIVERING,2026-05-04 14:31:01.300168
5666,3171,DELIVERED,2026-05-04 15:05:01.300168
5667,3172,DELIVERING,2026-05-05 18:04:01.300168
5668,3172,DELIVERED,2026-05-05 18:33:01.300168
5669,3173,DELIVERING,2026-05-12 18:18:01.300168
5670,3173,DELIVERED,2026-05-12 18:32:01.300168
5671,3174,DELIVERING,2026-04-21 07:47:01.300168
5672,3174,DELIVERED,2026-04-21 08:23:01.300168
5673,3175,DELIVERING,2026-05-18 16:48:01.300168
5674,3175,DELIVERED,2026-05-18 17:13:01.300168
5675,3176,DELIVERING,2026-04-22 13:00:01.300168
5676,3176,DELIVERED,2026-04-22 13:16:01.300168
5677,3177,CANCELLED,2026-05-03 21:03:01.300168
5678,3178,DELIVERING,2026-04-23 06:28:01.300168
5679,3178,DELIVERED,2026-04-23 06:55:01.300168
5680,3179,DELIVERING,2026-04-20 06:52:01.300168
5681,3179,DELIVERED,2026-04-20 07:16:01.300168
5682,3180,DELIVERING,2026-04-22 11:40:01.300168
5683,3180,DELIVERED,2026-04-22 12:10:01.300168
5684,3181,DELIVERING,2026-05-02 22:23:01.300168
5685,3181,DELIVERED,2026-05-02 22:43:01.300168
5686,3182,DELIVERING,2026-05-10 19:56:01.300168
5687,3182,DELIVERED,2026-05-10 20:15:01.300168
5688,3183,DELIVERING,2026-04-30 12:31:01.300168
5689,3183,DELIVERED,2026-04-30 12:48:01.300168
5690,3184,DELIVERING,2026-05-18 03:11:01.300168
5691,3184,DELIVERED,2026-05-18 03:48:01.300168
5692,3185,DELIVERING,2026-05-06 00:57:01.300168
5693,3185,DELIVERED,2026-05-06 01:20:01.300168
5694,3186,DELIVERING,2026-04-27 20:46:01.300168
5695,3186,DELIVERED,2026-04-27 21:10:01.300168
5696,3187,DELIVERING,2026-05-14 04:01:01.300168
5697,3187,DELIVERED,2026-05-14 04:21:01.300168
5698,3188,DELIVERING,2026-05-15 20:00:01.300168
5699,3188,DELIVERED,2026-05-15 20:26:01.300168
5700,3189,DELIVERING,2026-04-20 00:13:01.300168
5701,3189,DELIVERED,2026-04-20 00:50:01.300168
5702,3190,DELIVERING,2026-04-19 19:51:01.300168
5703,3190,DELIVERED,2026-04-19 20:19:01.300168
5704,3191,DELIVERING,2026-05-19 09:05:01.300168
5705,3191,DELIVERED,2026-05-19 09:24:01.300168
5706,3192,DELIVERING,2026-04-29 01:39:01.300168
5707,3192,DELIVERED,2026-04-29 02:00:01.300168
5708,3193,DELIVERING,2026-05-10 12:38:01.300168
5709,3193,DELIVERED,2026-05-10 12:58:01.300168
5710,3194,DELIVERING,2026-04-22 02:39:01.300168
5711,3194,DELIVERED,2026-04-22 02:55:01.300168
5712,3195,CANCELLED,2026-04-26 05:14:01.300168
5713,3196,DELIVERING,2026-04-23 16:40:01.300168
5714,3196,DELIVERED,2026-04-23 17:07:01.300168
5715,3197,CANCELLED,2026-04-23 22:37:01.300168
5716,3198,CANCELLED,2026-05-15 09:33:01.300168
5717,3200,DELIVERING,2026-05-14 12:30:01.300168
5718,3200,DELIVERED,2026-05-14 13:00:01.300168
5719,3201,DELIVERING,2026-05-15 01:59:01.300168
5720,3201,DELIVERED,2026-05-15 02:17:01.300168
5721,3202,CANCELLED,2026-04-30 12:58:01.300168
5722,3203,DELIVERING,2026-05-12 02:43:01.300168
5723,3203,DELIVERED,2026-05-12 03:13:01.300168
5724,3204,DELIVERING,2026-04-21 11:31:01.300168
5725,3204,DELIVERED,2026-04-21 12:08:01.300168
5726,3205,DELIVERING,2026-05-15 00:22:01.300168
5727,3205,DELIVERED,2026-05-15 00:51:01.300168
5728,3206,DELIVERING,2026-05-09 02:24:01.300168
5729,3206,DELIVERED,2026-05-09 02:55:01.300168
5730,3207,DELIVERING,2026-04-20 01:10:01.300168
5731,3207,DELIVERED,2026-04-20 01:38:01.300168
5732,3208,DELIVERING,2026-04-27 13:31:01.300168
5733,3208,DELIVERED,2026-04-27 14:09:01.300168
5734,3209,DELIVERING,2026-05-05 13:40:01.300168
5735,3209,DELIVERED,2026-05-05 14:08:01.300168
5736,3210,CANCELLED,2026-04-19 22:15:01.300168
5737,3211,CANCELLED,2026-05-11 04:19:01.300168
5738,3212,CANCELLED,2026-05-16 04:36:01.300168
5739,3213,DELIVERING,2026-05-13 00:04:01.300168
5740,3213,DELIVERED,2026-05-13 00:38:01.300168
5741,3214,CANCELLED,2026-05-05 23:09:01.300168
5742,3215,DELIVERING,2026-05-04 02:41:01.300168
5743,3215,DELIVERED,2026-05-04 03:10:01.300168
5744,3216,DELIVERING,2026-05-11 08:07:01.300168
5745,3216,DELIVERED,2026-05-11 08:44:01.300168
5746,3217,DELIVERING,2026-05-06 17:03:01.300168
5747,3217,DELIVERED,2026-05-06 17:23:01.300168
5748,3218,DELIVERING,2026-05-01 14:51:01.300168
5749,3218,DELIVERED,2026-05-01 15:29:01.300168
5750,3219,DELIVERING,2026-05-03 11:04:01.300168
5751,3219,DELIVERED,2026-05-03 11:35:01.300168
5752,3220,DELIVERING,2026-05-15 05:53:01.300168
5753,3220,DELIVERED,2026-05-15 06:21:01.300168
5754,3221,CANCELLED,2026-04-30 08:51:01.300168
5755,3222,DELIVERING,2026-05-12 05:49:01.300168
5756,3222,DELIVERED,2026-05-12 06:16:01.300168
5757,3223,DELIVERING,2026-04-22 03:18:01.300168
5758,3223,DELIVERED,2026-04-22 03:35:01.300168
5759,3224,DELIVERING,2026-05-04 12:45:01.300168
5760,3224,DELIVERED,2026-05-04 13:21:01.300168
5761,3225,DELIVERING,2026-05-14 08:37:01.300168
5762,3225,DELIVERED,2026-05-14 09:00:01.300168
5763,3226,DELIVERING,2026-04-27 07:43:01.300168
5764,3226,DELIVERED,2026-04-27 08:11:01.300168
5765,3227,DELIVERING,2026-05-16 05:57:01.300168
5766,3227,DELIVERED,2026-05-16 06:18:01.300168
5767,3228,DELIVERING,2026-05-03 13:30:01.300168
5768,3228,DELIVERED,2026-05-03 13:59:01.300168
5769,3230,DELIVERING,2026-05-06 05:51:01.300168
5770,3230,DELIVERED,2026-05-06 06:28:01.300168
5771,3231,DELIVERING,2026-05-13 03:27:01.300168
5772,3231,DELIVERED,2026-05-13 03:47:01.300168
5773,3232,DELIVERING,2026-05-04 13:33:01.300168
5774,3232,DELIVERED,2026-05-04 13:54:01.300168
5775,3233,DELIVERING,2026-04-28 14:46:01.300168
5776,3233,DELIVERED,2026-04-28 15:12:01.300168
5777,3234,DELIVERING,2026-05-13 08:17:01.300168
5778,3234,DELIVERED,2026-05-13 08:51:01.300168
5779,3235,CANCELLED,2026-05-01 01:26:01.300168
5780,3236,DELIVERING,2026-04-29 22:03:01.300168
5781,3236,DELIVERED,2026-04-29 22:34:01.300168
5782,3237,CANCELLED,2026-05-10 15:23:01.300168
5783,3238,DELIVERING,2026-04-24 17:34:01.300168
5784,3238,DELIVERED,2026-04-24 17:54:01.300168
5785,3239,DELIVERING,2026-05-03 22:27:01.300168
5786,3239,DELIVERED,2026-05-03 23:05:01.300168
5787,3240,DELIVERING,2026-05-03 17:56:01.300168
5788,3240,DELIVERED,2026-05-03 18:20:01.300168
5789,3241,DELIVERING,2026-04-29 01:45:01.300168
5790,3241,DELIVERED,2026-04-29 02:12:01.300168
5791,3242,DELIVERING,2026-05-19 06:18:01.300168
5792,3242,DELIVERED,2026-05-19 06:37:01.300168
5793,3243,CANCELLED,2026-05-03 00:29:01.300168
5794,3244,DELIVERING,2026-05-14 15:24:01.300168
5795,3244,DELIVERED,2026-05-14 15:56:01.300168
5796,3245,DELIVERING,2026-05-12 10:09:01.300168
5797,3245,DELIVERED,2026-05-12 10:28:01.300168
5798,3246,DELIVERING,2026-04-28 11:08:01.300168
5799,3246,DELIVERED,2026-04-28 11:23:01.300168
5800,3247,CANCELLED,2026-05-04 14:56:01.300168
5801,3248,DELIVERING,2026-04-23 00:25:01.300168
5802,3248,DELIVERED,2026-04-23 00:55:01.300168
5803,3250,DELIVERING,2026-04-24 22:18:01.300168
5804,3250,DELIVERED,2026-04-24 22:51:01.300168
5805,3251,CANCELLED,2026-05-01 09:58:01.300168
5806,3253,DELIVERING,2026-05-10 00:58:01.300168
5807,3253,DELIVERED,2026-05-10 01:28:01.300168
5808,3254,CANCELLED,2026-05-01 11:16:01.300168
5809,3255,DELIVERING,2026-04-23 05:15:01.300168
5810,3255,DELIVERED,2026-04-23 05:37:01.300168
5811,3256,DELIVERING,2026-04-25 08:16:01.300168
5812,3256,DELIVERED,2026-04-25 08:45:01.300168
5813,3257,DELIVERING,2026-05-18 07:25:01.300168
5814,3257,DELIVERED,2026-05-18 07:53:01.300168
5815,3258,DELIVERING,2026-04-28 06:36:01.300168
5816,3258,DELIVERED,2026-04-28 06:56:01.300168
5817,3259,DELIVERING,2026-05-18 09:46:01.300168
5818,3259,DELIVERED,2026-05-18 10:25:01.300168
5819,3260,DELIVERING,2026-05-04 07:10:01.300168
5820,3260,DELIVERED,2026-05-04 07:33:01.300168
5821,3261,DELIVERING,2026-04-30 04:46:01.300168
5822,3261,DELIVERED,2026-04-30 05:14:01.300168
5823,3262,DELIVERING,2026-05-18 12:43:01.300168
5824,3262,DELIVERED,2026-05-18 13:09:01.300168
5825,3263,CANCELLED,2026-05-15 12:18:01.300168
5826,3264,CANCELLED,2026-04-30 04:10:01.300168
5827,3265,DELIVERING,2026-04-26 15:23:01.300168
5828,3265,DELIVERED,2026-04-26 15:49:01.300168
5829,3266,DELIVERING,2026-04-21 18:33:01.300168
5830,3266,DELIVERED,2026-04-21 18:56:01.300168
5831,3267,DELIVERING,2026-05-16 05:59:01.300168
5832,3267,DELIVERED,2026-05-16 06:31:01.300168
5833,3268,DELIVERING,2026-05-11 21:24:01.300168
5834,3268,DELIVERED,2026-05-11 21:44:01.300168
5835,3269,DELIVERING,2026-05-11 01:07:01.300168
5836,3269,DELIVERED,2026-05-11 01:24:01.300168
5837,3270,DELIVERING,2026-05-09 17:46:01.300168
5838,3270,DELIVERED,2026-05-09 18:12:01.300168
5839,3271,CANCELLED,2026-04-30 18:37:01.300168
5840,3272,DELIVERING,2026-04-23 02:53:01.300168
5841,3272,DELIVERED,2026-04-23 03:18:01.300168
5842,3273,DELIVERING,2026-05-06 04:06:01.300168
5843,3273,DELIVERED,2026-05-06 04:41:01.300168
5844,3274,DELIVERING,2026-05-06 15:53:01.300168
5845,3274,DELIVERED,2026-05-06 16:25:01.300168
5846,3275,DELIVERING,2026-04-26 00:36:01.300168
5847,3275,DELIVERED,2026-04-26 01:07:01.300168
5848,3276,DELIVERING,2026-04-27 12:52:01.300168
5849,3276,DELIVERED,2026-04-27 13:19:01.300168
5850,3277,DELIVERING,2026-05-08 12:12:01.300168
5851,3277,DELIVERED,2026-05-08 12:33:01.300168
5852,3278,DELIVERING,2026-05-01 09:54:01.300168
5853,3278,DELIVERED,2026-05-01 10:19:01.300168
5854,3279,CANCELLED,2026-05-16 16:22:01.300168
5855,3280,DELIVERING,2026-04-26 11:39:01.300168
5856,3280,DELIVERED,2026-04-26 12:08:01.300168
5857,3282,DELIVERING,2026-04-22 17:08:01.300168
5858,3282,DELIVERED,2026-04-22 17:38:01.300168
5859,3283,DELIVERING,2026-04-24 11:33:01.300168
5860,3283,DELIVERED,2026-04-24 12:09:01.300168
5861,3284,DELIVERING,2026-05-06 16:12:01.300168
5862,3284,DELIVERED,2026-05-06 16:29:01.300168
5863,3285,DELIVERING,2026-05-11 14:34:01.300168
5864,3285,DELIVERED,2026-05-11 15:06:01.300168
5865,3286,DELIVERING,2026-05-11 09:58:01.300168
5866,3286,DELIVERED,2026-05-11 10:22:01.300168
5867,3287,DELIVERING,2026-05-09 22:20:01.300168
5868,3287,DELIVERED,2026-05-09 22:48:01.300168
5869,3288,CANCELLED,2026-05-02 23:05:01.300168
5870,3289,DELIVERING,2026-05-14 18:52:01.300168
5871,3289,DELIVERED,2026-05-14 19:25:01.300168
5872,3290,DELIVERING,2026-05-18 07:53:01.300168
5873,3290,DELIVERED,2026-05-18 08:11:01.300168
5874,3291,DELIVERING,2026-04-27 20:50:01.300168
5875,3291,DELIVERED,2026-04-27 21:27:01.300168
5876,3292,DELIVERING,2026-04-21 04:50:01.300168
5877,3292,DELIVERED,2026-04-21 05:16:01.300168
5878,3293,DELIVERING,2026-04-29 18:48:01.300168
5879,3293,DELIVERED,2026-04-29 19:08:01.300168
5880,3294,CANCELLED,2026-05-13 10:10:01.300168
5881,3295,CANCELLED,2026-05-17 01:50:01.300168
5882,3296,DELIVERING,2026-05-08 20:53:01.300168
5883,3296,DELIVERED,2026-05-08 21:30:01.300168
5884,3297,DELIVERING,2026-05-10 22:43:01.300168
5885,3297,DELIVERED,2026-05-10 23:19:01.300168
5886,3298,DELIVERING,2026-04-22 03:09:01.300168
5887,3298,DELIVERED,2026-04-22 03:30:01.300168
5888,3300,DELIVERING,2026-04-25 09:59:01.300168
5889,3300,DELIVERED,2026-04-25 10:30:01.300168
5890,3301,DELIVERING,2026-05-07 14:16:01.300168
5891,3301,DELIVERED,2026-05-07 14:38:01.300168
5892,3302,DELIVERING,2026-05-04 11:21:01.300168
5893,3302,DELIVERED,2026-05-04 11:59:01.300168
5894,3303,DELIVERING,2026-04-25 12:59:01.300168
5895,3303,DELIVERED,2026-04-25 13:33:01.300168
5896,3304,DELIVERING,2026-04-24 10:30:01.300168
5897,3304,DELIVERED,2026-04-24 11:08:01.300168
5898,3305,DELIVERING,2026-04-23 14:10:01.300168
5899,3305,DELIVERED,2026-04-23 14:45:01.300168
5900,3306,DELIVERING,2026-05-02 22:21:01.300168
5901,3306,DELIVERED,2026-05-02 22:48:01.300168
5902,3307,DELIVERING,2026-04-22 11:43:01.300168
5903,3307,DELIVERED,2026-04-22 12:16:01.300168
5904,3308,DELIVERING,2026-05-16 15:35:01.300168
5905,3308,DELIVERED,2026-05-16 16:08:01.300168
5906,3309,CANCELLED,2026-05-11 07:39:01.300168
5907,3310,DELIVERING,2026-04-30 17:25:01.300168
5908,3310,DELIVERED,2026-04-30 17:42:01.300168
5909,3312,DELIVERING,2026-05-08 07:48:01.300168
5910,3312,DELIVERED,2026-05-08 08:09:01.300168
5911,3314,CANCELLED,2026-05-18 03:18:01.300168
5912,3315,DELIVERING,2026-05-04 09:13:01.300168
5913,3315,DELIVERED,2026-05-04 09:38:01.300168
5914,3316,DELIVERING,2026-05-11 14:48:01.300168
5915,3316,DELIVERED,2026-05-11 15:13:01.300168
5916,3317,CANCELLED,2026-05-15 02:39:01.300168
5917,3318,DELIVERING,2026-04-20 11:38:01.300168
5918,3318,DELIVERED,2026-04-20 12:02:01.300168
5919,3319,DELIVERING,2026-04-29 15:59:01.300168
5920,3319,DELIVERED,2026-04-29 16:20:01.300168
5921,3320,DELIVERING,2026-05-11 10:11:01.300168
5922,3320,DELIVERED,2026-05-11 10:49:01.300168
5923,3321,DELIVERING,2026-05-04 18:24:01.300168
5924,3321,DELIVERED,2026-05-04 18:55:01.300168
5925,3322,DELIVERING,2026-04-26 13:41:01.300168
5926,3322,DELIVERED,2026-04-26 14:10:01.300168
5927,3323,CANCELLED,2026-05-03 11:24:01.300168
5928,3325,DELIVERING,2026-04-30 23:42:01.300168
5929,3325,DELIVERED,2026-05-01 00:20:01.300168
5930,3326,DELIVERING,2026-05-06 05:02:01.300168
5931,3326,DELIVERED,2026-05-06 05:23:01.300168
5932,3327,DELIVERING,2026-04-25 01:32:01.300168
5933,3327,DELIVERED,2026-04-25 01:49:01.300168
5934,3328,DELIVERING,2026-04-23 08:11:01.300168
5935,3328,DELIVERED,2026-04-23 08:33:01.300168
5936,3329,DELIVERING,2026-04-20 10:36:01.300168
5937,3329,DELIVERED,2026-04-20 10:55:01.300168
5938,3330,DELIVERING,2026-05-12 09:21:01.300168
5939,3330,DELIVERED,2026-05-12 09:50:01.300168
5940,3331,CANCELLED,2026-04-30 02:52:01.300168
5941,3332,DELIVERING,2026-04-25 00:00:01.300168
5942,3332,DELIVERED,2026-04-25 00:18:01.300168
5943,3333,DELIVERING,2026-05-18 11:22:01.300168
5944,3333,DELIVERED,2026-05-18 11:50:01.300168
5945,3334,CANCELLED,2026-05-07 17:54:01.300168
5946,3335,DELIVERING,2026-04-26 07:16:01.300168
5947,3335,DELIVERED,2026-04-26 07:48:01.300168
5948,3337,CANCELLED,2026-05-18 13:09:01.300168
5949,3338,DELIVERING,2026-05-13 18:52:01.300168
5950,3338,DELIVERED,2026-05-13 19:30:01.300168
5951,3339,DELIVERING,2026-05-14 21:55:01.300168
5952,3339,DELIVERED,2026-05-14 22:31:01.300168
5953,3340,DELIVERING,2026-04-23 10:32:01.300168
5954,3340,DELIVERED,2026-04-23 10:52:01.300168
5955,3341,DELIVERING,2026-05-14 13:55:01.300168
5956,3341,DELIVERED,2026-05-14 14:26:01.300168
5957,3343,DELIVERING,2026-05-01 01:20:01.300168
5958,3343,DELIVERED,2026-05-01 01:40:01.300168
5959,3344,DELIVERING,2026-05-07 06:03:01.300168
5960,3344,DELIVERED,2026-05-07 06:28:01.300168
5961,3345,DELIVERING,2026-05-15 19:07:01.300168
5962,3345,DELIVERED,2026-05-15 19:33:01.300168
5963,3346,DELIVERING,2026-05-02 09:39:01.300168
5964,3346,DELIVERED,2026-05-02 10:04:01.300168
5965,3347,DELIVERING,2026-04-29 20:54:01.300168
5966,3347,DELIVERED,2026-04-29 21:15:01.300168
5967,3348,DELIVERING,2026-05-02 00:14:01.300168
5968,3348,DELIVERED,2026-05-02 00:33:01.300168
5969,3349,DELIVERING,2026-04-29 07:08:01.300168
5970,3349,DELIVERED,2026-04-29 07:33:01.300168
5971,3350,DELIVERING,2026-05-13 11:24:01.300168
5972,3350,DELIVERED,2026-05-13 11:47:01.300168
5973,3351,DELIVERING,2026-04-22 11:00:01.300168
5974,3351,DELIVERED,2026-04-22 11:22:01.300168
5975,3352,DELIVERING,2026-04-29 14:41:01.300168
5976,3352,DELIVERED,2026-04-29 15:15:01.300168
5977,3353,DELIVERING,2026-04-25 13:43:01.300168
5978,3353,DELIVERED,2026-04-25 14:14:01.300168
5979,3355,DELIVERING,2026-04-20 06:31:01.300168
5980,3355,DELIVERED,2026-04-20 06:53:01.300168
5981,3356,DELIVERING,2026-05-03 07:51:01.300168
5982,3356,DELIVERED,2026-05-03 08:17:01.300168
5983,3357,DELIVERING,2026-04-20 03:41:01.300168
5984,3357,DELIVERED,2026-04-20 03:56:01.300168
5985,3358,DELIVERING,2026-05-11 04:44:01.300168
5986,3358,DELIVERED,2026-05-11 05:09:01.300168
5987,3359,DELIVERING,2026-05-02 21:48:01.300168
5988,3359,DELIVERED,2026-05-02 22:19:01.300168
5989,3360,DELIVERING,2026-05-10 03:48:01.300168
5990,3360,DELIVERED,2026-05-10 04:20:01.300168
5991,3361,DELIVERING,2026-04-24 11:10:01.300168
5992,3361,DELIVERED,2026-04-24 11:28:01.300168
5993,3362,DELIVERING,2026-04-30 14:18:01.300168
5994,3362,DELIVERED,2026-04-30 14:45:01.300168
5995,3363,DELIVERING,2026-05-09 02:59:01.300168
5996,3363,DELIVERED,2026-05-09 03:26:01.300168
5997,3364,CANCELLED,2026-04-20 23:33:01.300168
5998,3365,DELIVERING,2026-04-30 19:20:01.300168
5999,3365,DELIVERED,2026-04-30 19:53:01.300168
6000,3366,DELIVERING,2026-05-14 07:10:01.300168
6001,3366,DELIVERED,2026-05-14 07:46:01.300168
6002,3367,DELIVERING,2026-04-25 18:01:01.300168
6003,3367,DELIVERED,2026-04-25 18:22:01.300168
6004,3368,DELIVERING,2026-05-13 10:56:01.300168
6005,3368,DELIVERED,2026-05-13 11:33:01.300168
6006,3369,DELIVERING,2026-05-12 06:24:01.300168
6007,3369,DELIVERED,2026-05-12 06:42:01.300168
6008,3370,DELIVERING,2026-05-16 17:12:01.300168
6009,3370,DELIVERED,2026-05-16 17:25:01.300168
6010,3371,DELIVERING,2026-04-23 02:18:01.300168
6011,3371,DELIVERED,2026-04-23 02:54:01.300168
6012,3372,DELIVERING,2026-05-12 04:57:01.300168
6013,3372,DELIVERED,2026-05-12 05:29:01.300168
6014,3373,DELIVERING,2026-05-14 00:00:01.300168
6015,3373,DELIVERED,2026-05-14 00:21:01.300168
6016,3374,DELIVERING,2026-04-28 14:02:01.300168
6017,3374,DELIVERED,2026-04-28 14:35:01.300168
6018,3375,DELIVERING,2026-05-06 18:55:01.300168
6019,3375,DELIVERED,2026-05-06 19:24:01.300168
6020,3377,DELIVERING,2026-05-01 16:46:01.300168
6021,3377,DELIVERED,2026-05-01 17:12:01.300168
6022,3378,DELIVERING,2026-05-07 09:26:01.300168
6023,3378,DELIVERED,2026-05-07 09:54:01.300168
6024,3379,DELIVERING,2026-05-03 07:29:01.300168
6025,3379,DELIVERED,2026-05-03 07:59:01.300168
6026,3380,DELIVERING,2026-05-06 15:36:01.300168
6027,3380,DELIVERED,2026-05-06 16:01:01.300168
6028,3381,DELIVERING,2026-04-20 01:43:01.300168
6029,3381,DELIVERED,2026-04-20 02:09:01.300168
6030,3383,DELIVERING,2026-04-20 07:29:01.300168
6031,3383,DELIVERED,2026-04-20 07:54:01.300168
6032,3384,DELIVERING,2026-04-28 22:32:01.300168
6033,3384,DELIVERED,2026-04-28 22:50:01.300168
6034,3385,DELIVERING,2026-04-22 09:56:01.300168
6035,3385,DELIVERED,2026-04-22 10:27:01.300168
6036,3386,DELIVERING,2026-05-03 09:02:01.300168
6037,3386,DELIVERED,2026-05-03 09:29:01.300168
6038,3387,DELIVERING,2026-05-08 13:12:01.300168
6039,3387,DELIVERED,2026-05-08 13:41:01.300168
6040,3388,DELIVERING,2026-05-18 09:47:01.300168
6041,3388,DELIVERED,2026-05-18 10:10:01.300168
6042,3389,DELIVERING,2026-04-21 04:36:01.300168
6043,3389,DELIVERED,2026-04-21 04:57:01.300168
6044,3390,DELIVERING,2026-04-30 16:16:01.300168
6045,3390,DELIVERED,2026-04-30 16:55:01.300168
6046,3391,DELIVERING,2026-05-10 09:38:01.300168
6047,3391,DELIVERED,2026-05-10 10:04:01.300168
6048,3392,DELIVERING,2026-05-05 20:24:01.300168
6049,3392,DELIVERED,2026-05-05 20:54:01.300168
6050,3393,DELIVERING,2026-05-07 21:04:01.300168
6051,3393,DELIVERED,2026-05-07 21:30:01.300168
6052,3394,DELIVERING,2026-04-25 01:59:01.300168
6053,3394,DELIVERED,2026-04-25 02:17:01.300168
6054,3395,DELIVERING,2026-05-15 11:57:01.300168
6055,3395,DELIVERED,2026-05-15 12:27:01.300168
6056,3396,DELIVERING,2026-04-23 14:47:01.300168
6057,3396,DELIVERED,2026-04-23 15:17:01.300168
6058,3397,CANCELLED,2026-05-19 02:53:01.300168
6059,3398,DELIVERING,2026-05-18 07:38:01.300168
6060,3398,DELIVERED,2026-05-18 08:07:01.300168
6061,3399,DELIVERING,2026-05-03 21:45:01.300168
6062,3399,DELIVERED,2026-05-03 22:12:01.300168
6063,3400,DELIVERING,2026-05-09 06:52:01.300168
6064,3400,DELIVERED,2026-05-09 07:20:01.300168
6065,3401,DELIVERING,2026-05-17 04:53:01.300168
6066,3401,DELIVERED,2026-05-17 05:25:01.300168
6067,3402,DELIVERING,2026-05-05 05:57:01.300168
6068,3402,DELIVERED,2026-05-05 06:32:01.300168
6069,3403,DELIVERING,2026-05-01 02:21:01.300168
6070,3403,DELIVERED,2026-05-01 02:45:01.300168
6071,3404,DELIVERING,2026-05-03 07:02:01.300168
6072,3404,DELIVERED,2026-05-03 07:24:01.300168
6073,3405,DELIVERING,2026-04-23 00:14:01.300168
6074,3405,DELIVERED,2026-04-23 00:47:01.300168
6075,3406,CANCELLED,2026-05-09 10:38:01.300168
6076,3407,DELIVERING,2026-05-11 04:20:01.300168
6077,3407,DELIVERED,2026-05-11 04:58:01.300168
6078,3408,DELIVERING,2026-05-05 17:50:01.300168
6079,3408,DELIVERED,2026-05-05 18:15:01.300168
6080,3409,DELIVERING,2026-05-18 04:13:01.300168
6081,3409,DELIVERED,2026-05-18 04:35:01.300168
6082,3410,DELIVERING,2026-05-14 03:01:01.300168
6083,3410,DELIVERED,2026-05-14 03:20:01.300168
6084,3411,DELIVERING,2026-04-19 20:43:01.300168
6085,3411,DELIVERED,2026-04-19 21:02:01.300168
6086,3412,DELIVERING,2026-05-15 16:32:01.300168
6087,3412,DELIVERED,2026-05-15 16:52:01.300168
6088,3413,DELIVERING,2026-04-24 12:18:01.300168
6089,3413,DELIVERED,2026-04-24 12:47:01.300168
6090,3414,DELIVERING,2026-05-17 14:02:01.300168
6091,3414,DELIVERED,2026-05-17 14:31:01.300168
6092,3415,DELIVERING,2026-05-05 22:51:01.300168
6093,3415,DELIVERED,2026-05-05 23:21:01.300168
6094,3416,DELIVERING,2026-05-09 17:26:01.300168
6095,3416,DELIVERED,2026-05-09 17:46:01.300168
6096,3417,DELIVERING,2026-05-19 01:00:01.300168
6097,3417,DELIVERED,2026-05-19 01:32:01.300168
6098,3418,DELIVERING,2026-05-14 15:32:01.300168
6099,3418,DELIVERED,2026-05-14 16:05:01.300168
6100,3419,CANCELLED,2026-04-29 03:57:01.300168
6101,3420,DELIVERING,2026-05-05 11:22:01.300168
6102,3420,DELIVERED,2026-05-05 11:52:01.300168
6103,3421,DELIVERING,2026-05-02 15:56:01.300168
6104,3421,DELIVERED,2026-05-02 16:14:01.300168
6105,3422,CANCELLED,2026-04-25 11:26:01.300168
6106,3423,DELIVERING,2026-04-22 01:30:01.300168
6107,3423,DELIVERED,2026-04-22 01:51:01.300168
6108,3424,DELIVERING,2026-05-18 11:33:01.300168
6109,3424,DELIVERED,2026-05-18 11:51:01.300168
6110,3425,DELIVERING,2026-05-02 06:18:01.300168
6111,3425,DELIVERED,2026-05-02 06:48:01.300168
6112,3427,DELIVERING,2026-04-28 06:30:01.300168
6113,3427,DELIVERED,2026-04-28 07:05:01.300168
6114,3428,DELIVERING,2026-05-02 15:13:01.300168
6115,3428,DELIVERED,2026-05-02 15:49:01.300168
6116,3429,DELIVERING,2026-04-20 17:18:01.300168
6117,3429,DELIVERED,2026-04-20 17:49:01.300168
6118,3430,DELIVERING,2026-05-16 03:06:01.300168
6119,3430,DELIVERED,2026-05-16 03:28:01.300168
6120,3431,DELIVERING,2026-04-26 18:41:01.300168
6121,3431,DELIVERED,2026-04-26 19:06:01.300168
6122,3432,DELIVERING,2026-05-02 12:38:01.300168
6123,3432,DELIVERED,2026-05-02 13:12:01.300168
6124,3433,DELIVERING,2026-04-20 05:51:01.300168
6125,3433,DELIVERED,2026-04-20 06:19:01.300168
6126,3434,DELIVERING,2026-04-22 00:27:01.300168
6127,3434,DELIVERED,2026-04-22 00:55:01.300168
6128,3435,DELIVERING,2026-05-16 23:11:01.300168
6129,3435,DELIVERED,2026-05-16 23:50:01.300168
6130,3436,DELIVERING,2026-05-10 12:44:01.300168
6131,3436,DELIVERED,2026-05-10 13:10:01.300168
6132,3437,DELIVERING,2026-04-28 09:53:01.300168
6133,3437,DELIVERED,2026-04-28 10:07:01.300168
6134,3439,DELIVERING,2026-05-01 18:29:01.300168
6135,3439,DELIVERED,2026-05-01 19:00:01.300168
6136,3441,DELIVERING,2026-05-04 16:54:01.300168
6137,3441,DELIVERED,2026-05-04 17:31:01.300168
6138,3442,DELIVERING,2026-04-23 01:58:01.300168
6139,3442,DELIVERED,2026-04-23 02:27:01.300168
6140,3443,DELIVERING,2026-05-03 17:52:01.300168
6141,3443,DELIVERED,2026-05-03 18:20:01.300168
6142,3444,DELIVERING,2026-05-16 12:55:01.300168
6143,3444,DELIVERED,2026-05-16 13:25:01.300168
6144,3446,CANCELLED,2026-05-03 23:56:01.300168
6145,3447,DELIVERING,2026-05-15 15:32:01.300168
6146,3447,DELIVERED,2026-05-15 15:59:01.300168
6147,3448,DELIVERING,2026-05-03 22:01:01.300168
6148,3448,DELIVERED,2026-05-03 22:20:01.300168
6149,3449,DELIVERING,2026-05-11 22:35:01.300168
6150,3449,DELIVERED,2026-05-11 23:06:01.300168
6151,3450,DELIVERING,2026-05-18 13:23:01.300168
6152,3450,DELIVERED,2026-05-18 13:41:01.300168
6153,3451,CANCELLED,2026-04-22 01:26:01.300168
6154,3452,DELIVERING,2026-05-17 09:55:01.300168
6155,3452,DELIVERED,2026-05-17 10:23:01.300168
6156,3453,DELIVERING,2026-05-16 02:37:01.300168
6157,3453,DELIVERED,2026-05-16 03:07:01.300168
6158,3454,CANCELLED,2026-05-01 10:23:01.300168
6159,3455,CANCELLED,2026-05-01 19:25:01.300168
6160,3456,CANCELLED,2026-04-24 22:16:01.300168
6161,3457,DELIVERING,2026-05-05 23:21:01.300168
6162,3457,DELIVERED,2026-05-05 23:48:01.300168
6163,3458,DELIVERING,2026-05-05 08:47:01.300168
6164,3458,DELIVERED,2026-05-05 09:23:01.300168
6165,3459,DELIVERING,2026-05-13 19:46:01.300168
6166,3459,DELIVERED,2026-05-13 20:21:01.300168
6167,3460,DELIVERING,2026-04-20 10:19:01.300168
6168,3460,DELIVERED,2026-04-20 10:45:01.300168
6169,3461,CANCELLED,2026-05-16 12:29:01.300168
6170,3462,DELIVERING,2026-05-17 23:28:01.300168
6171,3462,DELIVERED,2026-05-17 23:57:01.300168
6172,3464,DELIVERING,2026-05-04 17:35:01.300168
6173,3464,DELIVERED,2026-05-04 18:00:01.300168
6174,3465,DELIVERING,2026-04-20 06:56:01.300168
6175,3465,DELIVERED,2026-04-20 07:22:01.300168
6176,3466,DELIVERING,2026-05-11 08:48:01.300168
6177,3466,DELIVERED,2026-05-11 09:22:01.300168
6178,3467,DELIVERING,2026-05-09 17:06:01.300168
6179,3467,DELIVERED,2026-05-09 17:24:01.300168
6180,3468,DELIVERING,2026-04-29 10:49:01.300168
6181,3468,DELIVERED,2026-04-29 11:04:01.300168
6182,3469,DELIVERING,2026-04-28 01:21:01.300168
6183,3469,DELIVERED,2026-04-28 01:43:01.300168
6184,3470,DELIVERING,2026-05-16 10:11:01.300168
6185,3470,DELIVERED,2026-05-16 10:35:01.300168
6186,3471,DELIVERING,2026-05-18 14:57:01.300168
6187,3471,DELIVERED,2026-05-18 15:20:01.300168
6188,3472,CANCELLED,2026-04-25 21:19:01.300168
6189,3473,DELIVERING,2026-05-12 06:02:01.300168
6190,3473,DELIVERED,2026-05-12 06:37:01.300168
6191,3474,DELIVERING,2026-04-25 09:42:01.300168
6192,3474,DELIVERED,2026-04-25 10:19:01.300168
6193,3475,DELIVERING,2026-04-22 17:48:01.300168
6194,3475,DELIVERED,2026-04-22 18:22:01.300168
6195,3476,DELIVERING,2026-05-03 18:12:01.300168
6196,3476,DELIVERED,2026-05-03 18:34:01.300168
6197,3477,DELIVERING,2026-04-25 12:24:01.300168
6198,3477,DELIVERED,2026-04-25 12:45:01.300168
6199,3478,CANCELLED,2026-05-18 18:55:01.300168
6200,3479,DELIVERING,2026-05-01 17:45:01.300168
6201,3479,DELIVERED,2026-05-01 18:24:01.300168
6202,3480,DELIVERING,2026-05-05 04:23:01.300168
6203,3480,DELIVERED,2026-05-05 04:53:01.300168
6204,3481,CANCELLED,2026-05-06 05:26:01.300168
6205,3482,DELIVERING,2026-04-28 00:29:01.300168
6206,3482,DELIVERED,2026-04-28 00:56:01.300168
6207,3483,DELIVERING,2026-05-16 10:16:01.300168
6208,3483,DELIVERED,2026-05-16 10:49:01.300168
6209,3484,DELIVERING,2026-04-28 11:33:01.300168
6210,3484,DELIVERED,2026-04-28 12:10:01.300168
6211,3485,CANCELLED,2026-05-01 22:45:01.300168
6212,3486,DELIVERING,2026-04-20 18:49:01.300168
6213,3486,DELIVERED,2026-04-20 19:10:01.300168
6214,3487,DELIVERING,2026-04-23 11:23:01.300168
6215,3487,DELIVERED,2026-04-23 11:55:01.300168
6216,3488,CANCELLED,2026-05-10 17:01:01.300168
6217,3489,DELIVERING,2026-05-06 14:23:01.300168
6218,3489,DELIVERED,2026-05-06 15:01:01.300168
6219,3490,DELIVERING,2026-04-22 01:28:01.300168
6220,3490,DELIVERED,2026-04-22 02:06:01.300168
6221,3491,CANCELLED,2026-05-10 06:26:01.300168
6222,3493,DELIVERING,2026-05-04 08:34:01.300168
6223,3493,DELIVERED,2026-05-04 09:02:01.300168
6224,3494,DELIVERING,2026-04-24 10:46:01.300168
6225,3494,DELIVERED,2026-04-24 11:04:01.300168
6226,3495,DELIVERING,2026-04-26 03:22:01.300168
6227,3495,DELIVERED,2026-04-26 03:40:01.300168
6228,3496,DELIVERING,2026-04-25 18:56:01.300168
6229,3496,DELIVERED,2026-04-25 19:27:01.300168
6230,3497,DELIVERING,2026-04-21 16:57:01.300168
6231,3497,DELIVERED,2026-04-21 17:17:01.300168
6232,3498,DELIVERING,2026-05-13 00:00:01.300168
6233,3498,DELIVERED,2026-05-13 00:40:01.300168
6234,3499,DELIVERING,2026-05-18 07:43:01.300168
6235,3499,DELIVERED,2026-05-18 08:20:01.300168
6236,3500,DELIVERING,2026-05-06 09:48:01.300168
6237,3500,DELIVERED,2026-05-06 10:26:01.300168
6238,3501,DELIVERING,2026-04-23 12:18:01.300168
6239,3501,DELIVERED,2026-04-23 12:38:01.300168
6240,3503,DELIVERING,2026-05-05 15:14:01.300168
6241,3503,DELIVERED,2026-05-05 15:48:01.300168
6242,3504,CANCELLED,2026-05-17 04:42:01.300168
6243,3505,DELIVERING,2026-05-16 19:50:01.300168
6244,3505,DELIVERED,2026-05-16 20:26:01.300168
6245,3506,DELIVERING,2026-05-10 17:50:01.300168
6246,3506,DELIVERED,2026-05-10 18:11:01.300168
6247,3507,DELIVERING,2026-05-12 13:58:01.300168
6248,3507,DELIVERED,2026-05-12 14:37:01.300168
6249,3508,CANCELLED,2026-04-23 02:47:01.300168
6250,3509,DELIVERING,2026-05-09 00:42:01.300168
6251,3509,DELIVERED,2026-05-09 01:03:01.300168
6252,3510,DELIVERING,2026-05-13 02:53:01.300168
6253,3510,DELIVERED,2026-05-13 03:30:01.300168
6254,3511,DELIVERING,2026-04-30 21:54:01.300168
6255,3511,DELIVERED,2026-04-30 22:22:01.300168
6256,3512,DELIVERING,2026-04-25 19:10:01.300168
6257,3512,DELIVERED,2026-04-25 19:43:01.300168
6258,3513,DELIVERING,2026-05-05 12:55:01.300168
6259,3513,DELIVERED,2026-05-05 13:23:01.300168
6260,3514,DELIVERING,2026-04-30 13:10:01.300168
6261,3514,DELIVERED,2026-04-30 13:38:01.300168
6262,3515,DELIVERING,2026-05-13 00:16:01.300168
6263,3515,DELIVERED,2026-05-13 00:33:01.300168
6264,3516,DELIVERING,2026-04-27 07:05:01.300168
6265,3516,DELIVERED,2026-04-27 07:41:01.300168
6266,3517,DELIVERING,2026-05-06 10:39:01.300168
6267,3517,DELIVERED,2026-05-06 11:18:01.300168
6268,3518,DELIVERING,2026-05-05 00:22:01.300168
6269,3518,DELIVERED,2026-05-05 00:56:01.300168
6270,3519,DELIVERING,2026-05-08 19:21:01.300168
6271,3519,DELIVERED,2026-05-08 19:51:01.300168
6272,3520,DELIVERING,2026-04-30 03:33:01.300168
6273,3520,DELIVERED,2026-04-30 04:04:01.300168
6274,3521,DELIVERING,2026-05-11 11:51:01.300168
6275,3521,DELIVERED,2026-05-11 12:22:01.300168
6276,3522,DELIVERING,2026-05-03 07:24:01.300168
6277,3522,DELIVERED,2026-05-03 07:51:01.300168
6278,3523,DELIVERING,2026-05-13 13:40:01.300168
6279,3523,DELIVERED,2026-05-13 14:09:01.300168
6280,3524,DELIVERING,2026-05-19 07:59:01.300168
6281,3524,DELIVERED,2026-05-19 08:38:01.300168
6282,3525,DELIVERING,2026-05-11 12:38:01.300168
6283,3525,DELIVERED,2026-05-11 12:56:01.300168
6284,3526,CANCELLED,2026-05-19 01:13:01.300168
6285,3527,DELIVERING,2026-05-15 01:52:01.300168
6286,3527,DELIVERED,2026-05-15 02:18:01.300168
6287,3528,DELIVERING,2026-04-23 23:00:01.300168
6288,3528,DELIVERED,2026-04-23 23:18:01.300168
6289,3529,DELIVERING,2026-05-09 05:54:01.300168
6290,3529,DELIVERED,2026-05-09 06:27:01.300168
6291,3530,DELIVERING,2026-04-26 07:00:01.300168
6292,3530,DELIVERED,2026-04-26 07:20:01.300168
6293,3531,DELIVERING,2026-04-20 20:37:01.300168
6294,3531,DELIVERED,2026-04-20 20:57:01.300168
6295,3532,DELIVERING,2026-05-19 01:30:01.300168
6296,3532,DELIVERED,2026-05-19 01:52:01.300168
6297,3533,DELIVERING,2026-05-03 01:08:01.300168
6298,3533,DELIVERED,2026-05-03 01:29:01.300168
6299,3534,DELIVERING,2026-04-23 10:38:01.300168
6300,3534,DELIVERED,2026-04-23 10:58:01.300168
6301,3535,DELIVERING,2026-05-07 23:41:01.300168
6302,3535,DELIVERED,2026-05-08 00:13:01.300168
6303,3536,DELIVERING,2026-05-07 10:35:01.300168
6304,3536,DELIVERED,2026-05-07 10:56:01.300168
6305,3537,DELIVERING,2026-04-20 09:08:01.300168
6306,3537,DELIVERED,2026-04-20 09:37:01.300168
6307,3538,DELIVERING,2026-05-14 20:18:01.300168
6308,3538,DELIVERED,2026-05-14 20:54:01.300168
6309,3539,DELIVERING,2026-04-26 02:39:01.300168
6310,3539,DELIVERED,2026-04-26 03:12:01.300168
6311,3540,DELIVERING,2026-05-02 02:08:01.300168
6312,3540,DELIVERED,2026-05-02 02:44:01.300168
6313,3541,DELIVERING,2026-05-13 12:23:01.300168
6314,3541,DELIVERED,2026-05-13 12:55:01.300168
6315,3542,DELIVERING,2026-05-04 09:42:01.300168
6316,3542,DELIVERED,2026-05-04 09:58:01.300168
6317,3543,DELIVERING,2026-05-02 23:23:01.300168
6318,3543,DELIVERED,2026-05-02 23:43:01.300168
6319,3544,DELIVERING,2026-05-01 17:06:01.300168
6320,3544,DELIVERED,2026-05-01 17:37:01.300168
6321,3545,DELIVERING,2026-05-07 12:51:01.300168
6322,3545,DELIVERED,2026-05-07 13:22:01.300168
6323,3546,DELIVERING,2026-04-27 18:03:01.300168
6324,3546,DELIVERED,2026-04-27 18:34:01.300168
6325,3547,CANCELLED,2026-05-08 00:42:01.300168
6326,3548,CANCELLED,2026-05-16 03:09:01.300168
6327,3549,DELIVERING,2026-05-17 12:18:01.300168
6328,3549,DELIVERED,2026-05-17 12:41:01.300168
6329,3550,DELIVERING,2026-04-26 00:40:01.300168
6330,3550,DELIVERED,2026-04-26 00:57:01.300168
6331,3551,DELIVERING,2026-04-23 05:06:01.300168
6332,3551,DELIVERED,2026-04-23 05:26:01.300168
6333,3552,DELIVERING,2026-05-16 06:15:01.300168
6334,3552,DELIVERED,2026-05-16 06:48:01.300168
6335,3553,DELIVERING,2026-05-05 16:40:01.300168
6336,3553,DELIVERED,2026-05-05 17:17:01.300168
6337,3555,DELIVERING,2026-05-19 03:04:01.300168
6338,3555,DELIVERED,2026-05-19 03:31:01.300168
6339,3556,DELIVERING,2026-04-26 17:24:01.300168
6340,3556,DELIVERED,2026-04-26 17:42:01.300168
6341,3557,DELIVERING,2026-05-14 07:31:01.300168
6342,3557,DELIVERED,2026-05-14 07:48:01.300168
6343,3558,CANCELLED,2026-04-26 15:09:01.300168
6344,3559,DELIVERING,2026-04-29 14:58:01.300168
6345,3559,DELIVERED,2026-04-29 15:26:01.300168
6346,3560,DELIVERING,2026-05-12 20:56:01.300168
6347,3560,DELIVERED,2026-05-12 21:18:01.300168
6348,3561,DELIVERING,2026-04-26 20:16:01.300168
6349,3561,DELIVERED,2026-04-26 20:36:01.300168
6350,3562,CANCELLED,2026-05-10 15:10:01.300168
6351,3563,DELIVERING,2026-05-10 07:06:01.300168
6352,3563,DELIVERED,2026-05-10 07:31:01.300168
6353,3564,DELIVERING,2026-04-30 06:51:01.300168
6354,3564,DELIVERED,2026-04-30 07:23:01.300168
6355,3565,CANCELLED,2026-05-01 02:18:01.300168
6356,3566,DELIVERING,2026-05-18 18:40:01.300168
6357,3566,DELIVERED,2026-05-18 19:11:01.300168
6358,3567,DELIVERING,2026-04-26 06:23:01.300168
6359,3567,DELIVERED,2026-04-26 06:47:01.300168
6360,3568,CANCELLED,2026-05-03 08:39:01.300168
6361,3569,DELIVERING,2026-04-26 17:12:01.300168
6362,3569,DELIVERED,2026-04-26 17:33:01.300168
6363,3570,DELIVERING,2026-05-11 10:44:01.300168
6364,3570,DELIVERED,2026-05-11 11:01:01.300168
6365,3571,DELIVERING,2026-05-10 22:18:01.300168
6366,3571,DELIVERED,2026-05-10 22:38:01.300168
6367,3572,DELIVERING,2026-05-14 17:56:01.300168
6368,3572,DELIVERED,2026-05-14 18:18:01.300168
6369,3573,DELIVERING,2026-04-27 19:41:01.300168
6370,3573,DELIVERED,2026-04-27 20:06:01.300168
6371,3574,DELIVERING,2026-05-07 11:14:01.300168
6372,3574,DELIVERED,2026-05-07 11:39:01.300168
6373,3575,DELIVERING,2026-05-10 08:40:01.300168
6374,3575,DELIVERED,2026-05-10 09:05:01.300168
6375,3576,DELIVERING,2026-05-12 08:38:01.300168
6376,3576,DELIVERED,2026-05-12 08:58:01.300168
6377,3578,CANCELLED,2026-05-14 17:25:01.300168
6378,3579,DELIVERING,2026-04-29 16:21:01.300168
6379,3579,DELIVERED,2026-04-29 16:55:01.300168
6380,3580,DELIVERING,2026-04-30 23:12:01.300168
6381,3580,DELIVERED,2026-04-30 23:26:01.300168
6382,3581,DELIVERING,2026-05-14 10:54:01.300168
6383,3581,DELIVERED,2026-05-14 11:13:01.300168
6384,3582,CANCELLED,2026-05-14 11:13:01.300168
6385,3583,DELIVERING,2026-05-10 10:29:01.300168
6386,3583,DELIVERED,2026-05-10 11:05:01.300168
6387,3584,DELIVERING,2026-05-15 01:42:01.300168
6388,3584,DELIVERED,2026-05-15 02:14:01.300168
6389,3585,DELIVERING,2026-04-20 20:19:01.300168
6390,3585,DELIVERED,2026-04-20 20:44:01.300168
6391,3587,DELIVERING,2026-05-09 03:01:01.300168
6392,3587,DELIVERED,2026-05-09 03:38:01.300168
6393,3588,DELIVERING,2026-05-18 19:05:01.300168
6394,3588,DELIVERED,2026-05-18 19:39:01.300168
6395,3589,DELIVERING,2026-05-12 04:04:01.300168
6396,3589,DELIVERED,2026-05-12 04:23:01.300168
6397,3590,DELIVERING,2026-05-09 02:32:01.300168
6398,3590,DELIVERED,2026-05-09 02:56:01.300168
6399,3591,DELIVERING,2026-05-11 13:29:01.300168
6400,3591,DELIVERED,2026-05-11 13:49:01.300168
6401,3592,DELIVERING,2026-05-16 01:29:01.300168
6402,3592,DELIVERED,2026-05-16 01:53:01.300168
6403,3593,DELIVERING,2026-05-04 18:04:01.300168
6404,3593,DELIVERED,2026-05-04 18:25:01.300168
6405,3594,DELIVERING,2026-05-14 05:30:01.300168
6406,3594,DELIVERED,2026-05-14 05:51:01.300168
6407,3595,DELIVERING,2026-05-19 11:08:01.300168
6408,3595,DELIVERED,2026-05-19 11:44:01.300168
6409,3596,DELIVERING,2026-05-09 17:51:01.300168
6410,3596,DELIVERED,2026-05-09 18:26:01.300168
6411,3597,DELIVERING,2026-04-23 22:19:01.300168
6412,3597,DELIVERED,2026-04-23 22:50:01.300168
6413,3598,CANCELLED,2026-05-16 23:31:01.300168
6414,3599,DELIVERING,2026-05-14 00:59:01.300168
6415,3599,DELIVERED,2026-05-14 01:19:01.300168
6416,3600,DELIVERING,2026-05-08 05:02:01.300168
6417,3600,DELIVERED,2026-05-08 05:38:01.300168
6418,3601,DELIVERING,2026-05-13 17:31:01.300168
6419,3601,DELIVERED,2026-05-13 18:07:01.300168
6420,3602,DELIVERING,2026-04-24 19:38:01.300168
6421,3602,DELIVERED,2026-04-24 20:02:01.300168
6422,3603,CANCELLED,2026-05-08 01:55:01.300168
6423,3604,DELIVERING,2026-04-27 14:08:01.300168
6424,3604,DELIVERED,2026-04-27 14:32:01.300168
6425,3605,DELIVERING,2026-04-30 08:08:01.300168
6426,3605,DELIVERED,2026-04-30 08:43:01.300168
6427,3606,DELIVERING,2026-05-02 18:38:01.300168
6428,3606,DELIVERED,2026-05-02 19:01:01.300168
6429,3607,DELIVERING,2026-05-11 01:12:01.300168
6430,3607,DELIVERED,2026-05-11 01:48:01.300168
6431,3608,CANCELLED,2026-04-21 08:41:01.300168
6432,3609,DELIVERING,2026-04-28 11:31:01.300168
6433,3609,DELIVERED,2026-04-28 11:51:01.300168
6434,3610,DELIVERING,2026-04-28 11:46:01.300168
6435,3610,DELIVERED,2026-04-28 12:12:01.300168
6436,3612,DELIVERING,2026-05-19 09:26:01.300168
6437,3612,DELIVERED,2026-05-19 09:57:01.300168
6438,3613,DELIVERING,2026-04-25 00:30:01.300168
6439,3613,DELIVERED,2026-04-25 01:08:01.300168
6440,3614,CANCELLED,2026-05-10 02:43:01.300168
6441,3615,DELIVERING,2026-04-28 01:13:01.300168
6442,3615,DELIVERED,2026-04-28 01:48:01.300168
6443,3616,DELIVERING,2026-05-07 06:38:01.300168
6444,3616,DELIVERED,2026-05-07 06:59:01.300168
6445,3617,DELIVERING,2026-04-28 23:00:01.300168
6446,3617,DELIVERED,2026-04-28 23:21:01.300168
6447,3618,DELIVERING,2026-05-04 10:51:01.300168
6448,3618,DELIVERED,2026-05-04 11:15:01.300168
6449,3619,DELIVERING,2026-05-05 18:48:01.300168
6450,3619,DELIVERED,2026-05-05 19:19:01.300168
6451,3620,DELIVERING,2026-05-05 11:07:01.300168
6452,3620,DELIVERED,2026-05-05 11:31:01.300168
6453,3621,DELIVERING,2026-05-04 14:29:01.300168
6454,3621,DELIVERED,2026-05-04 15:07:01.300168
6455,3622,DELIVERING,2026-05-03 03:07:01.300168
6456,3622,DELIVERED,2026-05-03 03:38:01.300168
6457,3623,DELIVERING,2026-05-02 16:17:01.300168
6458,3623,DELIVERED,2026-05-02 16:46:01.300168
6459,3624,DELIVERING,2026-04-21 20:40:01.300168
6460,3624,DELIVERED,2026-04-21 21:05:01.300168
6461,3625,DELIVERING,2026-05-06 07:37:01.300168
6462,3625,DELIVERED,2026-05-06 08:09:01.300168
6463,3626,CANCELLED,2026-04-29 09:18:01.300168
6464,3627,DELIVERING,2026-05-14 15:14:01.300168
6465,3627,DELIVERED,2026-05-14 15:47:01.300168
6466,3628,DELIVERING,2026-05-16 02:08:01.300168
6467,3628,DELIVERED,2026-05-16 02:38:01.300168
6468,3629,DELIVERING,2026-05-08 23:16:01.300168
6469,3629,DELIVERED,2026-05-08 23:48:01.300168
6470,3630,DELIVERING,2026-04-22 17:14:01.300168
6471,3630,DELIVERED,2026-04-22 17:37:01.300168
6472,3632,DELIVERING,2026-05-05 06:15:01.300168
6473,3632,DELIVERED,2026-05-05 06:36:01.300168
6474,3633,CANCELLED,2026-05-17 18:15:01.300168
6475,3634,DELIVERING,2026-04-30 12:56:01.300168
6476,3634,DELIVERED,2026-04-30 13:31:01.300168
6477,3635,DELIVERING,2026-05-16 11:37:01.300168
6478,3635,DELIVERED,2026-05-16 11:53:01.300168
6479,3636,DELIVERING,2026-05-18 06:24:01.300168
6480,3636,DELIVERED,2026-05-18 06:41:01.300168
6481,3637,DELIVERING,2026-05-19 10:25:01.300168
6482,3637,DELIVERED,2026-05-19 10:57:01.300168
6483,3638,CANCELLED,2026-05-05 03:50:01.300168
6484,3639,DELIVERING,2026-05-02 02:45:01.300168
6485,3639,DELIVERED,2026-05-02 03:13:01.300168
6486,3640,DELIVERING,2026-05-07 14:40:01.300168
6487,3640,DELIVERED,2026-05-07 15:05:01.300168
6488,3641,DELIVERING,2026-04-24 20:42:01.300168
6489,3641,DELIVERED,2026-04-24 21:04:01.300168
6490,3642,DELIVERING,2026-04-20 01:10:01.300168
6491,3642,DELIVERED,2026-04-20 01:40:01.300168
6492,3643,DELIVERING,2026-05-12 00:16:01.300168
6493,3643,DELIVERED,2026-05-12 00:53:01.300168
6494,3644,DELIVERING,2026-04-27 23:57:01.300168
6495,3644,DELIVERED,2026-04-28 00:26:01.300168
6496,3645,DELIVERING,2026-04-22 06:09:01.300168
6497,3645,DELIVERED,2026-04-22 06:26:01.300168
6498,3646,DELIVERING,2026-04-26 04:19:01.300168
6499,3646,DELIVERED,2026-04-26 04:48:01.300168
6500,3647,DELIVERING,2026-04-25 09:48:01.300168
6501,3647,DELIVERED,2026-04-25 10:10:01.300168
6502,3648,DELIVERING,2026-05-03 19:02:01.300168
6503,3648,DELIVERED,2026-05-03 19:39:01.300168
6504,3649,DELIVERING,2026-05-11 19:45:01.300168
6505,3649,DELIVERED,2026-05-11 20:16:01.300168
6506,3650,CANCELLED,2026-05-18 14:36:01.300168
6507,3651,DELIVERING,2026-05-07 15:28:01.300168
6508,3651,DELIVERED,2026-05-07 16:07:01.300168
6509,3652,DELIVERING,2026-04-27 16:29:01.300168
6510,3652,DELIVERED,2026-04-27 16:53:01.300168
6511,3653,DELIVERING,2026-04-24 19:13:01.300168
6512,3653,DELIVERED,2026-04-24 19:43:01.300168
6513,3654,DELIVERING,2026-05-02 18:51:01.300168
6514,3654,DELIVERED,2026-05-02 19:04:01.300168
6515,3655,DELIVERING,2026-05-16 05:00:01.300168
6516,3655,DELIVERED,2026-05-16 05:28:01.300168
6517,3656,DELIVERING,2026-04-23 13:23:01.300168
6518,3656,DELIVERED,2026-04-23 13:54:01.300168
6519,3657,DELIVERING,2026-05-01 07:11:01.300168
6520,3657,DELIVERED,2026-05-01 07:42:01.300168
6521,3658,DELIVERING,2026-05-09 11:14:01.300168
6522,3658,DELIVERED,2026-05-09 11:29:01.300168
6523,3659,DELIVERING,2026-05-08 23:44:01.300168
6524,3659,DELIVERED,2026-05-09 00:13:01.300168
6525,3660,DELIVERING,2026-04-25 08:46:01.300168
6526,3660,DELIVERED,2026-04-25 09:19:01.300168
6527,3661,DELIVERING,2026-05-04 06:18:01.300168
6528,3661,DELIVERED,2026-05-04 06:47:01.300168
6529,3662,DELIVERING,2026-05-18 13:31:01.300168
6530,3662,DELIVERED,2026-05-18 13:54:01.300168
6531,3663,DELIVERING,2026-05-14 22:34:01.300168
6532,3663,DELIVERED,2026-05-14 23:06:01.300168
6533,3664,DELIVERING,2026-04-24 19:46:01.300168
6534,3664,DELIVERED,2026-04-24 20:18:01.300168
6535,3665,DELIVERING,2026-05-11 03:53:01.300168
6536,3665,DELIVERED,2026-05-11 04:17:01.300168
6537,3666,DELIVERING,2026-05-13 06:12:01.300168
6538,3666,DELIVERED,2026-05-13 06:33:01.300168
6539,3667,DELIVERING,2026-05-14 05:25:01.300168
6540,3667,DELIVERED,2026-05-14 05:44:01.300168
6541,3668,DELIVERING,2026-04-27 03:31:01.300168
6542,3668,DELIVERED,2026-04-27 03:54:01.300168
6543,3669,DELIVERING,2026-04-24 11:05:01.300168
6544,3669,DELIVERED,2026-04-24 11:45:01.300168
6545,3670,CANCELLED,2026-04-27 07:48:01.300168
6546,3671,DELIVERING,2026-04-29 17:25:01.300168
6547,3671,DELIVERED,2026-04-29 17:47:01.300168
6548,3672,DELIVERING,2026-05-07 05:01:01.300168
6549,3672,DELIVERED,2026-05-07 05:24:01.300168
6550,3673,CANCELLED,2026-05-03 23:18:01.300168
6551,3674,DELIVERING,2026-04-23 10:51:01.300168
6552,3674,DELIVERED,2026-04-23 11:29:01.300168
6553,3675,DELIVERING,2026-04-28 06:05:01.300168
6554,3675,DELIVERED,2026-04-28 06:44:01.300168
6555,3676,DELIVERING,2026-04-23 22:17:01.300168
6556,3676,DELIVERED,2026-04-23 22:33:01.300168
6557,3677,DELIVERING,2026-05-12 19:15:01.300168
6558,3677,DELIVERED,2026-05-12 19:50:01.300168
6559,3678,CANCELLED,2026-05-18 05:25:01.300168
6560,3679,DELIVERING,2026-05-18 12:48:01.300168
6561,3679,DELIVERED,2026-05-18 13:06:01.300168
6562,3680,DELIVERING,2026-05-08 19:35:01.300168
6563,3680,DELIVERED,2026-05-08 20:07:01.300168
6564,3681,DELIVERING,2026-05-09 01:24:01.300168
6565,3681,DELIVERED,2026-05-09 01:51:01.300168
6566,3682,DELIVERING,2026-04-22 18:29:01.300168
6567,3682,DELIVERED,2026-04-22 18:57:01.300168
6568,3683,DELIVERING,2026-05-05 06:47:01.300168
6569,3683,DELIVERED,2026-05-05 07:15:01.300168
6570,3684,CANCELLED,2026-05-15 07:07:01.300168
6571,3685,CANCELLED,2026-05-11 09:11:01.300168
6572,3686,DELIVERING,2026-04-29 22:32:01.300168
6573,3686,DELIVERED,2026-04-29 22:57:01.300168
6574,3687,DELIVERING,2026-05-07 10:33:01.300168
6575,3687,DELIVERED,2026-05-07 11:06:01.300168
6576,3688,DELIVERING,2026-05-05 16:54:01.300168
6577,3688,DELIVERED,2026-05-05 17:08:01.300168
6578,3689,DELIVERING,2026-05-09 04:23:01.300168
6579,3689,DELIVERED,2026-05-09 04:56:01.300168
6580,3690,DELIVERING,2026-05-09 22:15:01.300168
6581,3690,DELIVERED,2026-05-09 22:41:01.300168
6582,3691,DELIVERING,2026-04-30 12:59:01.300168
6583,3691,DELIVERED,2026-04-30 13:15:01.300168
6584,3692,DELIVERING,2026-05-01 18:44:01.300168
6585,3692,DELIVERED,2026-05-01 19:06:01.300168
6586,3693,DELIVERING,2026-05-07 11:15:01.300168
6587,3693,DELIVERED,2026-05-07 11:38:01.300168
6588,3695,DELIVERING,2026-05-07 21:21:01.300168
6589,3695,DELIVERED,2026-05-07 21:43:01.300168
6590,3696,DELIVERING,2026-05-11 16:44:01.300168
6591,3696,DELIVERED,2026-05-11 17:23:01.300168
6592,3697,CANCELLED,2026-05-12 00:57:01.300168
6593,3698,DELIVERING,2026-04-20 04:52:01.300168
6594,3698,DELIVERED,2026-04-20 05:23:01.300168
6595,3699,CANCELLED,2026-05-06 01:13:01.300168
6596,3700,DELIVERING,2026-05-19 02:58:01.300168
6597,3700,DELIVERED,2026-05-19 03:20:01.300168
6598,3701,DELIVERING,2026-05-04 22:35:01.300168
6599,3701,DELIVERED,2026-05-04 23:00:01.300168
6600,3702,DELIVERING,2026-04-21 22:00:01.300168
6601,3702,DELIVERED,2026-04-21 22:26:01.300168
6602,3703,DELIVERING,2026-05-18 03:43:01.300168
6603,3703,DELIVERED,2026-05-18 04:14:01.300168
6604,3704,CANCELLED,2026-05-09 07:50:01.300168
6605,3705,CANCELLED,2026-05-11 17:18:01.300168
6606,3706,DELIVERING,2026-05-15 09:08:01.300168
6607,3706,DELIVERED,2026-05-15 09:27:01.300168
6608,3707,DELIVERING,2026-05-08 09:31:01.300168
6609,3707,DELIVERED,2026-05-08 09:55:01.300168
6610,3708,DELIVERING,2026-05-16 02:37:01.300168
6611,3708,DELIVERED,2026-05-16 03:03:01.300168
6612,3709,DELIVERING,2026-04-21 09:03:01.300168
6613,3709,DELIVERED,2026-04-21 09:36:01.300168
6614,3710,DELIVERING,2026-05-11 04:57:01.300168
6615,3710,DELIVERED,2026-05-11 05:24:01.300168
6616,3711,DELIVERING,2026-05-04 16:50:01.300168
6617,3711,DELIVERED,2026-05-04 17:21:01.300168
6618,3712,DELIVERING,2026-04-25 13:43:01.300168
6619,3712,DELIVERED,2026-04-25 13:57:01.300168
6620,3713,DELIVERING,2026-05-19 15:52:01.300168
6621,3713,DELIVERED,2026-05-19 16:10:01.300168
6622,3714,DELIVERING,2026-05-14 14:34:01.300168
6623,3714,DELIVERED,2026-05-14 14:55:01.300168
6624,3715,DELIVERING,2026-04-26 01:55:01.300168
6625,3715,DELIVERED,2026-04-26 02:17:01.300168
6626,3716,DELIVERING,2026-04-20 06:43:01.300168
6627,3716,DELIVERED,2026-04-20 07:16:01.300168
6628,3717,DELIVERING,2026-05-12 03:35:01.300168
6629,3717,DELIVERED,2026-05-12 03:56:01.300168
6630,3718,DELIVERING,2026-04-21 01:59:01.300168
6631,3718,DELIVERED,2026-04-21 02:22:01.300168
6632,3719,DELIVERING,2026-04-27 07:49:01.300168
6633,3719,DELIVERED,2026-04-27 08:11:01.300168
6634,3720,CANCELLED,2026-04-22 01:59:01.300168
6635,3721,DELIVERING,2026-04-30 01:31:01.300168
6636,3721,DELIVERED,2026-04-30 02:03:01.300168
6637,3722,DELIVERING,2026-05-19 08:20:01.300168
6638,3722,DELIVERED,2026-05-19 08:57:01.300168
6639,3723,DELIVERING,2026-04-25 01:23:01.300168
6640,3723,DELIVERED,2026-04-25 01:53:01.300168
6641,3724,DELIVERING,2026-05-08 03:14:01.300168
6642,3724,DELIVERED,2026-05-08 03:37:01.300168
6643,3725,CANCELLED,2026-04-23 09:50:01.300168
6644,3726,CANCELLED,2026-05-13 19:42:01.300168
6645,3727,CANCELLED,2026-04-23 11:13:01.300168
6646,3728,DELIVERING,2026-05-18 04:34:01.300168
6647,3728,DELIVERED,2026-05-18 05:06:01.300168
6648,3729,CANCELLED,2026-04-28 01:12:01.300168
6649,3730,DELIVERING,2026-05-19 04:24:01.300168
6650,3730,DELIVERED,2026-05-19 04:56:01.300168
6651,3731,DELIVERING,2026-05-02 01:43:01.300168
6652,3731,DELIVERED,2026-05-02 02:05:01.300168
6653,3732,DELIVERING,2026-04-30 02:13:01.300168
6654,3732,DELIVERED,2026-04-30 02:34:01.300168
6655,3733,DELIVERING,2026-05-08 12:56:01.300168
6656,3733,DELIVERED,2026-05-08 13:13:01.300168
6657,3734,DELIVERING,2026-05-14 03:47:01.300168
6658,3734,DELIVERED,2026-05-14 04:08:01.300168
6659,3735,DELIVERING,2026-05-18 07:24:01.300168
6660,3735,DELIVERED,2026-05-18 07:47:01.300168
6661,3736,DELIVERING,2026-05-16 18:03:01.300168
6662,3736,DELIVERED,2026-05-16 18:38:01.300168
6663,3737,DELIVERING,2026-05-13 02:30:01.300168
6664,3737,DELIVERED,2026-05-13 03:04:01.300168
6665,3738,DELIVERING,2026-05-10 04:03:01.300168
6666,3738,DELIVERED,2026-05-10 04:21:01.300168
6667,3739,DELIVERING,2026-04-27 19:33:01.300168
6668,3739,DELIVERED,2026-04-27 20:01:01.300168
6669,3740,DELIVERING,2026-05-05 21:11:01.300168
6670,3740,DELIVERED,2026-05-05 21:28:01.300168
6671,3741,DELIVERING,2026-05-01 18:04:01.300168
6672,3741,DELIVERED,2026-05-01 18:29:01.300168
6673,3742,DELIVERING,2026-04-20 11:08:01.300168
6674,3742,DELIVERED,2026-04-20 11:30:01.300168
6675,3743,DELIVERING,2026-05-07 03:09:01.300168
6676,3743,DELIVERED,2026-05-07 03:40:01.300168
6677,3744,DELIVERING,2026-04-22 13:15:01.300168
6678,3744,DELIVERED,2026-04-22 13:33:01.300168
6679,3745,DELIVERING,2026-04-26 00:25:01.300168
6680,3745,DELIVERED,2026-04-26 00:45:01.300168
6681,3746,DELIVERING,2026-04-27 18:40:01.300168
6682,3746,DELIVERED,2026-04-27 19:05:01.300168
6683,3747,DELIVERING,2026-05-18 13:39:01.300168
6684,3747,DELIVERED,2026-05-18 14:18:01.300168
6685,3748,DELIVERING,2026-05-13 00:42:01.300168
6686,3748,DELIVERED,2026-05-13 01:00:01.300168
6687,3749,DELIVERING,2026-04-26 21:44:01.300168
6688,3749,DELIVERED,2026-04-26 22:11:01.300168
6689,3750,DELIVERING,2026-05-16 22:03:01.300168
6690,3750,DELIVERED,2026-05-16 22:33:01.300168
6691,3751,DELIVERING,2026-04-24 13:21:01.300168
6692,3751,DELIVERED,2026-04-24 13:49:01.300168
6693,3752,DELIVERING,2026-05-07 14:48:01.300168
6694,3752,DELIVERED,2026-05-07 15:26:01.300168
6695,3753,DELIVERING,2026-05-17 15:28:01.300168
6696,3753,DELIVERED,2026-05-17 15:51:01.300168
6697,3754,DELIVERING,2026-04-30 05:30:01.300168
6698,3754,DELIVERED,2026-04-30 05:45:01.300168
6699,3755,DELIVERING,2026-04-22 21:54:01.300168
6700,3755,DELIVERED,2026-04-22 22:10:01.300168
6701,3756,DELIVERING,2026-05-05 01:10:01.300168
6702,3756,DELIVERED,2026-05-05 01:31:01.300168
6703,3758,CANCELLED,2026-05-12 10:34:01.300168
6704,3759,DELIVERING,2026-05-02 15:41:01.300168
6705,3759,DELIVERED,2026-05-02 15:56:01.300168
6706,3760,DELIVERING,2026-04-29 14:33:01.300168
6707,3760,DELIVERED,2026-04-29 14:57:01.300168
6708,3761,DELIVERING,2026-05-02 23:52:01.300168
6709,3761,DELIVERED,2026-05-03 00:10:01.300168
6710,3762,DELIVERING,2026-05-04 16:09:01.300168
6711,3762,DELIVERED,2026-05-04 16:39:01.300168
6712,3763,DELIVERING,2026-05-04 01:19:01.300168
6713,3763,DELIVERED,2026-05-04 01:50:01.300168
6714,3764,DELIVERING,2026-05-07 15:16:01.300168
6715,3764,DELIVERED,2026-05-07 15:44:01.300168
6716,3765,DELIVERING,2026-05-08 00:33:01.300168
6717,3765,DELIVERED,2026-05-08 01:10:01.300168
6718,3767,DELIVERING,2026-05-02 06:37:01.300168
6719,3767,DELIVERED,2026-05-02 07:08:01.300168
6720,3768,DELIVERING,2026-05-19 09:28:01.300168
6721,3768,DELIVERED,2026-05-19 10:03:01.300168
6722,3769,DELIVERING,2026-04-29 00:36:01.300168
6723,3769,DELIVERED,2026-04-29 01:05:01.300168
6724,3770,DELIVERING,2026-05-03 13:09:01.300168
6725,3770,DELIVERED,2026-05-03 13:46:01.300168
6726,3771,DELIVERING,2026-04-29 23:01:01.300168
6727,3771,DELIVERED,2026-04-29 23:28:01.300168
6728,3772,CANCELLED,2026-05-01 17:03:01.300168
6729,3773,DELIVERING,2026-04-24 13:13:01.300168
6730,3773,DELIVERED,2026-04-24 13:39:01.300168
6731,3774,DELIVERING,2026-05-07 18:02:01.300168
6732,3774,DELIVERED,2026-05-07 18:29:01.300168
6733,3775,DELIVERING,2026-04-27 21:34:01.300168
6734,3775,DELIVERED,2026-04-27 21:53:01.300168
6735,3776,DELIVERING,2026-05-14 06:32:01.300168
6736,3776,DELIVERED,2026-05-14 06:58:01.300168
6737,3777,DELIVERING,2026-04-23 03:42:01.300168
6738,3777,DELIVERED,2026-04-23 04:02:01.300168
6739,3778,CANCELLED,2026-05-03 02:06:01.300168
6740,3779,DELIVERING,2026-04-25 04:24:01.300168
6741,3779,DELIVERED,2026-04-25 04:44:01.300168
6742,3780,DELIVERING,2026-04-22 08:11:01.300168
6743,3780,DELIVERED,2026-04-22 08:42:01.300168
6744,3781,DELIVERING,2026-04-30 19:30:01.300168
6745,3781,DELIVERED,2026-04-30 19:51:01.300168
6746,3782,DELIVERING,2026-05-17 07:27:01.300168
6747,3782,DELIVERED,2026-05-17 07:55:01.300168
6748,3783,DELIVERING,2026-04-21 21:21:01.300168
6749,3783,DELIVERED,2026-04-21 21:53:01.300168
6750,3784,CANCELLED,2026-04-25 05:24:01.300168
6751,3785,DELIVERING,2026-05-01 17:33:01.300168
6752,3785,DELIVERED,2026-05-01 18:04:01.300168
6753,3786,DELIVERING,2026-04-30 20:02:01.300168
6754,3786,DELIVERED,2026-04-30 20:36:01.300168
6755,3787,CANCELLED,2026-05-06 17:16:01.300168
6756,3788,DELIVERING,2026-04-27 11:19:01.300168
6757,3788,DELIVERED,2026-04-27 11:41:01.300168
6758,3789,DELIVERING,2026-04-27 07:40:01.300168
6759,3789,DELIVERED,2026-04-27 08:18:01.300168
6760,3790,DELIVERING,2026-05-08 02:08:01.300168
6761,3790,DELIVERED,2026-05-08 02:26:01.300168
6762,3791,DELIVERING,2026-05-16 03:32:01.300168
6763,3791,DELIVERED,2026-05-16 04:06:01.300168
6764,3792,DELIVERING,2026-05-07 16:22:01.300168
6765,3792,DELIVERED,2026-05-07 16:50:01.300168
6766,3793,DELIVERING,2026-05-13 01:41:01.300168
6767,3793,DELIVERED,2026-05-13 02:10:01.300168
6768,3794,DELIVERING,2026-04-29 20:33:01.300168
6769,3794,DELIVERED,2026-04-29 21:08:01.300168
6770,3795,DELIVERING,2026-05-19 15:45:01.300168
6771,3795,DELIVERED,2026-05-19 16:02:01.300168
6772,3796,DELIVERING,2026-05-15 23:56:01.300168
6773,3796,DELIVERED,2026-05-16 00:22:01.300168
6774,3797,DELIVERING,2026-05-06 00:15:01.300168
6775,3797,DELIVERED,2026-05-06 00:48:01.300168
6776,3798,DELIVERING,2026-05-12 21:46:01.300168
6777,3798,DELIVERED,2026-05-12 22:22:01.300168
6778,3799,DELIVERING,2026-04-25 23:49:01.300168
6779,3799,DELIVERED,2026-04-26 00:14:01.300168
6780,3800,CANCELLED,2026-04-27 07:24:01.300168
6781,3801,DELIVERING,2026-05-09 10:27:01.300168
6782,3801,DELIVERED,2026-05-09 11:01:01.300168
6783,3802,DELIVERING,2026-05-13 04:50:01.300168
6784,3802,DELIVERED,2026-05-13 05:16:01.300168
6785,3803,DELIVERING,2026-05-12 02:30:01.300168
6786,3803,DELIVERED,2026-05-12 02:48:01.300168
6787,3804,DELIVERING,2026-05-10 09:52:01.300168
6788,3804,DELIVERED,2026-05-10 10:17:01.300168
6789,3805,DELIVERING,2026-05-16 00:05:01.300168
6790,3805,DELIVERED,2026-05-16 00:26:01.300168
6791,3806,DELIVERING,2026-04-29 17:02:01.300168
6792,3806,DELIVERED,2026-04-29 17:16:01.300168
6793,3807,DELIVERING,2026-05-07 14:17:01.300168
6794,3807,DELIVERED,2026-05-07 14:48:01.300168
6795,3808,DELIVERING,2026-05-13 06:30:01.300168
6796,3808,DELIVERED,2026-05-13 07:05:01.300168
6797,3809,DELIVERING,2026-05-09 21:05:01.300168
6798,3809,DELIVERED,2026-05-09 21:18:01.300168
6799,3810,CANCELLED,2026-05-08 19:03:01.300168
6800,3812,DELIVERING,2026-05-19 17:52:01.300168
6801,3812,DELIVERED,2026-05-19 18:18:01.300168
6802,3813,DELIVERING,2026-04-29 09:48:01.300168
6803,3813,DELIVERED,2026-04-29 10:22:01.300168
6804,3814,DELIVERING,2026-05-07 17:18:01.300168
6805,3814,DELIVERED,2026-05-07 17:55:01.300168
6806,3815,DELIVERING,2026-05-09 12:59:01.300168
6807,3815,DELIVERED,2026-05-09 13:30:01.300168
6808,3816,DELIVERING,2026-05-10 00:04:01.300168
6809,3816,DELIVERED,2026-05-10 00:24:01.300168
6810,3817,DELIVERING,2026-05-08 23:49:01.300168
6811,3817,DELIVERED,2026-05-09 00:18:01.300168
6812,3818,DELIVERING,2026-04-28 08:50:01.300168
6813,3818,DELIVERED,2026-04-28 09:11:01.300168
6814,3819,DELIVERING,2026-04-27 17:39:01.300168
6815,3819,DELIVERED,2026-04-27 18:15:01.300168
6816,3820,DELIVERING,2026-05-14 15:13:01.300168
6817,3820,DELIVERED,2026-05-14 15:41:01.300168
6818,3821,DELIVERING,2026-05-08 06:42:01.300168
6819,3821,DELIVERED,2026-05-08 07:16:01.300168
6820,3822,DELIVERING,2026-05-14 16:43:01.300168
6821,3822,DELIVERED,2026-05-14 17:11:01.300168
6822,3823,DELIVERING,2026-04-21 17:39:01.300168
6823,3823,DELIVERED,2026-04-21 18:15:01.300168
6824,3824,DELIVERING,2026-05-16 09:57:01.300168
6825,3824,DELIVERED,2026-05-16 10:13:01.300168
6826,3825,DELIVERING,2026-05-08 01:08:01.300168
6827,3825,DELIVERED,2026-05-08 01:31:01.300168
6828,3827,DELIVERING,2026-05-16 20:34:01.300168
6829,3827,DELIVERED,2026-05-16 21:02:01.300168
6830,3828,DELIVERING,2026-05-16 06:11:01.300168
6831,3828,DELIVERED,2026-05-16 06:24:01.300168
6832,3829,CANCELLED,2026-05-16 08:27:01.300168
6833,3830,DELIVERING,2026-05-05 03:22:01.300168
6834,3830,DELIVERED,2026-05-05 03:56:01.300168
6835,3831,CANCELLED,2026-04-29 20:07:01.300168
6836,3832,DELIVERING,2026-04-27 02:48:01.300168
6837,3832,DELIVERED,2026-04-27 03:17:01.300168
6838,3833,DELIVERING,2026-04-26 01:55:01.300168
6839,3833,DELIVERED,2026-04-26 02:13:01.300168
6840,3834,DELIVERING,2026-05-17 18:04:01.300168
6841,3834,DELIVERED,2026-05-17 18:38:01.300168
6842,3835,CANCELLED,2026-04-25 09:44:01.300168
6843,3836,DELIVERING,2026-04-24 10:52:01.300168
6844,3836,DELIVERED,2026-04-24 11:25:01.300168
6845,3837,DELIVERING,2026-04-28 01:56:01.300168
6846,3837,DELIVERED,2026-04-28 02:16:01.300168
6847,3838,DELIVERING,2026-05-01 11:30:01.300168
6848,3838,DELIVERED,2026-05-01 12:01:01.300168
6849,3839,DELIVERING,2026-04-28 04:08:01.300168
6850,3839,DELIVERED,2026-04-28 04:43:01.300168
6851,3840,DELIVERING,2026-04-24 00:03:01.300168
6852,3840,DELIVERED,2026-04-24 00:33:01.300168
6853,3841,DELIVERING,2026-05-06 18:57:01.300168
6854,3841,DELIVERED,2026-05-06 19:35:01.300168
6855,3842,CANCELLED,2026-05-03 21:58:01.300168
6856,3843,DELIVERING,2026-05-04 00:27:01.300168
6857,3843,DELIVERED,2026-05-04 01:01:01.300168
6858,3844,CANCELLED,2026-04-25 23:29:01.300168
6859,3845,DELIVERING,2026-05-16 04:47:01.300168
6860,3845,DELIVERED,2026-05-16 05:11:01.300168
6861,3846,DELIVERING,2026-04-29 03:20:01.300168
6862,3846,DELIVERED,2026-04-29 03:45:01.300168
6863,3847,DELIVERING,2026-05-15 05:45:01.300168
6864,3847,DELIVERED,2026-05-15 06:05:01.300168
6865,3848,DELIVERING,2026-05-05 16:08:01.300168
6866,3848,DELIVERED,2026-05-05 16:31:01.300168
6867,3849,DELIVERING,2026-05-11 19:52:01.300168
6868,3849,DELIVERED,2026-05-11 20:21:01.300168
6869,3850,DELIVERING,2026-04-26 16:01:01.300168
6870,3850,DELIVERED,2026-04-26 16:23:01.300168
6871,3851,CANCELLED,2026-05-13 13:07:01.300168
6872,3852,DELIVERING,2026-04-22 01:08:01.300168
6873,3852,DELIVERED,2026-04-22 01:27:01.300168
6874,3853,CANCELLED,2026-04-26 10:51:01.300168
6875,3854,DELIVERING,2026-05-13 07:12:01.300168
6876,3854,DELIVERED,2026-05-13 07:51:01.300168
6877,3856,CANCELLED,2026-05-06 06:03:01.300168
6878,3857,CANCELLED,2026-05-11 07:12:01.300168
6879,3858,DELIVERING,2026-04-19 18:26:01.300168
6880,3858,DELIVERED,2026-04-19 18:51:01.300168
6881,3859,DELIVERING,2026-05-08 18:27:01.300168
6882,3859,DELIVERED,2026-05-08 18:49:01.300168
6883,3860,DELIVERING,2026-04-24 13:54:01.300168
6884,3860,DELIVERED,2026-04-24 14:24:01.300168
6885,3861,DELIVERING,2026-04-30 17:54:01.300168
6886,3861,DELIVERED,2026-04-30 18:19:01.300168
6887,3862,DELIVERING,2026-05-06 23:07:01.300168
6888,3862,DELIVERED,2026-05-06 23:27:01.300168
6889,3864,DELIVERING,2026-05-03 17:46:01.300168
6890,3864,DELIVERED,2026-05-03 18:02:01.300168
6891,3865,DELIVERING,2026-05-11 09:35:01.300168
6892,3865,DELIVERED,2026-05-11 09:58:01.300168
6893,3866,DELIVERING,2026-05-09 12:54:01.300168
6894,3866,DELIVERED,2026-05-09 13:28:01.300168
6895,3867,DELIVERING,2026-05-14 18:54:01.300168
6896,3867,DELIVERED,2026-05-14 19:13:01.300168
6897,3868,DELIVERING,2026-05-08 14:12:01.300168
6898,3868,DELIVERED,2026-05-08 14:28:01.300168
6899,3870,DELIVERING,2026-04-25 21:09:01.300168
6900,3870,DELIVERED,2026-04-25 21:30:01.300168
6901,3871,DELIVERING,2026-04-27 17:11:01.300168
6902,3871,DELIVERED,2026-04-27 17:48:01.300168
6903,3872,DELIVERING,2026-04-22 18:56:01.300168
6904,3872,DELIVERED,2026-04-22 19:28:01.300168
6905,3873,DELIVERING,2026-05-03 03:30:01.300168
6906,3873,DELIVERED,2026-05-03 03:45:01.300168
6907,3874,DELIVERING,2026-05-18 21:54:01.300168
6908,3874,DELIVERED,2026-05-18 22:25:01.300168
6909,3875,CANCELLED,2026-04-19 22:48:01.300168
6910,3876,DELIVERING,2026-05-17 12:24:01.300168
6911,3876,DELIVERED,2026-05-17 12:57:01.300168
6912,3877,CANCELLED,2026-04-23 14:49:01.300168
6913,3879,DELIVERING,2026-05-01 20:34:01.300168
6914,3879,DELIVERED,2026-05-01 21:02:01.300168
6915,3880,DELIVERING,2026-05-17 16:49:01.300168
6916,3880,DELIVERED,2026-05-17 17:16:01.300168
6917,3881,DELIVERING,2026-04-30 07:12:01.300168
6918,3881,DELIVERED,2026-04-30 07:44:01.300168
6919,3882,DELIVERING,2026-04-23 22:28:01.300168
6920,3882,DELIVERED,2026-04-23 22:53:01.300168
6921,3883,DELIVERING,2026-05-16 02:38:01.300168
6922,3883,DELIVERED,2026-05-16 03:04:01.300168
6923,3884,CANCELLED,2026-04-25 11:53:01.300168
6924,3885,DELIVERING,2026-05-03 07:48:01.300168
6925,3885,DELIVERED,2026-05-03 08:16:01.300168
6926,3886,DELIVERING,2026-05-10 04:46:01.300168
6927,3886,DELIVERED,2026-05-10 05:12:01.300168
6928,3887,DELIVERING,2026-04-25 14:30:01.300168
6929,3887,DELIVERED,2026-04-25 14:59:01.300168
6930,3888,DELIVERING,2026-05-10 19:11:01.300168
6931,3888,DELIVERED,2026-05-10 19:36:01.300168
6932,3889,DELIVERING,2026-04-25 04:20:01.300168
6933,3889,DELIVERED,2026-04-25 04:34:01.300168
6934,3890,DELIVERING,2026-05-13 05:03:01.300168
6935,3890,DELIVERED,2026-05-13 05:35:01.300168
6936,3891,DELIVERING,2026-04-22 04:18:01.300168
6937,3891,DELIVERED,2026-04-22 04:49:01.300168
6938,3892,DELIVERING,2026-04-20 10:49:01.300168
6939,3892,DELIVERED,2026-04-20 11:04:01.300168
6940,3893,DELIVERING,2026-05-16 23:44:01.300168
6941,3893,DELIVERED,2026-05-17 00:23:01.300168
6942,3894,DELIVERING,2026-05-14 01:07:01.300168
6943,3894,DELIVERED,2026-05-14 01:32:01.300168
6944,3895,DELIVERING,2026-05-02 18:19:01.300168
6945,3895,DELIVERED,2026-05-02 18:45:01.300168
6946,3896,DELIVERING,2026-05-13 00:14:01.300168
6947,3896,DELIVERED,2026-05-13 00:48:01.300168
6948,3897,DELIVERING,2026-05-17 10:40:01.300168
6949,3897,DELIVERED,2026-05-17 10:57:01.300168
6950,3899,DELIVERING,2026-05-13 19:24:01.300168
6951,3899,DELIVERED,2026-05-13 19:56:01.300168
6952,3900,DELIVERING,2026-04-29 23:06:01.300168
6953,3900,DELIVERED,2026-04-29 23:37:01.300168
6954,3901,DELIVERING,2026-05-08 18:36:01.300168
6955,3901,DELIVERED,2026-05-08 18:55:01.300168
6956,3902,DELIVERING,2026-04-24 23:29:01.300168
6957,3902,DELIVERED,2026-04-24 23:45:01.300168
6958,3903,DELIVERING,2026-05-03 09:02:01.300168
6959,3903,DELIVERED,2026-05-03 09:40:01.300168
6960,3904,DELIVERING,2026-05-02 09:12:01.300168
6961,3904,DELIVERED,2026-05-02 09:47:01.300168
6962,3905,DELIVERING,2026-04-25 04:24:01.300168
6963,3905,DELIVERED,2026-04-25 04:45:01.300168
6964,3906,CANCELLED,2026-04-29 15:21:01.300168
6965,3907,DELIVERING,2026-04-30 19:39:01.300168
6966,3907,DELIVERED,2026-04-30 19:57:01.300168
6967,3908,DELIVERING,2026-05-12 04:59:01.300168
6968,3908,DELIVERED,2026-05-12 05:26:01.300168
6969,3909,DELIVERING,2026-05-12 10:56:01.300168
6970,3909,DELIVERED,2026-05-12 11:30:01.300168
6971,3910,DELIVERING,2026-05-07 07:12:01.300168
6972,3910,DELIVERED,2026-05-07 07:35:01.300168
6973,3911,DELIVERING,2026-05-17 04:36:01.300168
6974,3911,DELIVERED,2026-05-17 05:09:01.300168
6975,3912,DELIVERING,2026-05-12 03:52:01.300168
6976,3912,DELIVERED,2026-05-12 04:07:01.300168
6977,3913,DELIVERING,2026-04-30 04:32:01.300168
6978,3913,DELIVERED,2026-04-30 05:01:01.300168
6979,3914,DELIVERING,2026-04-29 11:38:01.300168
6980,3914,DELIVERED,2026-04-29 11:54:01.300168
6981,3915,DELIVERING,2026-04-22 23:12:01.300168
6982,3915,DELIVERED,2026-04-22 23:38:01.300168
6983,3916,DELIVERING,2026-04-28 17:57:01.300168
6984,3916,DELIVERED,2026-04-28 18:22:01.300168
6985,3917,DELIVERING,2026-04-28 16:44:01.300168
6986,3917,DELIVERED,2026-04-28 17:12:01.300168
6987,3918,DELIVERING,2026-04-25 23:46:01.300168
6988,3918,DELIVERED,2026-04-26 00:11:01.300168
6989,3919,DELIVERING,2026-05-03 18:40:01.300168
6990,3919,DELIVERED,2026-05-03 19:15:01.300168
6991,3920,CANCELLED,2026-05-06 01:02:01.300168
6992,3921,DELIVERING,2026-05-15 16:13:01.300168
6993,3921,DELIVERED,2026-05-15 16:39:01.300168
6994,3922,DELIVERING,2026-04-25 14:29:01.300168
6995,3922,DELIVERED,2026-04-25 14:51:01.300168
6996,3923,DELIVERING,2026-05-05 04:54:01.300168
6997,3923,DELIVERED,2026-05-05 05:14:01.300168
6998,3924,DELIVERING,2026-05-16 20:00:01.300168
6999,3924,DELIVERED,2026-05-16 20:28:01.300168
7000,3925,DELIVERING,2026-05-11 01:43:01.300168
7001,3925,DELIVERED,2026-05-11 02:11:01.300168
7002,3926,DELIVERING,2026-05-15 03:37:01.300168
7003,3926,DELIVERED,2026-05-15 04:13:01.300168
7004,3927,DELIVERING,2026-04-23 13:29:01.300168
7005,3927,DELIVERED,2026-04-23 13:58:01.300168
7006,3928,DELIVERING,2026-05-07 15:02:01.300168
7007,3928,DELIVERED,2026-05-07 15:33:01.300168
7008,3929,DELIVERING,2026-05-01 16:56:01.300168
7009,3929,DELIVERED,2026-05-01 17:28:01.300168
7010,3930,CANCELLED,2026-05-11 04:38:01.300168
7011,3931,DELIVERING,2026-05-18 02:13:01.300168
7012,3931,DELIVERED,2026-05-18 02:34:01.300168
7013,3932,DELIVERING,2026-05-17 10:43:01.300168
7014,3932,DELIVERED,2026-05-17 11:16:01.300168
7015,3933,DELIVERING,2026-05-17 17:30:01.300168
7016,3933,DELIVERED,2026-05-17 17:48:01.300168
7017,3934,DELIVERING,2026-05-18 15:48:01.300168
7018,3934,DELIVERED,2026-05-18 16:18:01.300168
7019,3935,DELIVERING,2026-05-04 22:14:01.300168
7020,3935,DELIVERED,2026-05-04 22:46:01.300168
7021,3936,DELIVERING,2026-04-29 11:46:01.300168
7022,3936,DELIVERED,2026-04-29 12:19:01.300168
7023,3937,DELIVERING,2026-04-24 04:57:01.300168
7024,3937,DELIVERED,2026-04-24 05:15:01.300168
7025,3938,DELIVERING,2026-05-15 16:03:01.300168
7026,3938,DELIVERED,2026-05-15 16:22:01.300168
7027,3939,DELIVERING,2026-05-01 15:13:01.300168
7028,3939,DELIVERED,2026-05-01 15:41:01.300168
7029,3940,DELIVERING,2026-05-17 02:38:01.300168
7030,3940,DELIVERED,2026-05-17 02:59:01.300168
7031,3941,DELIVERING,2026-05-04 08:21:01.300168
7032,3941,DELIVERED,2026-05-04 08:43:01.300168
7033,3942,DELIVERING,2026-04-21 11:39:01.300168
7034,3942,DELIVERED,2026-04-21 12:03:01.300168
7035,3943,DELIVERING,2026-05-08 11:36:01.300168
7036,3943,DELIVERED,2026-05-08 11:54:01.300168
7037,3944,DELIVERING,2026-05-11 03:54:01.300168
7038,3944,DELIVERED,2026-05-11 04:11:01.300168
7039,3945,DELIVERING,2026-05-01 21:12:01.300168
7040,3945,DELIVERED,2026-05-01 21:43:01.300168
7041,3946,DELIVERING,2026-04-20 21:04:01.300168
7042,3946,DELIVERED,2026-04-20 21:32:01.300168
7043,3947,DELIVERING,2026-05-16 16:13:01.300168
7044,3947,DELIVERED,2026-05-16 16:26:01.300168
7045,3948,CANCELLED,2026-05-12 14:14:01.300168
7046,3949,DELIVERING,2026-05-16 11:51:01.300168
7047,3949,DELIVERED,2026-05-16 12:17:01.300168
7048,3950,DELIVERING,2026-04-29 19:20:01.300168
7049,3950,DELIVERED,2026-04-29 19:38:01.300168
7050,3951,DELIVERING,2026-05-01 15:30:01.300168
7051,3951,DELIVERED,2026-05-01 15:54:01.300168
7052,3952,DELIVERING,2026-04-29 05:42:01.300168
7053,3952,DELIVERED,2026-04-29 06:10:01.300168
7054,3953,DELIVERING,2026-04-27 18:12:01.300168
7055,3953,DELIVERED,2026-04-27 18:30:01.300168
7056,3954,DELIVERING,2026-04-23 01:27:01.300168
7057,3954,DELIVERED,2026-04-23 02:02:01.300168
7058,3957,DELIVERING,2026-05-07 12:52:01.300168
7059,3957,DELIVERED,2026-05-07 13:23:01.300168
7060,3958,DELIVERING,2026-05-17 05:52:01.300168
7061,3958,DELIVERED,2026-05-17 06:16:01.300168
7062,3959,DELIVERING,2026-05-06 06:59:01.300168
7063,3959,DELIVERED,2026-05-06 07:37:01.300168
7064,3960,DELIVERING,2026-04-27 05:37:01.300168
7065,3960,DELIVERED,2026-04-27 05:55:01.300168
7066,3961,DELIVERING,2026-04-29 09:23:01.300168
7067,3961,DELIVERED,2026-04-29 09:48:01.300168
7068,3962,DELIVERING,2026-04-30 16:54:01.300168
7069,3962,DELIVERED,2026-04-30 17:27:01.300168
7070,3963,DELIVERING,2026-04-29 05:00:01.300168
7071,3963,DELIVERED,2026-04-29 05:23:01.300168
7072,3964,DELIVERING,2026-05-03 09:27:01.300168
7073,3964,DELIVERED,2026-05-03 10:04:01.300168
7074,3965,DELIVERING,2026-05-16 18:53:01.300168
7075,3965,DELIVERED,2026-05-16 19:12:01.300168
7076,3966,CANCELLED,2026-04-30 01:58:01.300168
7077,3967,DELIVERING,2026-05-09 04:51:01.300168
7078,3967,DELIVERED,2026-05-09 05:23:01.300168
7079,3968,CANCELLED,2026-05-06 21:07:01.300168
7080,3969,DELIVERING,2026-05-12 22:47:01.300168
7081,3969,DELIVERED,2026-05-12 23:12:01.300168
7082,3970,DELIVERING,2026-04-23 08:05:01.300168
7083,3970,DELIVERED,2026-04-23 08:28:01.300168
7084,3971,DELIVERING,2026-04-20 20:39:01.300168
7085,3971,DELIVERED,2026-04-20 21:04:01.300168
7086,3972,DELIVERING,2026-05-14 06:20:01.300168
7087,3972,DELIVERED,2026-05-14 06:41:01.300168
7088,3973,DELIVERING,2026-05-19 09:50:01.300168
7089,3973,DELIVERED,2026-05-19 10:11:01.300168
7090,3975,DELIVERING,2026-05-08 20:46:01.300168
7091,3975,DELIVERED,2026-05-08 21:12:01.300168
7092,3976,DELIVERING,2026-05-04 03:08:01.300168
7093,3976,DELIVERED,2026-05-04 03:27:01.300168
7094,3977,CANCELLED,2026-04-25 13:16:01.300168
7095,3978,CANCELLED,2026-05-18 08:18:01.300168
7096,3979,DELIVERING,2026-04-28 04:57:01.300168
7097,3979,DELIVERED,2026-04-28 05:15:01.300168
7098,3980,CANCELLED,2026-05-19 05:11:01.300168
7099,3981,CANCELLED,2026-04-23 06:12:01.300168
7100,3982,DELIVERING,2026-05-05 20:39:01.300168
7101,3982,DELIVERED,2026-05-05 21:05:01.300168
7102,3983,DELIVERING,2026-05-14 07:28:01.300168
7103,3983,DELIVERED,2026-05-14 07:55:01.300168
7104,3984,DELIVERING,2026-04-23 06:58:01.300168
7105,3984,DELIVERED,2026-04-23 07:15:01.300168
7106,3985,DELIVERING,2026-05-10 13:15:01.300168
7107,3985,DELIVERED,2026-05-10 13:33:01.300168
7108,3986,CANCELLED,2026-05-04 03:33:01.300168
7109,3987,DELIVERING,2026-05-02 13:26:01.300168
7110,3987,DELIVERED,2026-05-02 13:48:01.300168
7111,3988,DELIVERING,2026-05-16 02:27:01.300168
7112,3988,DELIVERED,2026-05-16 03:01:01.300168
7113,3989,DELIVERING,2026-04-29 06:37:01.300168
7114,3989,DELIVERED,2026-04-29 07:04:01.300168
7115,3990,DELIVERING,2026-04-23 19:51:01.300168
7116,3990,DELIVERED,2026-04-23 20:15:01.300168
7117,3991,DELIVERING,2026-04-29 12:53:01.300168
7118,3991,DELIVERED,2026-04-29 13:21:01.300168
7119,3992,DELIVERING,2026-04-23 05:29:01.300168
7120,3992,DELIVERED,2026-04-23 05:54:01.300168
7121,3993,DELIVERING,2026-04-28 04:33:01.300168
7122,3993,DELIVERED,2026-04-28 04:48:01.300168
7123,3994,CANCELLED,2026-05-04 18:35:01.300168
7124,3996,DELIVERING,2026-04-23 16:11:01.300168
7125,3996,DELIVERED,2026-04-23 16:44:01.300168
7126,3997,DELIVERING,2026-05-01 01:22:01.300168
7127,3997,DELIVERED,2026-05-01 01:50:01.300168
7128,3998,DELIVERING,2026-04-28 20:41:01.300168
7129,3998,DELIVERED,2026-04-28 21:03:01.300168
7130,3999,DELIVERING,2026-05-10 06:44:01.300168
7131,3999,DELIVERED,2026-05-10 07:19:01.300168
7132,4000,DELIVERING,2026-05-18 14:17:01.300168
7133,4000,DELIVERED,2026-05-18 14:39:01.300168
7134,4001,DELIVERING,2026-05-01 20:18:01.300168
7135,4001,DELIVERED,2026-05-01 20:39:01.300168
7136,4002,DELIVERING,2026-05-09 01:21:01.300168
7137,4002,DELIVERED,2026-05-09 01:48:01.300168
7138,4003,DELIVERING,2026-05-17 09:50:01.300168
7139,4003,DELIVERED,2026-05-17 10:24:01.300168
7140,4004,DELIVERING,2026-05-03 11:29:01.300168
7141,4004,DELIVERED,2026-05-03 11:58:01.300168
7142,4005,DELIVERING,2026-05-15 17:17:01.300168
7143,4005,DELIVERED,2026-05-15 17:40:01.300168
7144,4006,DELIVERING,2026-04-27 15:56:01.300168
7145,4006,DELIVERED,2026-04-27 16:26:01.300168
7146,4007,CANCELLED,2026-05-01 02:43:01.300168
7147,4008,DELIVERING,2026-05-07 11:07:01.300168
7148,4008,DELIVERED,2026-05-07 11:29:01.300168
7149,4009,DELIVERING,2026-05-16 16:52:01.300168
7150,4009,DELIVERED,2026-05-16 17:18:01.300168
7151,4010,DELIVERING,2026-05-04 02:34:01.300168
7152,4010,DELIVERED,2026-05-04 03:01:01.300168
7153,4011,DELIVERING,2026-05-05 16:10:01.300168
7154,4011,DELIVERED,2026-05-05 16:42:01.300168
7155,4012,DELIVERING,2026-04-26 14:55:01.300168
7156,4012,DELIVERED,2026-04-26 15:24:01.300168
7157,4013,DELIVERING,2026-04-30 12:42:01.300168
7158,4013,DELIVERED,2026-04-30 13:21:01.300168
7159,4014,DELIVERING,2026-05-13 10:55:01.300168
7160,4014,DELIVERED,2026-05-13 11:27:01.300168
7161,4015,DELIVERING,2026-05-03 06:06:01.300168
7162,4015,DELIVERED,2026-05-03 06:38:01.300168
7163,4016,DELIVERING,2026-04-30 21:04:01.300168
7164,4016,DELIVERED,2026-04-30 21:31:01.300168
7165,4017,DELIVERING,2026-04-27 00:28:01.300168
7166,4017,DELIVERED,2026-04-27 00:54:01.300168
7167,4019,DELIVERING,2026-05-07 19:29:01.300168
7168,4019,DELIVERED,2026-05-07 19:56:01.300168
7169,4020,DELIVERING,2026-05-05 02:43:01.300168
7170,4020,DELIVERED,2026-05-05 03:15:01.300168
7171,4021,DELIVERING,2026-05-14 15:58:01.300168
7172,4021,DELIVERED,2026-05-14 16:35:01.300168
7173,4022,DELIVERING,2026-04-23 05:15:01.300168
7174,4022,DELIVERED,2026-04-23 05:40:01.300168
7175,4023,DELIVERING,2026-05-14 03:35:01.300168
7176,4023,DELIVERED,2026-05-14 04:13:01.300168
7177,4024,DELIVERING,2026-05-04 11:49:01.300168
7178,4024,DELIVERED,2026-05-04 12:05:01.300168
7179,4025,DELIVERING,2026-04-22 15:36:01.300168
7180,4025,DELIVERED,2026-04-22 16:06:01.300168
7181,4027,DELIVERING,2026-05-10 14:03:01.300168
7182,4027,DELIVERED,2026-05-10 14:29:01.300168
7183,4028,CANCELLED,2026-05-09 04:12:01.300168
7184,4029,CANCELLED,2026-04-21 04:37:01.300168
7185,4030,DELIVERING,2026-04-29 22:52:01.300168
7186,4030,DELIVERED,2026-04-29 23:10:01.300168
7187,4031,DELIVERING,2026-05-12 06:35:01.300168
7188,4031,DELIVERED,2026-05-12 06:58:01.300168
7189,4032,DELIVERING,2026-05-13 18:04:01.300168
7190,4032,DELIVERED,2026-05-13 18:27:01.300168
7191,4033,CANCELLED,2026-05-04 07:18:01.300168
7192,4035,DELIVERING,2026-04-20 10:33:01.300168
7193,4035,DELIVERED,2026-04-20 10:56:01.300168
7194,4036,DELIVERING,2026-04-22 09:14:01.300168
7195,4036,DELIVERED,2026-04-22 09:44:01.300168
7196,4037,DELIVERING,2026-04-20 03:59:01.300168
7197,4037,DELIVERED,2026-04-20 04:35:01.300168
7198,4038,CANCELLED,2026-05-08 12:06:01.300168
7199,4039,DELIVERING,2026-04-27 05:39:01.300168
7200,4039,DELIVERED,2026-04-27 06:11:01.300168
7201,4040,DELIVERING,2026-05-13 04:01:01.300168
7202,4040,DELIVERED,2026-05-13 04:14:01.300168
7203,4041,DELIVERING,2026-05-14 23:05:01.300168
7204,4041,DELIVERED,2026-05-14 23:29:01.300168
7205,4042,DELIVERING,2026-05-19 03:31:01.300168
7206,4042,DELIVERED,2026-05-19 04:01:01.300168
7207,4043,CANCELLED,2026-04-28 07:46:01.300168
7208,4044,DELIVERING,2026-05-07 22:55:01.300168
7209,4044,DELIVERED,2026-05-07 23:28:01.300168
7210,4045,DELIVERING,2026-05-13 11:26:01.300168
7211,4045,DELIVERED,2026-05-13 12:06:01.300168
7212,4046,DELIVERING,2026-05-08 14:48:01.300168
7213,4046,DELIVERED,2026-05-08 15:06:01.300168
7214,4047,DELIVERING,2026-04-29 11:52:01.300168
7215,4047,DELIVERED,2026-04-29 12:23:01.300168
7216,4048,CANCELLED,2026-04-21 08:02:01.300168
7217,4049,DELIVERING,2026-04-28 06:14:01.300168
7218,4049,DELIVERED,2026-04-28 06:34:01.300168
7219,4050,DELIVERING,2026-05-11 02:08:01.300168
7220,4050,DELIVERED,2026-05-11 02:38:01.300168
7221,4051,CANCELLED,2026-04-21 17:19:01.300168
7222,4052,DELIVERING,2026-04-27 22:30:01.300168
7223,4052,DELIVERED,2026-04-27 22:48:01.300168
7224,4053,DELIVERING,2026-05-01 09:31:01.300168
7225,4053,DELIVERED,2026-05-01 09:49:01.300168
7226,4054,DELIVERING,2026-05-05 19:13:01.300168
7227,4054,DELIVERED,2026-05-05 19:44:01.300168
7228,4055,DELIVERING,2026-05-10 09:21:01.300168
7229,4055,DELIVERED,2026-05-10 09:42:01.300168
7230,4056,CANCELLED,2026-04-21 21:54:01.300168
7231,4057,DELIVERING,2026-05-05 12:41:01.300168
7232,4057,DELIVERED,2026-05-05 13:08:01.300168
7233,4058,DELIVERING,2026-05-02 01:55:01.300168
7234,4058,DELIVERED,2026-05-02 02:22:01.300168
7235,4059,DELIVERING,2026-05-10 18:56:01.300168
7236,4059,DELIVERED,2026-05-10 19:33:01.300168
7237,4060,DELIVERING,2026-05-12 19:17:01.300168
7238,4060,DELIVERED,2026-05-12 19:39:01.300168
7239,4061,DELIVERING,2026-05-05 03:47:01.300168
7240,4061,DELIVERED,2026-05-05 04:05:01.300168
7241,4062,DELIVERING,2026-04-27 21:32:01.300168
7242,4062,DELIVERED,2026-04-27 21:55:01.300168
7243,4063,DELIVERING,2026-05-11 13:09:01.300168
7244,4063,DELIVERED,2026-05-11 13:43:01.300168
7245,4064,CANCELLED,2026-05-01 04:54:01.300168
7246,4065,DELIVERING,2026-04-29 03:48:01.300168
7247,4065,DELIVERED,2026-04-29 04:15:01.300168
7248,4066,CANCELLED,2026-04-22 04:37:01.300168
7249,4067,DELIVERING,2026-04-21 10:51:01.300168
7250,4067,DELIVERED,2026-04-21 11:17:01.300168
7251,4068,DELIVERING,2026-04-29 00:46:01.300168
7252,4068,DELIVERED,2026-04-29 01:20:01.300168
7253,4069,DELIVERING,2026-05-09 10:49:01.300168
7254,4069,DELIVERED,2026-05-09 11:18:01.300168
7255,4070,DELIVERING,2026-04-28 23:42:01.300168
7256,4070,DELIVERED,2026-04-28 23:56:01.300168
7257,4071,CANCELLED,2026-05-08 05:23:01.300168
7258,4072,DELIVERING,2026-05-10 11:33:01.300168
7259,4072,DELIVERED,2026-05-10 11:51:01.300168
7260,4073,DELIVERING,2026-05-14 16:02:01.300168
7261,4073,DELIVERED,2026-05-14 16:30:01.300168
7262,4074,DELIVERING,2026-05-05 19:30:01.300168
7263,4074,DELIVERED,2026-05-05 19:56:01.300168
7264,4075,DELIVERING,2026-05-10 12:06:01.300168
7265,4075,DELIVERED,2026-05-10 12:26:01.300168
7266,4076,DELIVERING,2026-05-08 10:32:01.300168
7267,4076,DELIVERED,2026-05-08 11:04:01.300168
7268,4077,DELIVERING,2026-05-10 03:08:01.300168
7269,4077,DELIVERED,2026-05-10 03:36:01.300168
7270,4078,DELIVERING,2026-05-18 13:11:01.300168
7271,4078,DELIVERED,2026-05-18 13:35:01.300168
7272,4079,CANCELLED,2026-05-18 07:46:01.300168
7273,4080,DELIVERING,2026-05-15 08:26:01.300168
7274,4080,DELIVERED,2026-05-15 08:54:01.300168
7275,4081,DELIVERING,2026-04-22 00:00:01.300168
7276,4081,DELIVERED,2026-04-22 00:23:01.300168
7277,4082,DELIVERING,2026-05-14 19:59:01.300168
7278,4082,DELIVERED,2026-05-14 20:31:01.300168
7279,4083,DELIVERING,2026-05-15 20:41:01.300168
7280,4083,DELIVERED,2026-05-15 21:02:01.300168
7281,4085,DELIVERING,2026-04-30 11:07:01.300168
7282,4085,DELIVERED,2026-04-30 11:31:01.300168
7283,4087,DELIVERING,2026-05-18 07:54:01.300168
7284,4087,DELIVERED,2026-05-18 08:11:01.300168
7285,4088,DELIVERING,2026-05-10 04:45:01.300168
7286,4088,DELIVERED,2026-05-10 05:11:01.300168
7287,4089,DELIVERING,2026-05-14 00:46:01.300168
7288,4089,DELIVERED,2026-05-14 01:12:01.300168
7289,4090,CANCELLED,2026-04-26 19:49:01.300168
7290,4091,DELIVERING,2026-04-20 14:58:01.300168
7291,4091,DELIVERED,2026-04-20 15:17:01.300168
7292,4093,DELIVERING,2026-05-09 19:57:01.300168
7293,4093,DELIVERED,2026-05-09 20:22:01.300168
7294,4094,DELIVERING,2026-05-13 17:42:01.300168
7295,4094,DELIVERED,2026-05-13 18:07:01.300168
7296,4095,DELIVERING,2026-04-22 07:26:01.300168
7297,4095,DELIVERED,2026-04-22 07:55:01.300168
7298,4096,DELIVERING,2026-05-07 07:11:01.300168
7299,4096,DELIVERED,2026-05-07 07:28:01.300168
7300,4097,DELIVERING,2026-04-24 13:53:01.300168
7301,4097,DELIVERED,2026-04-24 14:15:01.300168
7302,4098,CANCELLED,2026-04-26 03:51:01.300168
7303,4099,DELIVERING,2026-05-07 09:48:01.300168
7304,4099,DELIVERED,2026-05-07 10:25:01.300168
7305,4100,DELIVERING,2026-05-19 14:41:01.300168
7306,4100,DELIVERED,2026-05-19 15:00:01.300168
7307,4101,DELIVERING,2026-05-16 03:37:01.300168
7308,4101,DELIVERED,2026-05-16 03:57:01.300168
7309,4102,DELIVERING,2026-05-10 04:44:01.300168
7310,4102,DELIVERED,2026-05-10 05:21:01.300168
7311,4103,DELIVERING,2026-04-21 14:37:01.300168
7312,4103,DELIVERED,2026-04-21 15:11:01.300168
7313,4104,DELIVERING,2026-05-03 16:13:01.300168
7314,4104,DELIVERED,2026-05-03 16:47:01.300168
7315,4105,DELIVERING,2026-04-27 05:58:01.300168
7316,4105,DELIVERED,2026-04-27 06:32:01.300168
7317,4106,DELIVERING,2026-05-10 11:18:01.300168
7318,4106,DELIVERED,2026-05-10 11:47:01.300168
7319,4107,DELIVERING,2026-05-19 16:31:01.300168
7320,4107,DELIVERED,2026-05-19 16:51:01.300168
7321,4108,DELIVERING,2026-05-13 04:45:01.300168
7322,4108,DELIVERED,2026-05-13 05:11:01.300168
7323,4109,DELIVERING,2026-05-08 00:14:01.300168
7324,4109,DELIVERED,2026-05-08 00:37:01.300168
7325,4110,CANCELLED,2026-04-23 13:00:01.300168
7326,4111,DELIVERING,2026-05-03 02:59:01.300168
7327,4111,DELIVERED,2026-05-03 03:28:01.300168
7328,4112,DELIVERING,2026-04-27 00:14:01.300168
7329,4112,DELIVERED,2026-04-27 00:40:01.300168
7330,4113,DELIVERING,2026-04-27 21:25:01.300168
7331,4113,DELIVERED,2026-04-27 21:45:01.300168
7332,4114,DELIVERING,2026-05-16 18:29:01.300168
7333,4114,DELIVERED,2026-05-16 19:07:01.300168
7334,4115,DELIVERING,2026-05-12 10:11:01.300168
7335,4115,DELIVERED,2026-05-12 10:35:01.300168
7336,4116,DELIVERING,2026-04-29 05:07:01.300168
7337,4116,DELIVERED,2026-04-29 05:22:01.300168
7338,4117,CANCELLED,2026-04-24 17:12:01.300168
7339,4118,DELIVERING,2026-04-28 09:16:01.300168
7340,4118,DELIVERED,2026-04-28 09:52:01.300168
7341,4119,DELIVERING,2026-05-14 20:57:01.300168
7342,4119,DELIVERED,2026-05-14 21:24:01.300168
7343,4120,DELIVERING,2026-04-20 11:23:01.300168
7344,4120,DELIVERED,2026-04-20 11:48:01.300168
7345,4122,DELIVERING,2026-05-16 13:00:01.300168
7346,4122,DELIVERED,2026-05-16 13:36:01.300168
7347,4123,CANCELLED,2026-05-09 19:56:01.300168
7348,4124,CANCELLED,2026-04-25 03:07:01.300168
7349,4125,CANCELLED,2026-04-24 17:19:01.300168
7350,4126,DELIVERING,2026-05-13 16:41:01.300168
7351,4126,DELIVERED,2026-05-13 17:20:01.300168
7352,4127,DELIVERING,2026-04-27 06:48:01.300168
7353,4127,DELIVERED,2026-04-27 07:13:01.300168
7354,4128,CANCELLED,2026-05-17 17:48:01.300168
7355,4129,DELIVERING,2026-05-13 01:21:01.300168
7356,4129,DELIVERED,2026-05-13 01:53:01.300168
7357,4130,DELIVERING,2026-05-16 18:49:01.300168
7358,4130,DELIVERED,2026-05-16 19:22:01.300168
7359,4131,CANCELLED,2026-05-05 17:42:01.300168
7360,4132,DELIVERING,2026-04-21 20:39:01.300168
7361,4132,DELIVERED,2026-04-21 20:58:01.300168
7362,4133,DELIVERING,2026-05-06 10:39:01.300168
7363,4133,DELIVERED,2026-05-06 11:07:01.300168
7364,4134,DELIVERING,2026-05-17 22:17:01.300168
7365,4134,DELIVERED,2026-05-17 22:37:01.300168
7366,4135,DELIVERING,2026-05-02 01:39:01.300168
7367,4135,DELIVERED,2026-05-02 02:11:01.300168
7368,4136,DELIVERING,2026-05-15 04:46:01.300168
7369,4136,DELIVERED,2026-05-15 05:13:01.300168
7370,4137,DELIVERING,2026-05-10 22:10:01.300168
7371,4137,DELIVERED,2026-05-10 22:35:01.300168
7372,4138,DELIVERING,2026-05-01 09:53:01.300168
7373,4138,DELIVERED,2026-05-01 10:17:01.300168
7374,4139,DELIVERING,2026-05-11 14:31:01.300168
7375,4139,DELIVERED,2026-05-11 14:56:01.300168
7376,4141,DELIVERING,2026-05-06 17:17:01.300168
7377,4141,DELIVERED,2026-05-06 17:44:01.300168
7378,4142,DELIVERING,2026-05-13 00:46:01.300168
7379,4142,DELIVERED,2026-05-13 01:08:01.300168
7380,4143,CANCELLED,2026-05-04 22:38:01.300168
7381,4144,DELIVERING,2026-04-24 03:36:01.300168
7382,4144,DELIVERED,2026-04-24 04:03:01.300168
7383,4145,DELIVERING,2026-05-05 14:40:01.300168
7384,4145,DELIVERED,2026-05-05 14:57:01.300168
7385,4146,CANCELLED,2026-05-11 05:25:01.300168
7386,4147,DELIVERING,2026-05-17 18:20:01.300168
7387,4147,DELIVERED,2026-05-17 18:35:01.300168
7388,4148,DELIVERING,2026-05-04 23:00:01.300168
7389,4148,DELIVERED,2026-05-04 23:20:01.300168
7390,4149,DELIVERING,2026-05-14 10:57:01.300168
7391,4149,DELIVERED,2026-05-14 11:30:01.300168
7392,4150,DELIVERING,2026-04-23 23:02:01.300168
7393,4150,DELIVERED,2026-04-23 23:21:01.300168
7394,4151,DELIVERING,2026-05-12 15:18:01.300168
7395,4151,DELIVERED,2026-05-12 15:40:01.300168
7396,4152,DELIVERING,2026-05-16 14:12:01.300168
7397,4152,DELIVERED,2026-05-16 14:39:01.300168
7398,4153,DELIVERING,2026-05-01 06:17:01.300168
7399,4153,DELIVERED,2026-05-01 06:38:01.300168
7400,4154,DELIVERING,2026-04-21 04:08:01.300168
7401,4154,DELIVERED,2026-04-21 04:41:01.300168
7402,4155,CANCELLED,2026-04-29 17:59:01.300168
7403,4156,CANCELLED,2026-05-17 11:14:01.300168
7404,4157,DELIVERING,2026-04-20 08:02:01.300168
7405,4157,DELIVERED,2026-04-20 08:29:01.300168
7406,4158,DELIVERING,2026-04-28 21:26:01.300168
7407,4158,DELIVERED,2026-04-28 21:48:01.300168
7408,4159,DELIVERING,2026-05-07 18:27:01.300168
7409,4159,DELIVERED,2026-05-07 18:47:01.300168
7410,4161,DELIVERING,2026-05-14 09:36:01.300168
7411,4161,DELIVERED,2026-05-14 09:49:01.300168
7412,4162,DELIVERING,2026-04-30 14:06:01.300168
7413,4162,DELIVERED,2026-04-30 14:22:01.300168
7414,4163,DELIVERING,2026-05-17 16:05:01.300168
7415,4163,DELIVERED,2026-05-17 16:39:01.300168
7416,4164,DELIVERING,2026-05-02 10:24:01.300168
7417,4164,DELIVERED,2026-05-02 10:50:01.300168
7418,4165,DELIVERING,2026-05-15 18:42:01.300168
7419,4165,DELIVERED,2026-05-15 19:06:01.300168
7420,4166,DELIVERING,2026-05-19 06:17:01.300168
7421,4166,DELIVERED,2026-05-19 06:32:01.300168
7422,4167,DELIVERING,2026-04-20 21:44:01.300168
7423,4167,DELIVERED,2026-04-20 22:11:01.300168
7424,4168,DELIVERING,2026-04-23 02:13:01.300168
7425,4168,DELIVERED,2026-04-23 02:46:01.300168
7426,4169,DELIVERING,2026-04-21 17:08:01.300168
7427,4169,DELIVERED,2026-04-21 17:42:01.300168
7428,4170,DELIVERING,2026-04-22 23:34:01.300168
7429,4170,DELIVERED,2026-04-22 23:52:01.300168
7430,4171,DELIVERING,2026-05-11 01:42:01.300168
7431,4171,DELIVERED,2026-05-11 02:03:01.300168
7432,4172,DELIVERING,2026-04-23 00:06:01.300168
7433,4172,DELIVERED,2026-04-23 00:41:01.300168
7434,4173,CANCELLED,2026-05-14 14:17:01.300168
7435,4174,DELIVERING,2026-05-19 10:51:01.300168
7436,4174,DELIVERED,2026-05-19 11:08:01.300168
7437,4175,DELIVERING,2026-05-08 08:50:01.300168
7438,4175,DELIVERED,2026-05-08 09:20:01.300168
7439,4176,DELIVERING,2026-05-19 14:59:01.300168
7440,4176,DELIVERED,2026-05-19 15:17:01.300168
7441,4177,DELIVERING,2026-05-15 19:18:01.300168
7442,4177,DELIVERED,2026-05-15 19:44:01.300168
7443,4178,DELIVERING,2026-04-28 19:29:01.300168
7444,4178,DELIVERED,2026-04-28 19:48:01.300168
7445,4179,CANCELLED,2026-05-03 02:10:01.300168
7446,4180,DELIVERING,2026-04-24 20:32:01.300168
7447,4180,DELIVERED,2026-04-24 21:02:01.300168
7448,4181,CANCELLED,2026-05-03 14:41:01.300168
7449,4182,DELIVERING,2026-05-04 19:09:01.300168
7450,4182,DELIVERED,2026-05-04 19:45:01.300168
7451,4183,DELIVERING,2026-05-18 11:02:01.300168
7452,4183,DELIVERED,2026-05-18 11:36:01.300168
7453,4184,DELIVERING,2026-05-06 20:06:01.300168
7454,4184,DELIVERED,2026-05-06 20:37:01.300168
7455,4185,DELIVERING,2026-05-13 17:34:01.300168
7456,4185,DELIVERED,2026-05-13 17:47:01.300168
7457,4186,DELIVERING,2026-05-12 06:54:01.300168
7458,4186,DELIVERED,2026-05-12 07:32:01.300168
7459,4187,DELIVERING,2026-05-06 07:40:01.300168
7460,4187,DELIVERED,2026-05-06 08:14:01.300168
7461,4188,DELIVERING,2026-04-24 06:32:01.300168
7462,4188,DELIVERED,2026-04-24 07:08:01.300168
7463,4189,DELIVERING,2026-05-05 07:35:01.300168
7464,4189,DELIVERED,2026-05-05 07:56:01.300168
7465,4190,DELIVERING,2026-05-18 04:12:01.300168
7466,4190,DELIVERED,2026-05-18 04:36:01.300168
7467,4191,CANCELLED,2026-04-25 19:34:01.300168
7468,4192,CANCELLED,2026-04-20 06:05:01.300168
7469,4193,DELIVERING,2026-05-15 14:28:01.300168
7470,4193,DELIVERED,2026-05-15 15:01:01.300168
7471,4194,DELIVERING,2026-04-26 23:57:01.300168
7472,4194,DELIVERED,2026-04-27 00:17:01.300168
7473,4195,DELIVERING,2026-05-12 20:01:01.300168
7474,4195,DELIVERED,2026-05-12 20:31:01.300168
7475,4196,DELIVERING,2026-05-08 07:09:01.300168
7476,4196,DELIVERED,2026-05-08 07:40:01.300168
7477,4197,DELIVERING,2026-05-15 05:51:01.300168
7478,4197,DELIVERED,2026-05-15 06:24:01.300168
7479,4198,CANCELLED,2026-05-16 13:10:01.300168
7480,4199,DELIVERING,2026-04-28 13:20:01.300168
7481,4199,DELIVERED,2026-04-28 13:43:01.300168
7482,4200,DELIVERING,2026-05-07 13:27:01.300168
7483,4200,DELIVERED,2026-05-07 13:59:01.300168
7484,4201,DELIVERING,2026-05-12 20:52:01.300168
7485,4201,DELIVERED,2026-05-12 21:24:01.300168
7486,4202,DELIVERING,2026-04-24 11:50:01.300168
7487,4202,DELIVERED,2026-04-24 12:12:01.300168
7488,4203,CANCELLED,2026-04-21 20:21:01.300168
7489,4204,CANCELLED,2026-05-07 23:18:01.300168
7490,4206,CANCELLED,2026-05-08 04:08:01.300168
7491,4207,CANCELLED,2026-04-20 03:10:01.300168
7492,4208,DELIVERING,2026-04-27 00:11:01.300168
7493,4208,DELIVERED,2026-04-27 00:37:01.300168
7494,4209,DELIVERING,2026-05-15 10:28:01.300168
7495,4209,DELIVERED,2026-05-15 11:01:01.300168
7496,4210,DELIVERING,2026-04-28 07:02:01.300168
7497,4210,DELIVERED,2026-04-28 07:20:01.300168
7498,4211,DELIVERING,2026-05-11 12:59:01.300168
7499,4211,DELIVERED,2026-05-11 13:20:01.300168
7500,4212,DELIVERING,2026-05-06 06:44:01.300168
7501,4212,DELIVERED,2026-05-06 07:05:01.300168
7502,4214,DELIVERING,2026-05-14 23:49:01.300168
7503,4214,DELIVERED,2026-05-15 00:23:01.300168
7504,4215,DELIVERING,2026-05-09 15:14:01.300168
7505,4215,DELIVERED,2026-05-09 15:38:01.300168
7506,4216,DELIVERING,2026-05-18 15:11:01.300168
7507,4216,DELIVERED,2026-05-18 15:34:01.300168
7508,4217,DELIVERING,2026-04-29 04:33:01.300168
7509,4217,DELIVERED,2026-04-29 05:03:01.300168
7510,4218,DELIVERING,2026-05-11 11:44:01.300168
7511,4218,DELIVERED,2026-05-11 12:08:01.300168
7512,4219,CANCELLED,2026-04-30 08:11:01.300168
7513,4220,DELIVERING,2026-05-09 01:52:01.300168
7514,4220,DELIVERED,2026-05-09 02:13:01.300168
7515,4221,DELIVERING,2026-04-21 10:53:01.300168
7516,4221,DELIVERED,2026-04-21 11:31:01.300168
7517,4222,DELIVERING,2026-05-13 02:00:01.300168
7518,4222,DELIVERED,2026-05-13 02:31:01.300168
7519,4223,CANCELLED,2026-04-20 05:27:01.300168
7520,4224,DELIVERING,2026-04-25 20:43:01.300168
7521,4224,DELIVERED,2026-04-25 21:04:01.300168
7522,4225,CANCELLED,2026-05-09 18:44:01.300168
7523,4226,DELIVERING,2026-04-24 15:40:01.300168
7524,4226,DELIVERED,2026-04-24 15:58:01.300168
7525,4227,DELIVERING,2026-04-21 00:14:01.300168
7526,4227,DELIVERED,2026-04-21 00:30:01.300168
7527,4228,DELIVERING,2026-05-09 03:29:01.300168
7528,4228,DELIVERED,2026-05-09 03:44:01.300168
7529,4229,DELIVERING,2026-04-29 20:19:01.300168
7530,4229,DELIVERED,2026-04-29 20:52:01.300168
7531,4230,DELIVERING,2026-05-19 13:44:01.300168
7532,4230,DELIVERED,2026-05-19 14:01:01.300168
7533,4231,DELIVERING,2026-05-11 20:32:01.300168
7534,4231,DELIVERED,2026-05-11 21:00:01.300168
7535,4232,DELIVERING,2026-04-27 12:12:01.300168
7536,4232,DELIVERED,2026-04-27 12:38:01.300168
7537,4233,DELIVERING,2026-05-11 12:54:01.300168
7538,4233,DELIVERED,2026-05-11 13:27:01.300168
7539,4234,DELIVERING,2026-05-16 19:38:01.300168
7540,4234,DELIVERED,2026-05-16 20:06:01.300168
7541,4235,DELIVERING,2026-05-08 12:15:01.300168
7542,4235,DELIVERED,2026-05-08 12:36:01.300168
7543,4236,DELIVERING,2026-05-10 14:24:01.300168
7544,4236,DELIVERED,2026-05-10 14:58:01.300168
7545,4237,DELIVERING,2026-04-23 22:17:01.300168
7546,4237,DELIVERED,2026-04-23 22:53:01.300168
7547,4238,DELIVERING,2026-05-08 22:14:01.300168
7548,4238,DELIVERED,2026-05-08 22:38:01.300168
7549,4239,DELIVERING,2026-05-05 00:41:01.300168
7550,4239,DELIVERED,2026-05-05 01:02:01.300168
7551,4240,CANCELLED,2026-05-02 15:54:01.300168
7552,4242,DELIVERING,2026-05-17 13:21:01.300168
7553,4242,DELIVERED,2026-05-17 13:40:01.300168
7554,4243,DELIVERING,2026-04-22 15:10:01.300168
7555,4243,DELIVERED,2026-04-22 15:30:01.300168
7556,4244,DELIVERING,2026-05-14 06:28:01.300168
7557,4244,DELIVERED,2026-05-14 07:02:01.300168
7558,4245,DELIVERING,2026-05-09 23:41:01.300168
7559,4245,DELIVERED,2026-05-10 00:01:01.300168
7560,4246,DELIVERING,2026-05-14 00:46:01.300168
7561,4246,DELIVERED,2026-05-14 01:19:01.300168
7562,4247,DELIVERING,2026-04-22 07:27:01.300168
7563,4247,DELIVERED,2026-04-22 07:57:01.300168
7564,4248,CANCELLED,2026-04-22 02:05:01.300168
7565,4249,DELIVERING,2026-05-06 13:45:01.300168
7566,4249,DELIVERED,2026-05-06 14:02:01.300168
7567,4250,DELIVERING,2026-05-11 04:20:01.300168
7568,4250,DELIVERED,2026-05-11 04:47:01.300168
7569,4251,DELIVERING,2026-05-06 05:24:01.300168
7570,4251,DELIVERED,2026-05-06 05:54:01.300168
7571,4252,DELIVERING,2026-05-11 02:22:01.300168
7572,4252,DELIVERED,2026-05-11 03:01:01.300168
7573,4253,DELIVERING,2026-04-30 07:30:01.300168
7574,4253,DELIVERED,2026-04-30 08:02:01.300168
7575,4254,DELIVERING,2026-05-18 17:11:01.300168
7576,4254,DELIVERED,2026-05-18 17:41:01.300168
7577,4255,CANCELLED,2026-04-25 06:30:01.300168
7578,4256,DELIVERING,2026-04-29 15:57:01.300168
7579,4256,DELIVERED,2026-04-29 16:35:01.300168
7580,4257,CANCELLED,2026-04-26 14:23:01.300168
7581,4259,DELIVERING,2026-05-15 23:10:01.300168
7582,4259,DELIVERED,2026-05-15 23:42:01.300168
7583,4260,DELIVERING,2026-05-01 15:57:01.300168
7584,4260,DELIVERED,2026-05-01 16:32:01.300168
7585,4261,DELIVERING,2026-05-05 01:42:01.300168
7586,4261,DELIVERED,2026-05-05 02:02:01.300168
7587,4262,DELIVERING,2026-05-09 02:20:01.300168
7588,4262,DELIVERED,2026-05-09 02:40:01.300168
7589,4263,DELIVERING,2026-05-02 13:59:01.300168
7590,4263,DELIVERED,2026-05-02 14:33:01.300168
7591,4264,DELIVERING,2026-05-11 23:07:01.300168
7592,4264,DELIVERED,2026-05-11 23:33:01.300168
7593,4265,DELIVERING,2026-05-03 05:23:01.300168
7594,4265,DELIVERED,2026-05-03 05:57:01.300168
7595,4266,CANCELLED,2026-04-26 06:46:01.300168
7596,4267,DELIVERING,2026-04-29 11:51:01.300168
7597,4267,DELIVERED,2026-04-29 12:10:01.300168
7598,4268,DELIVERING,2026-05-14 18:21:01.300168
7599,4268,DELIVERED,2026-05-14 18:42:01.300168
7600,4269,CANCELLED,2026-04-29 06:56:01.300168
7601,4270,CANCELLED,2026-05-10 22:24:01.300168
7602,4271,DELIVERING,2026-05-03 03:44:01.300168
7603,4271,DELIVERED,2026-05-03 04:17:01.300168
7604,4272,DELIVERING,2026-05-17 01:41:01.300168
7605,4272,DELIVERED,2026-05-17 02:15:01.300168
7606,4273,CANCELLED,2026-05-18 01:16:01.300168
7607,4274,DELIVERING,2026-05-04 17:15:01.300168
7608,4274,DELIVERED,2026-05-04 17:38:01.300168
7609,4275,DELIVERING,2026-05-04 08:32:01.300168
7610,4275,DELIVERED,2026-05-04 08:56:01.300168
7611,4277,DELIVERING,2026-05-18 07:52:01.300168
7612,4277,DELIVERED,2026-05-18 08:06:01.300168
7613,4278,DELIVERING,2026-05-10 21:55:01.300168
7614,4278,DELIVERED,2026-05-10 22:12:01.300168
7615,4279,CANCELLED,2026-05-02 12:55:01.300168
7616,4280,DELIVERING,2026-05-12 05:27:01.300168
7617,4280,DELIVERED,2026-05-12 05:48:01.300168
7618,4281,DELIVERING,2026-04-21 07:45:01.300168
7619,4281,DELIVERED,2026-04-21 08:16:01.300168
7620,4282,DELIVERING,2026-05-02 20:56:01.300168
7621,4282,DELIVERED,2026-05-02 21:26:01.300168
7622,4283,DELIVERING,2026-05-04 09:17:01.300168
7623,4283,DELIVERED,2026-05-04 09:45:01.300168
7624,4284,CANCELLED,2026-05-18 00:11:01.300168
7625,4285,DELIVERING,2026-05-01 14:53:01.300168
7626,4285,DELIVERED,2026-05-01 15:06:01.300168
7627,4286,DELIVERING,2026-05-16 07:56:01.300168
7628,4286,DELIVERED,2026-05-16 08:20:01.300168
7629,4287,DELIVERING,2026-05-17 01:35:01.300168
7630,4287,DELIVERED,2026-05-17 02:01:01.300168
7631,4288,DELIVERING,2026-05-10 23:02:01.300168
7632,4288,DELIVERED,2026-05-10 23:32:01.300168
7633,4289,DELIVERING,2026-05-07 18:03:01.300168
7634,4289,DELIVERED,2026-05-07 18:32:01.300168
7635,4290,DELIVERING,2026-05-16 00:53:01.300168
7636,4290,DELIVERED,2026-05-16 01:22:01.300168
7637,4291,DELIVERING,2026-05-11 09:48:01.300168
7638,4291,DELIVERED,2026-05-11 10:02:01.300168
7639,4292,DELIVERING,2026-05-04 05:46:01.300168
7640,4292,DELIVERED,2026-05-04 06:11:01.300168
7641,4293,DELIVERING,2026-05-10 05:35:01.300168
7642,4293,DELIVERED,2026-05-10 05:54:01.300168
7643,4294,DELIVERING,2026-05-12 06:39:01.300168
7644,4294,DELIVERED,2026-05-12 07:05:01.300168
7645,4295,DELIVERING,2026-05-09 15:44:01.300168
7646,4295,DELIVERED,2026-05-09 16:12:01.300168
7647,4296,CANCELLED,2026-05-12 08:59:01.300168
7648,4297,DELIVERING,2026-05-16 19:24:01.300168
7649,4297,DELIVERED,2026-05-16 19:55:01.300168
7650,4298,DELIVERING,2026-04-25 04:28:01.300168
7651,4298,DELIVERED,2026-04-25 04:53:01.300168
7652,4299,DELIVERING,2026-05-13 01:50:01.300168
7653,4299,DELIVERED,2026-05-13 02:25:01.300168
7654,4300,DELIVERING,2026-05-10 00:54:01.300168
7655,4300,DELIVERED,2026-05-10 01:30:01.300168
7656,4301,DELIVERING,2026-04-26 02:46:01.300168
7657,4301,DELIVERED,2026-04-26 03:14:01.300168
7658,4302,DELIVERING,2026-04-27 23:40:01.300168
7659,4302,DELIVERED,2026-04-28 00:08:01.300168
7660,4303,DELIVERING,2026-05-07 06:16:01.300168
7661,4303,DELIVERED,2026-05-07 06:45:01.300168
7662,4304,DELIVERING,2026-05-02 12:21:01.300168
7663,4304,DELIVERED,2026-05-02 12:37:01.300168
7664,4305,DELIVERING,2026-04-21 05:38:01.300168
7665,4305,DELIVERED,2026-04-21 06:12:01.300168
7666,4306,DELIVERING,2026-04-30 17:11:01.300168
7667,4306,DELIVERED,2026-04-30 17:24:01.300168
7668,4307,CANCELLED,2026-05-17 04:15:01.300168
7669,4308,DELIVERING,2026-04-22 11:08:01.300168
7670,4308,DELIVERED,2026-04-22 11:35:01.300168
7671,4309,DELIVERING,2026-05-14 19:01:01.300168
7672,4309,DELIVERED,2026-05-14 19:34:01.300168
7673,4310,DELIVERING,2026-04-25 06:36:01.300168
7674,4310,DELIVERED,2026-04-25 07:00:01.300168
7675,4311,DELIVERING,2026-05-14 19:56:01.300168
7676,4311,DELIVERED,2026-05-14 20:26:01.300168
7677,4312,DELIVERING,2026-05-10 04:40:01.300168
7678,4312,DELIVERED,2026-05-10 05:02:01.300168
7679,4313,DELIVERING,2026-05-04 18:54:01.300168
7680,4313,DELIVERED,2026-05-04 19:27:01.300168
7681,4314,DELIVERING,2026-04-24 22:18:01.300168
7682,4314,DELIVERED,2026-04-24 22:45:01.300168
7683,4315,DELIVERING,2026-05-14 01:56:01.300168
7684,4315,DELIVERED,2026-05-14 02:22:01.300168
7685,4316,DELIVERING,2026-05-05 08:31:01.300168
7686,4316,DELIVERED,2026-05-05 09:02:01.300168
7687,4317,DELIVERING,2026-05-13 16:34:01.300168
7688,4317,DELIVERED,2026-05-13 16:59:01.300168
7689,4318,DELIVERING,2026-05-03 10:35:01.300168
7690,4318,DELIVERED,2026-05-03 10:57:01.300168
7691,4319,CANCELLED,2026-05-16 21:12:01.300168
7692,4320,DELIVERING,2026-05-18 21:29:01.300168
7693,4320,DELIVERED,2026-05-18 21:52:01.300168
7694,4321,DELIVERING,2026-04-29 10:42:01.300168
7695,4321,DELIVERED,2026-04-29 11:13:01.300168
7696,4322,CANCELLED,2026-05-07 07:02:01.300168
7697,4323,DELIVERING,2026-05-14 07:40:01.300168
7698,4323,DELIVERED,2026-05-14 07:58:01.300168
7699,4324,DELIVERING,2026-05-09 08:56:01.300168
7700,4324,DELIVERED,2026-05-09 09:13:01.300168
7701,4325,DELIVERING,2026-04-29 17:15:01.300168
7702,4325,DELIVERED,2026-04-29 17:39:01.300168
7703,4327,DELIVERING,2026-04-21 15:21:01.300168
7704,4327,DELIVERED,2026-04-21 15:39:01.300168
7705,4328,DELIVERING,2026-04-24 22:16:01.300168
7706,4328,DELIVERED,2026-04-24 22:55:01.300168
7707,4330,DELIVERING,2026-04-23 19:07:01.300168
7708,4330,DELIVERED,2026-04-23 19:41:01.300168
7709,4331,DELIVERING,2026-04-19 20:08:01.300168
7710,4331,DELIVERED,2026-04-19 20:33:01.300168
7711,4332,DELIVERING,2026-04-23 09:14:01.300168
7712,4332,DELIVERED,2026-04-23 09:40:01.300168
7713,4333,DELIVERING,2026-04-22 07:43:01.300168
7714,4333,DELIVERED,2026-04-22 08:08:01.300168
7715,4334,DELIVERING,2026-05-10 00:35:01.300168
7716,4334,DELIVERED,2026-05-10 00:51:01.300168
7717,4335,DELIVERING,2026-05-07 01:11:01.300168
7718,4335,DELIVERED,2026-05-07 01:32:01.300168
7719,4336,DELIVERING,2026-05-18 16:41:01.300168
7720,4336,DELIVERED,2026-05-18 17:11:01.300168
7721,4337,DELIVERING,2026-04-23 19:03:01.300168
7722,4337,DELIVERED,2026-04-23 19:23:01.300168
7723,4338,DELIVERING,2026-04-30 17:49:01.300168
7724,4338,DELIVERED,2026-04-30 18:19:01.300168
7725,4339,DELIVERING,2026-05-10 08:37:01.300168
7726,4339,DELIVERED,2026-05-10 09:03:01.300168
7727,4341,CANCELLED,2026-05-14 19:19:01.300168
7728,4342,DELIVERING,2026-05-11 12:36:01.300168
7729,4342,DELIVERED,2026-05-11 13:00:01.300168
7730,4343,DELIVERING,2026-05-18 21:08:01.300168
7731,4343,DELIVERED,2026-05-18 21:45:01.300168
7732,4344,DELIVERING,2026-04-21 02:53:01.300168
7733,4344,DELIVERED,2026-04-21 03:12:01.300168
7734,4345,DELIVERING,2026-05-05 16:35:01.300168
7735,4345,DELIVERED,2026-05-05 17:05:01.300168
7736,4346,DELIVERING,2026-05-09 12:18:01.300168
7737,4346,DELIVERED,2026-05-09 12:47:01.300168
7738,4347,CANCELLED,2026-05-07 22:38:01.300168
7739,4348,DELIVERING,2026-04-24 11:27:01.300168
7740,4348,DELIVERED,2026-04-24 11:47:01.300168
7741,4349,CANCELLED,2026-05-18 00:05:01.300168
7742,4350,DELIVERING,2026-04-24 12:53:01.300168
7743,4350,DELIVERED,2026-04-24 13:21:01.300168
7744,4351,DELIVERING,2026-05-12 12:20:01.300168
7745,4351,DELIVERED,2026-05-12 12:51:01.300168
7746,4352,DELIVERING,2026-04-29 20:07:01.300168
7747,4352,DELIVERED,2026-04-29 20:33:01.300168
7748,4353,DELIVERING,2026-04-26 01:35:01.300168
7749,4353,DELIVERED,2026-04-26 02:06:01.300168
7750,4354,CANCELLED,2026-04-29 08:54:01.300168
7751,4355,DELIVERING,2026-04-25 10:45:01.300168
7752,4355,DELIVERED,2026-04-25 11:04:01.300168
7753,4356,DELIVERING,2026-05-01 01:00:01.300168
7754,4356,DELIVERED,2026-05-01 01:32:01.300168
7755,4357,DELIVERING,2026-05-03 15:29:01.300168
7756,4357,DELIVERED,2026-05-03 15:44:01.300168
7757,4358,DELIVERING,2026-05-12 17:52:01.300168
7758,4358,DELIVERED,2026-05-12 18:08:01.300168
7759,4359,DELIVERING,2026-05-09 12:28:01.300168
7760,4359,DELIVERED,2026-05-09 12:47:01.300168
7761,4360,DELIVERING,2026-05-16 05:04:01.300168
7762,4360,DELIVERED,2026-05-16 05:23:01.300168
7763,4361,DELIVERING,2026-05-16 08:56:01.300168
7764,4361,DELIVERED,2026-05-16 09:31:01.300168
7765,4362,DELIVERING,2026-04-21 19:17:01.300168
7766,4362,DELIVERED,2026-04-21 19:31:01.300168
7767,4363,DELIVERING,2026-05-11 10:20:01.300168
7768,4363,DELIVERED,2026-05-11 10:57:01.300168
7769,4364,DELIVERING,2026-05-06 14:11:01.300168
7770,4364,DELIVERED,2026-05-06 14:45:01.300168
7771,4365,CANCELLED,2026-05-10 02:30:01.300168
7772,4366,DELIVERING,2026-05-05 14:14:01.300168
7773,4366,DELIVERED,2026-05-05 14:49:01.300168
7774,4367,DELIVERING,2026-05-08 10:56:01.300168
7775,4367,DELIVERED,2026-05-08 11:21:01.300168
7776,4368,DELIVERING,2026-05-16 22:12:01.300168
7777,4368,DELIVERED,2026-05-16 22:33:01.300168
7778,4369,DELIVERING,2026-05-01 12:14:01.300168
7779,4369,DELIVERED,2026-05-01 12:47:01.300168
7780,4370,DELIVERING,2026-05-18 11:28:01.300168
7781,4370,DELIVERED,2026-05-18 11:44:01.300168
7782,4371,DELIVERING,2026-05-09 04:16:01.300168
7783,4371,DELIVERED,2026-05-09 04:42:01.300168
7784,4372,DELIVERING,2026-05-05 23:55:01.300168
7785,4372,DELIVERED,2026-05-06 00:18:01.300168
7786,4373,DELIVERING,2026-05-05 19:06:01.300168
7787,4373,DELIVERED,2026-05-05 19:28:01.300168
7788,4374,DELIVERING,2026-05-05 17:36:01.300168
7789,4374,DELIVERED,2026-05-05 18:07:01.300168
7790,4375,CANCELLED,2026-04-29 11:37:01.300168
7791,4376,DELIVERING,2026-05-09 19:51:01.300168
7792,4376,DELIVERED,2026-05-09 20:23:01.300168
7793,4377,CANCELLED,2026-05-02 14:51:01.300168
7794,4378,DELIVERING,2026-05-19 07:12:01.300168
7795,4378,DELIVERED,2026-05-19 07:44:01.300168
7796,4379,DELIVERING,2026-05-16 07:57:01.300168
7797,4379,DELIVERED,2026-05-16 08:17:01.300168
7798,4380,DELIVERING,2026-05-12 04:16:01.300168
7799,4380,DELIVERED,2026-05-12 04:46:01.300168
7800,4381,DELIVERING,2026-05-01 06:52:01.300168
7801,4381,DELIVERED,2026-05-01 07:18:01.300168
7802,4382,DELIVERING,2026-04-22 08:21:01.300168
7803,4382,DELIVERED,2026-04-22 08:43:01.300168
7804,4383,DELIVERING,2026-05-05 08:34:01.300168
7805,4383,DELIVERED,2026-05-05 09:06:01.300168
7806,4384,DELIVERING,2026-05-11 06:54:01.300168
7807,4384,DELIVERED,2026-05-11 07:26:01.300168
7808,4385,DELIVERING,2026-05-16 21:20:01.300168
7809,4385,DELIVERED,2026-05-16 21:52:01.300168
7810,4387,CANCELLED,2026-04-27 20:42:01.300168
7811,4388,DELIVERING,2026-05-07 09:24:01.300168
7812,4388,DELIVERED,2026-05-07 09:43:01.300168
7813,4390,DELIVERING,2026-04-24 07:01:01.300168
7814,4390,DELIVERED,2026-04-24 07:37:01.300168
7815,4391,CANCELLED,2026-04-25 16:00:01.300168
7816,4392,DELIVERING,2026-05-09 10:01:01.300168
7817,4392,DELIVERED,2026-05-09 10:19:01.300168
7818,4393,DELIVERING,2026-05-13 16:02:01.300168
7819,4393,DELIVERED,2026-05-13 16:30:01.300168
7820,4394,DELIVERING,2026-05-08 16:35:01.300168
7821,4394,DELIVERED,2026-05-08 16:59:01.300168
7822,4395,DELIVERING,2026-04-27 11:07:01.300168
7823,4395,DELIVERED,2026-04-27 11:28:01.300168
7824,4397,DELIVERING,2026-05-08 15:09:01.300168
7825,4397,DELIVERED,2026-05-08 15:39:01.300168
7826,4398,DELIVERING,2026-05-01 05:56:01.300168
7827,4398,DELIVERED,2026-05-01 06:23:01.300168
7828,4399,DELIVERING,2026-05-09 08:33:01.300168
7829,4399,DELIVERED,2026-05-09 08:49:01.300168
7830,4400,DELIVERING,2026-05-07 02:54:01.300168
7831,4400,DELIVERED,2026-05-07 03:18:01.300168
7832,4401,DELIVERING,2026-04-29 14:33:01.300168
7833,4401,DELIVERED,2026-04-29 14:55:01.300168
7834,4402,DELIVERING,2026-05-10 19:52:01.300168
7835,4402,DELIVERED,2026-05-10 20:08:01.300168
7836,4403,DELIVERING,2026-04-29 03:01:01.300168
7837,4403,DELIVERED,2026-04-29 03:30:01.300168
7838,4404,DELIVERING,2026-04-29 14:56:01.300168
7839,4404,DELIVERED,2026-04-29 15:25:01.300168
7840,4405,DELIVERING,2026-05-07 22:34:01.300168
7841,4405,DELIVERED,2026-05-07 22:47:01.300168
7842,4406,DELIVERING,2026-04-22 17:45:01.300168
7843,4406,DELIVERED,2026-04-22 18:11:01.300168
7844,4407,DELIVERING,2026-04-22 09:26:01.300168
7845,4407,DELIVERED,2026-04-22 09:47:01.300168
7846,4408,DELIVERING,2026-05-06 21:45:01.300168
7847,4408,DELIVERED,2026-05-06 22:22:01.300168
7848,4409,DELIVERING,2026-04-26 00:49:01.300168
7849,4409,DELIVERED,2026-04-26 01:14:01.300168
7850,4410,DELIVERING,2026-04-19 18:08:01.300168
7851,4410,DELIVERED,2026-04-19 18:39:01.300168
7852,4411,DELIVERING,2026-04-27 21:18:01.300168
7853,4411,DELIVERED,2026-04-27 21:37:01.300168
7854,4412,DELIVERING,2026-05-14 04:25:01.300168
7855,4412,DELIVERED,2026-05-14 04:50:01.300168
7856,4413,DELIVERING,2026-04-22 17:54:01.300168
7857,4413,DELIVERED,2026-04-22 18:21:01.300168
7858,4414,CANCELLED,2026-05-08 03:39:01.300168
7859,4416,DELIVERING,2026-05-05 22:04:01.300168
7860,4416,DELIVERED,2026-05-05 22:23:01.300168
7861,4417,DELIVERING,2026-05-03 18:00:01.300168
7862,4417,DELIVERED,2026-05-03 18:31:01.300168
7863,4418,DELIVERING,2026-05-12 17:14:01.300168
7864,4418,DELIVERED,2026-05-12 17:32:01.300168
7865,4419,CANCELLED,2026-05-14 16:20:01.300168
7866,4420,DELIVERING,2026-05-07 23:05:01.300168
7867,4420,DELIVERED,2026-05-07 23:31:01.300168
7868,4421,CANCELLED,2026-05-03 15:32:01.300168
7869,4422,DELIVERING,2026-05-14 06:28:01.300168
7870,4422,DELIVERED,2026-05-14 06:47:01.300168
7871,4423,DELIVERING,2026-05-18 01:13:01.300168
7872,4423,DELIVERED,2026-05-18 01:35:01.300168
7873,4424,DELIVERING,2026-05-16 20:00:01.300168
7874,4424,DELIVERED,2026-05-16 20:32:01.300168
7875,4426,DELIVERING,2026-05-05 16:23:01.300168
7876,4426,DELIVERED,2026-05-05 16:45:01.300168
7877,4427,DELIVERING,2026-04-20 13:14:01.300168
7878,4427,DELIVERED,2026-04-20 13:45:01.300168
7879,4428,DELIVERING,2026-05-05 16:09:01.300168
7880,4428,DELIVERED,2026-05-05 16:42:01.300168
7881,4429,DELIVERING,2026-04-26 08:28:01.300168
7882,4429,DELIVERED,2026-04-26 08:53:01.300168
7883,4430,DELIVERING,2026-05-06 09:43:01.300168
7884,4430,DELIVERED,2026-05-06 10:23:01.300168
7885,4431,DELIVERING,2026-05-06 19:13:01.300168
7886,4431,DELIVERED,2026-05-06 19:29:01.300168
7887,4432,DELIVERING,2026-05-09 17:29:01.300168
7888,4432,DELIVERED,2026-05-09 17:44:01.300168
7889,4433,DELIVERING,2026-04-28 18:20:01.300168
7890,4433,DELIVERED,2026-04-28 18:42:01.300168
7891,4434,DELIVERING,2026-05-16 21:00:01.300168
7892,4434,DELIVERED,2026-05-16 21:33:01.300168
7893,4435,DELIVERING,2026-05-19 08:12:01.300168
7894,4435,DELIVERED,2026-05-19 08:45:01.300168
7895,4436,DELIVERING,2026-04-30 13:30:01.300168
7896,4436,DELIVERED,2026-04-30 14:06:01.300168
7897,4437,DELIVERING,2026-05-04 12:52:01.300168
7898,4437,DELIVERED,2026-05-04 13:15:01.300168
7899,4438,DELIVERING,2026-04-30 00:14:01.300168
7900,4438,DELIVERED,2026-04-30 00:33:01.300168
7901,4439,DELIVERING,2026-05-17 01:39:01.300168
7902,4439,DELIVERED,2026-05-17 02:14:01.300168
7903,4440,DELIVERING,2026-05-04 09:35:01.300168
7904,4440,DELIVERED,2026-05-04 10:04:01.300168
7905,4441,DELIVERING,2026-05-13 14:05:01.300168
7906,4441,DELIVERED,2026-05-13 14:33:01.300168
7907,4442,DELIVERING,2026-04-25 07:56:01.300168
7908,4442,DELIVERED,2026-04-25 08:34:01.300168
7909,4443,CANCELLED,2026-05-18 00:56:01.300168
7910,4444,DELIVERING,2026-05-05 05:41:01.300168
7911,4444,DELIVERED,2026-05-05 06:18:01.300168
7912,4445,DELIVERING,2026-04-24 08:42:01.300168
7913,4445,DELIVERED,2026-04-24 09:07:01.300168
7914,4446,DELIVERING,2026-04-25 06:31:01.300168
7915,4446,DELIVERED,2026-04-25 07:01:01.300168
7916,4447,CANCELLED,2026-04-26 07:24:01.300168
7917,4449,DELIVERING,2026-04-28 16:58:01.300168
7918,4449,DELIVERED,2026-04-28 17:19:01.300168
7919,4450,DELIVERING,2026-05-13 10:09:01.300168
7920,4450,DELIVERED,2026-05-13 10:24:01.300168
7921,4451,DELIVERING,2026-05-09 09:31:01.300168
7922,4451,DELIVERED,2026-05-09 09:50:01.300168
7923,4452,DELIVERING,2026-04-26 07:09:01.300168
7924,4452,DELIVERED,2026-04-26 07:40:01.300168
7925,4453,DELIVERING,2026-05-16 07:28:01.300168
7926,4453,DELIVERED,2026-05-16 07:49:01.300168
7927,4454,DELIVERING,2026-05-01 11:29:01.300168
7928,4454,DELIVERED,2026-05-01 11:58:01.300168
7929,4455,DELIVERING,2026-05-11 15:31:01.300168
7930,4455,DELIVERED,2026-05-11 15:49:01.300168
7931,4456,DELIVERING,2026-05-09 00:46:01.300168
7932,4456,DELIVERED,2026-05-09 01:06:01.300168
7933,4457,CANCELLED,2026-04-26 11:39:01.300168
7934,4458,CANCELLED,2026-05-05 20:42:01.300168
7935,4459,DELIVERING,2026-05-02 09:51:01.300168
7936,4459,DELIVERED,2026-05-02 10:11:01.300168
7937,4460,DELIVERING,2026-04-25 16:43:01.300168
7938,4460,DELIVERED,2026-04-25 17:22:01.300168
7939,4461,DELIVERING,2026-05-05 03:11:01.300168
7940,4461,DELIVERED,2026-05-05 03:39:01.300168
7941,4462,CANCELLED,2026-05-08 16:09:01.300168
7942,4463,CANCELLED,2026-05-13 04:44:01.300168
7943,4464,DELIVERING,2026-05-16 02:40:01.300168
7944,4464,DELIVERED,2026-05-16 03:07:01.300168
7945,4465,CANCELLED,2026-04-24 01:40:01.300168
7946,4466,DELIVERING,2026-05-03 10:47:01.300168
7947,4466,DELIVERED,2026-05-03 11:07:01.300168
7948,4467,CANCELLED,2026-04-24 00:53:01.300168
7949,4469,CANCELLED,2026-04-29 04:34:01.300168
7950,4470,DELIVERING,2026-04-30 08:02:01.300168
7951,4470,DELIVERED,2026-04-30 08:27:01.300168
7952,4471,CANCELLED,2026-05-17 14:56:01.300168
7953,4472,DELIVERING,2026-04-23 09:13:01.300168
7954,4472,DELIVERED,2026-04-23 09:29:01.300168
7955,4473,DELIVERING,2026-05-18 07:01:01.300168
7956,4473,DELIVERED,2026-05-18 07:26:01.300168
7957,4474,DELIVERING,2026-05-10 17:35:01.300168
7958,4474,DELIVERED,2026-05-10 18:06:01.300168
7959,4475,DELIVERING,2026-05-11 14:35:01.300168
7960,4475,DELIVERED,2026-05-11 15:00:01.300168
7961,4476,DELIVERING,2026-04-28 22:17:01.300168
7962,4476,DELIVERED,2026-04-28 22:53:01.300168
7963,4477,DELIVERING,2026-05-08 00:41:01.300168
7964,4477,DELIVERED,2026-05-08 01:12:01.300168
7965,4478,DELIVERING,2026-05-14 05:10:01.300168
7966,4478,DELIVERED,2026-05-14 05:43:01.300168
7967,4479,DELIVERING,2026-05-09 01:23:01.300168
7968,4479,DELIVERED,2026-05-09 01:46:01.300168
7969,4480,DELIVERING,2026-04-26 14:33:01.300168
7970,4480,DELIVERED,2026-04-26 14:47:01.300168
7971,4482,CANCELLED,2026-05-17 11:40:01.300168
7972,4483,CANCELLED,2026-04-22 06:39:01.300168
7973,4484,DELIVERING,2026-05-19 14:20:01.300168
7974,4484,DELIVERED,2026-05-19 14:39:01.300168
7975,4485,DELIVERING,2026-05-01 13:25:01.300168
7976,4485,DELIVERED,2026-05-01 13:56:01.300168
7977,4486,DELIVERING,2026-04-24 13:29:01.300168
7978,4486,DELIVERED,2026-04-24 14:03:01.300168
7979,4487,DELIVERING,2026-05-05 19:20:01.300168
7980,4487,DELIVERED,2026-05-05 19:38:01.300168
7981,4489,DELIVERING,2026-05-05 18:38:01.300168
7982,4489,DELIVERED,2026-05-05 19:05:01.300168
7983,4490,DELIVERING,2026-04-26 15:09:01.300168
7984,4490,DELIVERED,2026-04-26 15:29:01.300168
7985,4491,DELIVERING,2026-05-04 19:08:01.300168
7986,4491,DELIVERED,2026-05-04 19:42:01.300168
7987,4492,DELIVERING,2026-05-06 06:09:01.300168
7988,4492,DELIVERED,2026-05-06 06:46:01.300168
7989,4493,DELIVERING,2026-05-11 03:04:01.300168
7990,4493,DELIVERED,2026-05-11 03:28:01.300168
7991,4494,DELIVERING,2026-04-28 15:02:01.300168
7992,4494,DELIVERED,2026-04-28 15:22:01.300168
7993,4495,DELIVERING,2026-05-12 05:39:01.300168
7994,4495,DELIVERED,2026-05-12 05:55:01.300168
7995,4496,DELIVERING,2026-04-25 05:38:01.300168
7996,4496,DELIVERED,2026-04-25 05:57:01.300168
7997,4497,DELIVERING,2026-05-08 14:05:01.300168
7998,4497,DELIVERED,2026-05-08 14:26:01.300168
7999,4498,DELIVERING,2026-05-13 03:06:01.300168
8000,4498,DELIVERED,2026-05-13 03:25:01.300168
8001,4499,DELIVERING,2026-04-25 18:51:01.300168
8002,4499,DELIVERED,2026-04-25 19:19:01.300168
8003,4500,DELIVERING,2026-04-25 17:30:01.300168
8004,4500,DELIVERED,2026-04-25 18:03:01.300168
8005,4501,DELIVERING,2026-05-19 09:43:01.300168
8006,4501,DELIVERED,2026-05-19 10:00:01.300168
8007,4502,DELIVERING,2026-05-08 05:54:01.300168
8008,4502,DELIVERED,2026-05-08 06:28:01.300168
8009,4503,DELIVERING,2026-05-17 21:48:01.300168
8010,4503,DELIVERED,2026-05-17 22:15:01.300168
8011,4505,CANCELLED,2026-05-10 18:26:01.300168
8012,4506,DELIVERING,2026-05-09 18:52:01.300168
8013,4506,DELIVERED,2026-05-09 19:24:01.300168
8014,4507,DELIVERING,2026-05-04 19:52:01.300168
8015,4507,DELIVERED,2026-05-04 20:21:01.300168
8016,4508,DELIVERING,2026-05-13 06:09:01.300168
8017,4508,DELIVERED,2026-05-13 06:30:01.300168
8018,4509,DELIVERING,2026-05-03 07:24:01.300168
8019,4509,DELIVERED,2026-05-03 07:40:01.300168
8020,4510,DELIVERING,2026-05-14 22:00:01.300168
8021,4510,DELIVERED,2026-05-14 22:32:01.300168
8022,4511,DELIVERING,2026-04-27 02:40:01.300168
8023,4511,DELIVERED,2026-04-27 03:13:01.300168
8024,4512,DELIVERING,2026-05-09 23:28:01.300168
8025,4512,DELIVERED,2026-05-09 23:51:01.300168
8026,4513,DELIVERING,2026-05-01 20:03:01.300168
8027,4513,DELIVERED,2026-05-01 20:32:01.300168
8028,4514,DELIVERING,2026-05-02 00:48:01.300168
8029,4514,DELIVERED,2026-05-02 01:15:01.300168
8030,4515,CANCELLED,2026-05-13 17:03:01.300168
8031,4516,DELIVERING,2026-04-22 12:21:01.300168
8032,4516,DELIVERED,2026-04-22 12:54:01.300168
8033,4517,DELIVERING,2026-04-20 03:14:01.300168
8034,4517,DELIVERED,2026-04-20 03:50:01.300168
8035,4518,DELIVERING,2026-05-12 02:35:01.300168
8036,4518,DELIVERED,2026-05-12 02:50:01.300168
8037,4519,DELIVERING,2026-05-03 03:04:01.300168
8038,4519,DELIVERED,2026-05-03 03:43:01.300168
8039,4520,DELIVERING,2026-05-12 08:44:01.300168
8040,4520,DELIVERED,2026-05-12 09:11:01.300168
8041,4521,DELIVERING,2026-04-22 10:36:01.300168
8042,4521,DELIVERED,2026-04-22 10:52:01.300168
8043,4522,DELIVERING,2026-04-20 17:04:01.300168
8044,4522,DELIVERED,2026-04-20 17:34:01.300168
8045,4523,DELIVERING,2026-05-08 06:50:01.300168
8046,4523,DELIVERED,2026-05-08 07:13:01.300168
8047,4524,DELIVERING,2026-05-19 00:05:01.300168
8048,4524,DELIVERED,2026-05-19 00:26:01.300168
8049,4525,DELIVERING,2026-04-30 19:17:01.300168
8050,4525,DELIVERED,2026-04-30 19:37:01.300168
8051,4526,DELIVERING,2026-05-04 14:31:01.300168
8052,4526,DELIVERED,2026-05-04 14:52:01.300168
8053,4527,DELIVERING,2026-04-20 11:12:01.300168
8054,4527,DELIVERED,2026-04-20 11:35:01.300168
8055,4528,DELIVERING,2026-05-04 09:36:01.300168
8056,4528,DELIVERED,2026-05-04 10:03:01.300168
8057,4529,CANCELLED,2026-04-20 07:18:01.300168
8058,4530,DELIVERING,2026-05-09 05:36:01.300168
8059,4530,DELIVERED,2026-05-09 06:14:01.300168
8060,4531,DELIVERING,2026-05-04 01:29:01.300168
8061,4531,DELIVERED,2026-05-04 02:00:01.300168
8062,4532,DELIVERING,2026-04-20 09:08:01.300168
8063,4532,DELIVERED,2026-04-20 09:29:01.300168
8064,4533,DELIVERING,2026-05-04 09:01:01.300168
8065,4533,DELIVERED,2026-05-04 09:26:01.300168
8066,4534,CANCELLED,2026-05-09 03:03:01.300168
8067,4535,DELIVERING,2026-05-05 05:11:01.300168
8068,4535,DELIVERED,2026-05-05 05:35:01.300168
8069,4536,CANCELLED,2026-05-17 00:45:01.300168
8070,4537,DELIVERING,2026-05-11 05:15:01.300168
8071,4537,DELIVERED,2026-05-11 05:36:01.300168
8072,4538,DELIVERING,2026-05-09 14:16:01.300168
8073,4538,DELIVERED,2026-05-09 14:35:01.300168
8074,4539,DELIVERING,2026-04-30 20:39:01.300168
8075,4539,DELIVERED,2026-04-30 21:04:01.300168
8076,4541,DELIVERING,2026-05-16 00:27:01.300168
8077,4541,DELIVERED,2026-05-16 00:56:01.300168
8078,4542,DELIVERING,2026-05-08 03:43:01.300168
8079,4542,DELIVERED,2026-05-08 04:06:01.300168
8080,4543,DELIVERING,2026-05-15 05:10:01.300168
8081,4543,DELIVERED,2026-05-15 05:40:01.300168
8082,4544,DELIVERING,2026-04-23 19:33:01.300168
8083,4544,DELIVERED,2026-04-23 20:04:01.300168
8084,4545,DELIVERING,2026-05-09 17:50:01.300168
8085,4545,DELIVERED,2026-05-09 18:15:01.300168
8086,4546,DELIVERING,2026-05-03 05:03:01.300168
8087,4546,DELIVERED,2026-05-03 05:24:01.300168
8088,4547,DELIVERING,2026-05-01 16:28:01.300168
8089,4547,DELIVERED,2026-05-01 16:55:01.300168
8090,4548,DELIVERING,2026-05-18 06:07:01.300168
8091,4548,DELIVERED,2026-05-18 06:29:01.300168
8092,4549,DELIVERING,2026-05-19 01:59:01.300168
8093,4549,DELIVERED,2026-05-19 02:34:01.300168
8094,4550,DELIVERING,2026-05-02 00:45:01.300168
8095,4550,DELIVERED,2026-05-02 01:13:01.300168
8096,4551,DELIVERING,2026-05-17 06:11:01.300168
8097,4551,DELIVERED,2026-05-17 06:51:01.300168
8098,4552,DELIVERING,2026-04-20 04:16:01.300168
8099,4552,DELIVERED,2026-04-20 04:32:01.300168
8100,4553,DELIVERING,2026-04-22 12:03:01.300168
8101,4553,DELIVERED,2026-04-22 12:27:01.300168
8102,4554,DELIVERING,2026-04-25 15:21:01.300168
8103,4554,DELIVERED,2026-04-25 15:40:01.300168
8104,4555,CANCELLED,2026-05-04 14:27:01.300168
8105,4556,DELIVERING,2026-05-15 03:46:01.300168
8106,4556,DELIVERED,2026-05-15 04:25:01.300168
8107,4557,DELIVERING,2026-05-12 19:13:01.300168
8108,4557,DELIVERED,2026-05-12 19:31:01.300168
8109,4558,DELIVERING,2026-05-02 16:01:01.300168
8110,4558,DELIVERED,2026-05-02 16:35:01.300168
8111,4559,DELIVERING,2026-05-02 13:00:01.300168
8112,4559,DELIVERED,2026-05-02 13:26:01.300168
8113,4560,DELIVERING,2026-05-10 04:13:01.300168
8114,4560,DELIVERED,2026-05-10 04:27:01.300168
8115,4561,DELIVERING,2026-04-26 05:51:01.300168
8116,4561,DELIVERED,2026-04-26 06:15:01.300168
8117,4562,DELIVERING,2026-05-19 03:22:01.300168
8118,4562,DELIVERED,2026-05-19 03:39:01.300168
8119,4563,DELIVERING,2026-05-08 07:28:01.300168
8120,4563,DELIVERED,2026-05-08 07:48:01.300168
8121,4564,DELIVERING,2026-05-16 08:31:01.300168
8122,4564,DELIVERED,2026-05-16 08:54:01.300168
8123,4565,DELIVERING,2026-05-10 03:50:01.300168
8124,4565,DELIVERED,2026-05-10 04:27:01.300168
8125,4566,DELIVERING,2026-05-11 00:46:01.300168
8126,4566,DELIVERED,2026-05-11 01:10:01.300168
8127,4567,DELIVERING,2026-05-08 16:18:01.300168
8128,4567,DELIVERED,2026-05-08 16:44:01.300168
8129,4568,DELIVERING,2026-04-23 11:38:01.300168
8130,4568,DELIVERED,2026-04-23 12:07:01.300168
8131,4569,DELIVERING,2026-04-23 18:39:01.300168
8132,4569,DELIVERED,2026-04-23 19:13:01.300168
8133,4570,DELIVERING,2026-05-04 08:47:01.300168
8134,4570,DELIVERED,2026-05-04 09:10:01.300168
8135,4571,DELIVERING,2026-05-02 23:46:01.300168
8136,4571,DELIVERED,2026-05-03 00:15:01.300168
8137,4572,CANCELLED,2026-04-27 10:16:01.300168
8138,4573,DELIVERING,2026-05-08 05:43:01.300168
8139,4573,DELIVERED,2026-05-08 05:59:01.300168
8140,4574,DELIVERING,2026-05-18 11:43:01.300168
8141,4574,DELIVERED,2026-05-18 12:06:01.300168
8142,4575,DELIVERING,2026-04-27 14:07:01.300168
8143,4575,DELIVERED,2026-04-27 14:35:01.300168
8144,4576,DELIVERING,2026-04-22 23:27:01.300168
8145,4576,DELIVERED,2026-04-22 23:53:01.300168
8146,4577,DELIVERING,2026-05-04 08:07:01.300168
8147,4577,DELIVERED,2026-05-04 08:47:01.300168
8148,4578,DELIVERING,2026-05-11 14:10:01.300168
8149,4578,DELIVERED,2026-05-11 14:43:01.300168
8150,4579,DELIVERING,2026-04-25 16:55:01.300168
8151,4579,DELIVERED,2026-04-25 17:20:01.300168
8152,4580,DELIVERING,2026-05-04 04:57:01.300168
8153,4580,DELIVERED,2026-05-04 05:35:01.300168
8154,4581,DELIVERING,2026-05-12 01:34:01.300168
8155,4581,DELIVERED,2026-05-12 02:07:01.300168
8156,4582,DELIVERING,2026-05-03 20:23:01.300168
8157,4582,DELIVERED,2026-05-03 20:43:01.300168
8158,4583,DELIVERING,2026-04-20 07:51:01.300168
8159,4583,DELIVERED,2026-04-20 08:16:01.300168
8160,4585,DELIVERING,2026-04-20 20:59:01.300168
8161,4585,DELIVERED,2026-04-20 21:39:01.300168
8162,4586,CANCELLED,2026-05-06 10:46:01.300168
8163,4587,DELIVERING,2026-05-04 21:00:01.300168
8164,4587,DELIVERED,2026-05-04 21:23:01.300168
8165,4588,CANCELLED,2026-05-07 04:57:01.300168
8166,4589,DELIVERING,2026-04-21 03:32:01.300168
8167,4589,DELIVERED,2026-04-21 03:52:01.300168
8168,4590,DELIVERING,2026-05-15 20:50:01.300168
8169,4590,DELIVERED,2026-05-15 21:22:01.300168
8170,4591,DELIVERING,2026-05-02 00:17:01.300168
8171,4591,DELIVERED,2026-05-02 00:49:01.300168
8172,4592,DELIVERING,2026-04-29 22:35:01.300168
8173,4592,DELIVERED,2026-04-29 23:05:01.300168
8174,4593,DELIVERING,2026-05-17 13:05:01.300168
8175,4593,DELIVERED,2026-05-17 13:38:01.300168
8176,4594,DELIVERING,2026-04-27 13:14:01.300168
8177,4594,DELIVERED,2026-04-27 13:47:01.300168
8178,4595,CANCELLED,2026-04-19 19:11:01.300168
8179,4596,DELIVERING,2026-05-01 04:09:01.300168
8180,4596,DELIVERED,2026-05-01 04:33:01.300168
8181,4597,DELIVERING,2026-04-25 18:35:01.300168
8182,4597,DELIVERED,2026-04-25 19:00:01.300168
8183,4598,DELIVERING,2026-04-21 22:50:01.300168
8184,4598,DELIVERED,2026-04-21 23:10:01.300168
8185,4599,DELIVERING,2026-05-06 08:19:01.300168
8186,4599,DELIVERED,2026-05-06 08:44:01.300168
8187,4600,DELIVERING,2026-04-27 03:58:01.300168
8188,4600,DELIVERED,2026-04-27 04:17:01.300168
8189,4601,DELIVERING,2026-05-11 19:20:01.300168
8190,4601,DELIVERED,2026-05-11 19:45:01.300168
8191,4602,DELIVERING,2026-05-11 14:45:01.300168
8192,4602,DELIVERED,2026-05-11 15:08:01.300168
8193,4603,DELIVERING,2026-04-24 22:14:01.300168
8194,4603,DELIVERED,2026-04-24 22:48:01.300168
8195,4604,DELIVERING,2026-04-23 08:20:01.300168
8196,4604,DELIVERED,2026-04-23 08:44:01.300168
8197,4605,DELIVERING,2026-05-08 06:50:01.300168
8198,4605,DELIVERED,2026-05-08 07:13:01.300168
8199,4606,DELIVERING,2026-05-17 13:00:01.300168
8200,4606,DELIVERED,2026-05-17 13:37:01.300168
8201,4607,DELIVERING,2026-05-07 16:59:01.300168
8202,4607,DELIVERED,2026-05-07 17:30:01.300168
8203,4608,DELIVERING,2026-05-02 15:16:01.300168
8204,4608,DELIVERED,2026-05-02 15:39:01.300168
8205,4609,CANCELLED,2026-05-07 12:20:01.300168
8206,4610,DELIVERING,2026-05-05 07:17:01.300168
8207,4610,DELIVERED,2026-05-05 07:36:01.300168
8208,4611,DELIVERING,2026-04-29 08:20:01.300168
8209,4611,DELIVERED,2026-04-29 08:51:01.300168
8210,4612,DELIVERING,2026-04-21 06:53:01.300168
8211,4612,DELIVERED,2026-04-21 07:14:01.300168
8212,4613,DELIVERING,2026-05-13 23:16:01.300168
8213,4613,DELIVERED,2026-05-13 23:30:01.300168
8214,4614,DELIVERING,2026-05-01 20:53:01.300168
8215,4614,DELIVERED,2026-05-01 21:15:01.300168
8216,4615,DELIVERING,2026-05-01 20:04:01.300168
8217,4615,DELIVERED,2026-05-01 20:39:01.300168
8218,4616,DELIVERING,2026-05-03 22:32:01.300168
8219,4616,DELIVERED,2026-05-03 23:09:01.300168
8220,4617,DELIVERING,2026-05-03 06:06:01.300168
8221,4617,DELIVERED,2026-05-03 06:21:01.300168
8222,4618,DELIVERING,2026-05-09 23:32:01.300168
8223,4618,DELIVERED,2026-05-10 00:03:01.300168
8224,4619,DELIVERING,2026-04-28 10:20:01.300168
8225,4619,DELIVERED,2026-04-28 10:42:01.300168
8226,4620,DELIVERING,2026-04-28 13:14:01.300168
8227,4620,DELIVERED,2026-04-28 13:44:01.300168
8228,4621,DELIVERING,2026-05-10 22:55:01.300168
8229,4621,DELIVERED,2026-05-10 23:23:01.300168
8230,4622,CANCELLED,2026-05-14 22:40:01.300168
8231,4623,DELIVERING,2026-04-30 01:58:01.300168
8232,4623,DELIVERED,2026-04-30 02:18:01.300168
8233,4624,DELIVERING,2026-04-25 12:30:01.300168
8234,4624,DELIVERED,2026-04-25 13:00:01.300168
8235,4625,DELIVERING,2026-04-23 18:01:01.300168
8236,4625,DELIVERED,2026-04-23 18:29:01.300168
8237,4626,DELIVERING,2026-04-23 19:28:01.300168
8238,4626,DELIVERED,2026-04-23 20:04:01.300168
8239,4627,DELIVERING,2026-05-11 17:47:01.300168
8240,4627,DELIVERED,2026-05-11 18:10:01.300168
8241,4628,DELIVERING,2026-04-20 09:21:01.300168
8242,4628,DELIVERED,2026-04-20 09:34:01.300168
8243,4629,CANCELLED,2026-04-26 12:20:01.300168
8244,4630,DELIVERING,2026-04-27 12:02:01.300168
8245,4630,DELIVERED,2026-04-27 12:31:01.300168
8246,4631,DELIVERING,2026-05-12 04:37:01.300168
8247,4631,DELIVERED,2026-05-12 04:59:01.300168
8248,4632,DELIVERING,2026-05-08 10:36:01.300168
8249,4632,DELIVERED,2026-05-08 10:53:01.300168
8250,4633,DELIVERING,2026-05-12 21:49:01.300168
8251,4633,DELIVERED,2026-05-12 22:24:01.300168
8252,4635,DELIVERING,2026-04-24 13:52:01.300168
8253,4635,DELIVERED,2026-04-24 14:27:01.300168
8254,4637,DELIVERING,2026-05-10 23:38:01.300168
8255,4637,DELIVERED,2026-05-11 00:00:01.300168
8256,4638,DELIVERING,2026-05-13 13:20:01.300168
8257,4638,DELIVERED,2026-05-13 13:41:01.300168
8258,4639,DELIVERING,2026-04-24 13:05:01.300168
8259,4639,DELIVERED,2026-04-24 13:31:01.300168
8260,4640,DELIVERING,2026-05-07 04:06:01.300168
8261,4640,DELIVERED,2026-05-07 04:36:01.300168
8262,4642,DELIVERING,2026-04-30 07:29:01.300168
8263,4642,DELIVERED,2026-04-30 07:50:01.300168
8264,4643,CANCELLED,2026-05-09 04:23:01.300168
8265,4644,DELIVERING,2026-04-26 10:31:01.300168
8266,4644,DELIVERED,2026-04-26 11:03:01.300168
8267,4645,DELIVERING,2026-05-05 13:23:01.300168
8268,4645,DELIVERED,2026-05-05 13:38:01.300168
8269,4646,DELIVERING,2026-05-10 15:17:01.300168
8270,4646,DELIVERED,2026-05-10 15:32:01.300168
8271,4647,DELIVERING,2026-04-29 05:30:01.300168
8272,4647,DELIVERED,2026-04-29 05:45:01.300168
8273,4648,DELIVERING,2026-04-23 23:33:01.300168
8274,4648,DELIVERED,2026-04-24 00:08:01.300168
8275,4649,DELIVERING,2026-05-07 00:47:01.300168
8276,4649,DELIVERED,2026-05-07 01:15:01.300168
8277,4650,DELIVERING,2026-04-23 02:48:01.300168
8278,4650,DELIVERED,2026-04-23 03:09:01.300168
8279,4651,DELIVERING,2026-04-25 18:06:01.300168
8280,4651,DELIVERED,2026-04-25 18:26:01.300168
8281,4652,CANCELLED,2026-05-02 03:45:01.300168
8282,4653,CANCELLED,2026-05-19 01:52:01.300168
8283,4654,DELIVERING,2026-05-11 21:46:01.300168
8284,4654,DELIVERED,2026-05-11 22:08:01.300168
8285,4655,CANCELLED,2026-05-13 01:32:01.300168
8286,4656,DELIVERING,2026-05-13 14:27:01.300168
8287,4656,DELIVERED,2026-05-13 14:48:01.300168
8288,4657,DELIVERING,2026-04-22 23:01:01.300168
8289,4657,DELIVERED,2026-04-22 23:40:01.300168
8290,4658,DELIVERING,2026-05-19 07:36:01.300168
8291,4658,DELIVERED,2026-05-19 08:13:01.300168
8292,4659,DELIVERING,2026-05-19 00:35:01.300168
8293,4659,DELIVERED,2026-05-19 00:55:01.300168
8294,4660,DELIVERING,2026-05-01 10:42:01.300168
8295,4660,DELIVERED,2026-05-01 11:14:01.300168
8296,4661,DELIVERING,2026-05-07 13:39:01.300168
8297,4661,DELIVERED,2026-05-07 14:05:01.300168
8298,4662,DELIVERING,2026-04-19 20:34:01.300168
8299,4662,DELIVERED,2026-04-19 20:59:01.300168
8300,4664,DELIVERING,2026-05-02 11:17:01.300168
8301,4664,DELIVERED,2026-05-02 11:39:01.300168
8302,4665,DELIVERING,2026-05-08 02:43:01.300168
8303,4665,DELIVERED,2026-05-08 03:17:01.300168
8304,4666,DELIVERING,2026-05-02 22:30:01.300168
8305,4666,DELIVERED,2026-05-02 22:53:01.300168
8306,4667,DELIVERING,2026-05-13 05:15:01.300168
8307,4667,DELIVERED,2026-05-13 05:30:01.300168
8308,4669,DELIVERING,2026-05-07 05:56:01.300168
8309,4669,DELIVERED,2026-05-07 06:35:01.300168
8310,4670,CANCELLED,2026-05-03 04:43:01.300168
8311,4671,DELIVERING,2026-04-22 04:27:01.300168
8312,4671,DELIVERED,2026-04-22 04:53:01.300168
8313,4672,DELIVERING,2026-05-11 00:08:01.300168
8314,4672,DELIVERED,2026-05-11 00:32:01.300168
8315,4673,CANCELLED,2026-05-08 12:34:01.300168
8316,4674,DELIVERING,2026-04-26 21:05:01.300168
8317,4674,DELIVERED,2026-04-26 21:24:01.300168
8318,4675,CANCELLED,2026-05-10 03:38:01.300168
8319,4676,DELIVERING,2026-05-04 23:20:01.300168
8320,4676,DELIVERED,2026-05-04 23:44:01.300168
8321,4677,DELIVERING,2026-05-10 06:53:01.300168
8322,4677,DELIVERED,2026-05-10 07:20:01.300168
8323,4678,DELIVERING,2026-05-10 02:47:01.300168
8324,4678,DELIVERED,2026-05-10 03:08:01.300168
8325,4679,DELIVERING,2026-05-09 05:05:01.300168
8326,4679,DELIVERED,2026-05-09 05:44:01.300168
8327,4680,DELIVERING,2026-05-09 21:00:01.300168
8328,4680,DELIVERED,2026-05-09 21:40:01.300168
8329,4681,DELIVERING,2026-04-23 11:12:01.300168
8330,4681,DELIVERED,2026-04-23 11:35:01.300168
8331,4682,DELIVERING,2026-05-19 01:25:01.300168
8332,4682,DELIVERED,2026-05-19 01:44:01.300168
8333,4683,DELIVERING,2026-05-18 20:19:01.300168
8334,4683,DELIVERED,2026-05-18 20:46:01.300168
8335,4684,DELIVERING,2026-05-09 19:37:01.300168
8336,4684,DELIVERED,2026-05-09 20:07:01.300168
8337,4685,DELIVERING,2026-05-08 08:05:01.300168
8338,4685,DELIVERED,2026-05-08 08:22:01.300168
8339,4687,DELIVERING,2026-05-18 05:33:01.300168
8340,4687,DELIVERED,2026-05-18 06:06:01.300168
8341,4688,DELIVERING,2026-05-03 17:47:01.300168
8342,4688,DELIVERED,2026-05-03 18:16:01.300168
8343,4689,CANCELLED,2026-05-06 18:29:01.300168
8344,4690,DELIVERING,2026-04-27 15:30:01.300168
8345,4690,DELIVERED,2026-04-27 15:48:01.300168
8346,4691,CANCELLED,2026-05-01 12:16:01.300168
8347,4692,DELIVERING,2026-05-15 04:47:01.300168
8348,4692,DELIVERED,2026-05-15 05:19:01.300168
8349,4693,DELIVERING,2026-05-05 16:55:01.300168
8350,4693,DELIVERED,2026-05-05 17:18:01.300168
8351,4694,DELIVERING,2026-05-04 21:36:01.300168
8352,4694,DELIVERED,2026-05-04 22:09:01.300168
8353,4695,DELIVERING,2026-04-28 16:29:01.300168
8354,4695,DELIVERED,2026-04-28 16:54:01.300168
8355,4696,DELIVERING,2026-05-07 07:00:01.300168
8356,4696,DELIVERED,2026-05-07 07:22:01.300168
8357,4697,DELIVERING,2026-05-04 14:12:01.300168
8358,4697,DELIVERED,2026-05-04 14:36:01.300168
8359,4698,DELIVERING,2026-05-10 10:40:01.300168
8360,4698,DELIVERED,2026-05-10 10:59:01.300168
8361,4699,DELIVERING,2026-05-18 23:58:01.300168
8362,4699,DELIVERED,2026-05-19 00:16:01.300168
8363,4700,DELIVERING,2026-04-24 07:47:01.300168
8364,4700,DELIVERED,2026-04-24 08:18:01.300168
8365,4701,DELIVERING,2026-05-11 11:03:01.300168
8366,4701,DELIVERED,2026-05-11 11:29:01.300168
8367,4702,DELIVERING,2026-04-29 11:11:01.300168
8368,4702,DELIVERED,2026-04-29 11:29:01.300168
8369,4703,DELIVERING,2026-05-04 21:16:01.300168
8370,4703,DELIVERED,2026-05-04 21:39:01.300168
8371,4704,DELIVERING,2026-04-30 22:43:01.300168
8372,4704,DELIVERED,2026-04-30 23:15:01.300168
8373,4705,DELIVERING,2026-05-13 04:17:01.300168
8374,4705,DELIVERED,2026-05-13 04:36:01.300168
8375,4706,DELIVERING,2026-05-07 23:48:01.300168
8376,4706,DELIVERED,2026-05-08 00:19:01.300168
8377,4707,DELIVERING,2026-05-11 12:58:01.300168
8378,4707,DELIVERED,2026-05-11 13:26:01.300168
8379,4708,DELIVERING,2026-05-04 10:19:01.300168
8380,4708,DELIVERED,2026-05-04 10:48:01.300168
8381,4709,CANCELLED,2026-04-28 03:37:01.300168
8382,4710,DELIVERING,2026-04-20 21:47:01.300168
8383,4710,DELIVERED,2026-04-20 22:22:01.300168
8384,4711,DELIVERING,2026-05-09 17:11:01.300168
8385,4711,DELIVERED,2026-05-09 17:31:01.300168
8386,4712,DELIVERING,2026-05-02 07:20:01.300168
8387,4712,DELIVERED,2026-05-02 07:45:01.300168
8388,4713,DELIVERING,2026-04-30 03:40:01.300168
8389,4713,DELIVERED,2026-04-30 04:13:01.300168
8390,4714,DELIVERING,2026-05-04 03:09:01.300168
8391,4714,DELIVERED,2026-05-04 03:25:01.300168
8392,4715,DELIVERING,2026-05-11 08:21:01.300168
8393,4715,DELIVERED,2026-05-11 08:38:01.300168
8394,4716,CANCELLED,2026-04-28 21:11:01.300168
8395,4717,DELIVERING,2026-04-27 02:57:01.300168
8396,4717,DELIVERED,2026-04-27 03:22:01.300168
8397,4718,DELIVERING,2026-05-05 12:22:01.300168
8398,4718,DELIVERED,2026-05-05 13:00:01.300168
8399,4719,DELIVERING,2026-05-05 06:14:01.300168
8400,4719,DELIVERED,2026-05-05 06:49:01.300168
8401,4720,CANCELLED,2026-05-07 01:11:01.300168
8402,4721,DELIVERING,2026-05-16 22:57:01.300168
8403,4721,DELIVERED,2026-05-16 23:21:01.300168
8404,4722,DELIVERING,2026-04-29 11:57:01.300168
8405,4722,DELIVERED,2026-04-29 12:33:01.300168
8406,4723,DELIVERING,2026-05-09 14:52:01.300168
8407,4723,DELIVERED,2026-05-09 15:07:01.300168
8408,4724,DELIVERING,2026-05-07 14:35:01.300168
8409,4724,DELIVERED,2026-05-07 15:14:01.300168
8410,4725,DELIVERING,2026-05-02 06:33:01.300168
8411,4725,DELIVERED,2026-05-02 06:54:01.300168
8412,4726,DELIVERING,2026-05-09 18:05:01.300168
8413,4726,DELIVERED,2026-05-09 18:35:01.300168
8414,4727,CANCELLED,2026-05-15 05:33:01.300168
8415,4728,DELIVERING,2026-05-09 22:44:01.300168
8416,4728,DELIVERED,2026-05-09 23:02:01.300168
8417,4729,DELIVERING,2026-04-25 05:13:01.300168
8418,4729,DELIVERED,2026-04-25 05:28:01.300168
8419,4730,DELIVERING,2026-05-05 02:11:01.300168
8420,4730,DELIVERED,2026-05-05 02:46:01.300168
8421,4731,DELIVERING,2026-04-21 23:28:01.300168
8422,4731,DELIVERED,2026-04-21 23:50:01.300168
8423,4732,DELIVERING,2026-05-19 17:16:01.300168
8424,4732,DELIVERED,2026-05-19 17:29:01.300168
8425,4733,DELIVERING,2026-05-18 02:50:01.300168
8426,4733,DELIVERED,2026-05-18 03:22:01.300168
8427,4734,DELIVERING,2026-04-28 00:24:01.300168
8428,4734,DELIVERED,2026-04-28 00:50:01.300168
8429,4735,DELIVERING,2026-05-19 06:25:01.300168
8430,4735,DELIVERED,2026-05-19 06:49:01.300168
8431,4736,DELIVERING,2026-04-28 22:50:01.300168
8432,4736,DELIVERED,2026-04-28 23:25:01.300168
8433,4737,DELIVERING,2026-05-06 22:48:01.300168
8434,4737,DELIVERED,2026-05-06 23:09:01.300168
8435,4738,CANCELLED,2026-05-15 14:31:01.300168
8436,4739,DELIVERING,2026-05-15 22:38:01.300168
8437,4739,DELIVERED,2026-05-15 23:11:01.300168
8438,4740,DELIVERING,2026-04-25 21:12:01.300168
8439,4740,DELIVERED,2026-04-25 21:36:01.300168
8440,4741,CANCELLED,2026-05-09 08:52:01.300168
8441,4742,DELIVERING,2026-04-25 21:36:01.300168
8442,4742,DELIVERED,2026-04-25 22:14:01.300168
8443,4743,CANCELLED,2026-05-17 09:11:01.300168
8444,4745,DELIVERING,2026-04-21 23:50:01.300168
8445,4745,DELIVERED,2026-04-22 00:14:01.300168
8446,4746,DELIVERING,2026-05-10 14:58:01.300168
8447,4746,DELIVERED,2026-05-10 15:32:01.300168
8448,4747,DELIVERING,2026-05-08 10:58:01.300168
8449,4747,DELIVERED,2026-05-08 11:28:01.300168
8450,4748,DELIVERING,2026-04-25 10:20:01.300168
8451,4748,DELIVERED,2026-04-25 10:43:01.300168
8452,4749,DELIVERING,2026-05-07 04:38:01.300168
8453,4749,DELIVERED,2026-05-07 05:00:01.300168
8454,4750,DELIVERING,2026-05-01 02:26:01.300168
8455,4750,DELIVERED,2026-05-01 02:49:01.300168
8456,4751,DELIVERING,2026-05-17 21:19:01.300168
8457,4751,DELIVERED,2026-05-17 21:47:01.300168
8458,4752,DELIVERING,2026-05-14 00:05:01.300168
8459,4752,DELIVERED,2026-05-14 00:42:01.300168
8460,4753,DELIVERING,2026-05-13 08:54:01.300168
8461,4753,DELIVERED,2026-05-13 09:16:01.300168
8462,4754,DELIVERING,2026-05-14 19:16:01.300168
8463,4754,DELIVERED,2026-05-14 19:42:01.300168
8464,4755,DELIVERING,2026-05-08 16:50:01.300168
8465,4755,DELIVERED,2026-05-08 17:15:01.300168
8466,4756,CANCELLED,2026-04-29 15:55:01.300168
8467,4757,CANCELLED,2026-05-06 11:40:01.300168
8468,4758,DELIVERING,2026-05-18 20:49:01.300168
8469,4758,DELIVERED,2026-05-18 21:18:01.300168
8470,4759,CANCELLED,2026-04-24 00:27:01.300168
8471,4760,DELIVERING,2026-05-01 04:17:01.300168
8472,4760,DELIVERED,2026-05-01 04:42:01.300168
8473,4761,DELIVERING,2026-05-12 01:40:01.300168
8474,4761,DELIVERED,2026-05-12 02:10:01.300168
8475,4762,CANCELLED,2026-05-09 07:01:01.300168
8476,4764,CANCELLED,2026-04-22 06:44:01.300168
8477,4765,CANCELLED,2026-04-21 03:10:01.300168
8478,4766,DELIVERING,2026-04-26 00:48:01.300168
8479,4766,DELIVERED,2026-04-26 01:08:01.300168
8480,4767,DELIVERING,2026-04-29 09:37:01.300168
8481,4767,DELIVERED,2026-04-29 10:15:01.300168
8482,4768,DELIVERING,2026-05-08 13:55:01.300168
8483,4768,DELIVERED,2026-05-08 14:28:01.300168
8484,4769,CANCELLED,2026-05-02 03:54:01.300168
8485,4770,DELIVERING,2026-04-30 13:24:01.300168
8486,4770,DELIVERED,2026-04-30 13:58:01.300168
8487,4771,CANCELLED,2026-05-05 03:49:01.300168
8488,4772,DELIVERING,2026-04-21 08:06:01.300168
8489,4772,DELIVERED,2026-04-21 08:40:01.300168
8490,4773,DELIVERING,2026-05-02 00:24:01.300168
8491,4773,DELIVERED,2026-05-02 00:51:01.300168
8492,4774,DELIVERING,2026-05-10 21:21:01.300168
8493,4774,DELIVERED,2026-05-10 21:39:01.300168
8494,4775,DELIVERING,2026-04-26 06:52:01.300168
8495,4775,DELIVERED,2026-04-26 07:20:01.300168
8496,4776,DELIVERING,2026-05-03 08:32:01.300168
8497,4776,DELIVERED,2026-05-03 09:00:01.300168
8498,4777,DELIVERING,2026-05-02 07:34:01.300168
8499,4777,DELIVERED,2026-05-02 07:59:01.300168
8500,4778,DELIVERING,2026-04-30 21:45:01.300168
8501,4778,DELIVERED,2026-04-30 22:18:01.300168
8502,4779,DELIVERING,2026-05-11 20:01:01.300168
8503,4779,DELIVERED,2026-05-11 20:27:01.300168
8504,4780,CANCELLED,2026-05-07 19:06:01.300168
8505,4781,DELIVERING,2026-04-22 12:00:01.300168
8506,4781,DELIVERED,2026-04-22 12:20:01.300168
8507,4782,DELIVERING,2026-05-09 16:41:01.300168
8508,4782,DELIVERED,2026-05-09 17:12:01.300168
8509,4783,DELIVERING,2026-05-11 17:12:01.300168
8510,4783,DELIVERED,2026-05-11 17:52:01.300168
8511,4784,DELIVERING,2026-05-09 07:33:01.300168
8512,4784,DELIVERED,2026-05-09 07:57:01.300168
8513,4786,DELIVERING,2026-05-06 11:29:01.300168
8514,4786,DELIVERED,2026-05-06 11:53:01.300168
8515,4787,DELIVERING,2026-04-21 02:01:01.300168
8516,4787,DELIVERED,2026-04-21 02:25:01.300168
8517,4789,DELIVERING,2026-04-27 14:28:01.300168
8518,4789,DELIVERED,2026-04-27 14:48:01.300168
8519,4790,CANCELLED,2026-05-18 06:27:01.300168
8520,4791,DELIVERING,2026-05-14 08:48:01.300168
8521,4791,DELIVERED,2026-05-14 09:15:01.300168
8522,4792,DELIVERING,2026-05-04 03:39:01.300168
8523,4792,DELIVERED,2026-05-04 04:14:01.300168
8524,4793,DELIVERING,2026-04-24 07:52:01.300168
8525,4793,DELIVERED,2026-04-24 08:22:01.300168
8526,4795,DELIVERING,2026-05-04 12:11:01.300168
8527,4795,DELIVERED,2026-05-04 12:46:01.300168
8528,4796,DELIVERING,2026-04-30 22:02:01.300168
8529,4796,DELIVERED,2026-04-30 22:37:01.300168
8530,4797,DELIVERING,2026-04-21 21:25:01.300168
8531,4797,DELIVERED,2026-04-21 22:03:01.300168
8532,4799,CANCELLED,2026-05-19 12:28:01.300168
8533,4800,DELIVERING,2026-05-05 08:24:01.300168
8534,4800,DELIVERED,2026-05-05 08:46:01.300168
8535,4801,DELIVERING,2026-05-09 02:12:01.300168
8536,4801,DELIVERED,2026-05-09 02:29:01.300168
8537,4802,DELIVERING,2026-05-15 15:10:01.300168
8538,4802,DELIVERED,2026-05-15 15:39:01.300168
8539,4803,DELIVERING,2026-05-10 03:54:01.300168
8540,4803,DELIVERED,2026-05-10 04:17:01.300168
8541,4804,DELIVERING,2026-04-30 14:43:01.300168
8542,4804,DELIVERED,2026-04-30 15:13:01.300168
8543,4805,DELIVERING,2026-04-25 04:44:01.300168
8544,4805,DELIVERED,2026-04-25 05:16:01.300168
8545,4806,DELIVERING,2026-04-20 05:19:01.300168
8546,4806,DELIVERED,2026-04-20 05:49:01.300168
8547,4807,DELIVERING,2026-05-12 20:35:01.300168
8548,4807,DELIVERED,2026-05-12 21:08:01.300168
8549,4808,DELIVERING,2026-04-30 14:40:01.300168
8550,4808,DELIVERED,2026-04-30 15:01:01.300168
8551,4810,DELIVERING,2026-05-15 09:48:01.300168
8552,4810,DELIVERED,2026-05-15 10:21:01.300168
8553,4811,DELIVERING,2026-04-28 20:58:01.300168
8554,4811,DELIVERED,2026-04-28 21:27:01.300168
8555,4812,DELIVERING,2026-04-29 11:19:01.300168
8556,4812,DELIVERED,2026-04-29 11:58:01.300168
8557,4813,DELIVERING,2026-05-19 08:31:01.300168
8558,4813,DELIVERED,2026-05-19 09:07:01.300168
8559,4814,DELIVERING,2026-04-27 14:45:01.300168
8560,4814,DELIVERED,2026-04-27 15:12:01.300168
8561,4815,DELIVERING,2026-04-26 15:02:01.300168
8562,4815,DELIVERED,2026-04-26 15:32:01.300168
8563,4816,CANCELLED,2026-05-05 02:51:01.300168
8564,4817,DELIVERING,2026-05-16 14:24:01.300168
8565,4817,DELIVERED,2026-05-16 14:57:01.300168
8566,4818,DELIVERING,2026-05-19 07:12:01.300168
8567,4818,DELIVERED,2026-05-19 07:35:01.300168
8568,4819,DELIVERING,2026-04-30 11:33:01.300168
8569,4819,DELIVERED,2026-04-30 12:07:01.300168
8570,4820,DELIVERING,2026-05-12 19:18:01.300168
8571,4820,DELIVERED,2026-05-12 19:38:01.300168
8572,4821,DELIVERING,2026-04-21 09:30:01.300168
8573,4821,DELIVERED,2026-04-21 09:58:01.300168
8574,4822,DELIVERING,2026-05-14 06:02:01.300168
8575,4822,DELIVERED,2026-05-14 06:25:01.300168
8576,4823,DELIVERING,2026-05-08 04:18:01.300168
8577,4823,DELIVERED,2026-05-08 04:41:01.300168
8578,4824,DELIVERING,2026-04-24 21:06:01.300168
8579,4824,DELIVERED,2026-04-24 21:33:01.300168
8580,4825,CANCELLED,2026-05-11 15:10:01.300168
8581,4826,DELIVERING,2026-04-21 14:31:01.300168
8582,4826,DELIVERED,2026-04-21 15:06:01.300168
8583,4827,DELIVERING,2026-05-15 21:59:01.300168
8584,4827,DELIVERED,2026-05-15 22:30:01.300168
8585,4828,DELIVERING,2026-05-05 05:52:01.300168
8586,4828,DELIVERED,2026-05-05 06:17:01.300168
8587,4829,DELIVERING,2026-05-09 02:11:01.300168
8588,4829,DELIVERED,2026-05-09 02:37:01.300168
8589,4830,DELIVERING,2026-04-29 14:08:01.300168
8590,4830,DELIVERED,2026-04-29 14:27:01.300168
8591,4831,DELIVERING,2026-05-18 23:21:01.300168
8592,4831,DELIVERED,2026-05-18 23:38:01.300168
8593,4832,DELIVERING,2026-04-23 07:44:01.300168
8594,4832,DELIVERED,2026-04-23 08:04:01.300168
8595,4833,DELIVERING,2026-04-25 22:33:01.300168
8596,4833,DELIVERED,2026-04-25 22:47:01.300168
8597,4834,DELIVERING,2026-04-28 18:31:01.300168
8598,4834,DELIVERED,2026-04-28 19:01:01.300168
8599,4835,DELIVERING,2026-05-05 17:33:01.300168
8600,4835,DELIVERED,2026-05-05 18:02:01.300168
8601,4836,DELIVERING,2026-05-06 15:12:01.300168
8602,4836,DELIVERED,2026-05-06 15:45:01.300168
8603,4837,DELIVERING,2026-04-25 15:58:01.300168
8604,4837,DELIVERED,2026-04-25 16:12:01.300168
8605,4838,DELIVERING,2026-05-14 01:23:01.300168
8606,4838,DELIVERED,2026-05-14 01:51:01.300168
8607,4840,DELIVERING,2026-05-01 00:25:01.300168
8608,4840,DELIVERED,2026-05-01 00:39:01.300168
8609,4841,DELIVERING,2026-05-11 02:31:01.300168
8610,4841,DELIVERED,2026-05-11 03:08:01.300168
8611,4842,DELIVERING,2026-05-18 12:09:01.300168
8612,4842,DELIVERED,2026-05-18 12:38:01.300168
8613,4843,CANCELLED,2026-04-24 19:47:01.300168
8614,4844,DELIVERING,2026-05-18 12:02:01.300168
8615,4844,DELIVERED,2026-05-18 12:34:01.300168
8616,4845,CANCELLED,2026-04-29 05:08:01.300168
8617,4846,DELIVERING,2026-04-30 13:42:01.300168
8618,4846,DELIVERED,2026-04-30 13:58:01.300168
8619,4847,DELIVERING,2026-04-24 11:25:01.300168
8620,4847,DELIVERED,2026-04-24 11:46:01.300168
8621,4848,DELIVERING,2026-04-23 15:58:01.300168
8622,4848,DELIVERED,2026-04-23 16:21:01.300168
8623,4849,DELIVERING,2026-04-28 15:25:01.300168
8624,4849,DELIVERED,2026-04-28 15:45:01.300168
8625,4850,DELIVERING,2026-04-24 12:01:01.300168
8626,4850,DELIVERED,2026-04-24 12:16:01.300168
8627,4851,DELIVERING,2026-04-26 19:39:01.300168
8628,4851,DELIVERED,2026-04-26 20:10:01.300168
8629,4852,DELIVERING,2026-04-29 03:10:01.300168
8630,4852,DELIVERED,2026-04-29 03:33:01.300168
8631,4853,DELIVERING,2026-05-08 22:34:01.300168
8632,4853,DELIVERED,2026-05-08 23:08:01.300168
8633,4854,DELIVERING,2026-05-04 11:47:01.300168
8634,4854,DELIVERED,2026-05-04 12:18:01.300168
8635,4855,DELIVERING,2026-05-15 03:33:01.300168
8636,4855,DELIVERED,2026-05-15 04:07:01.300168
8637,4856,DELIVERING,2026-05-08 17:17:01.300168
8638,4856,DELIVERED,2026-05-08 17:49:01.300168
8639,4857,DELIVERING,2026-05-09 01:01:01.300168
8640,4857,DELIVERED,2026-05-09 01:14:01.300168
8641,4858,DELIVERING,2026-05-11 14:45:01.300168
8642,4858,DELIVERED,2026-05-11 15:10:01.300168
8643,4859,DELIVERING,2026-04-25 19:19:01.300168
8644,4859,DELIVERED,2026-04-25 19:42:01.300168
8645,4860,DELIVERING,2026-05-06 18:42:01.300168
8646,4860,DELIVERED,2026-05-06 19:19:01.300168
8647,4861,DELIVERING,2026-04-20 00:46:01.300168
8648,4861,DELIVERED,2026-04-20 01:03:01.300168
8649,4862,DELIVERING,2026-05-11 08:40:01.300168
8650,4862,DELIVERED,2026-05-11 09:00:01.300168
8651,4863,DELIVERING,2026-04-20 20:53:01.300168
8652,4863,DELIVERED,2026-04-20 21:27:01.300168
8653,4864,DELIVERING,2026-04-29 10:15:01.300168
8654,4864,DELIVERED,2026-04-29 10:34:01.300168
8655,4865,DELIVERING,2026-05-07 16:50:01.300168
8656,4865,DELIVERED,2026-05-07 17:18:01.300168
8657,4866,DELIVERING,2026-05-09 20:42:01.300168
8658,4866,DELIVERED,2026-05-09 21:18:01.300168
8659,4867,DELIVERING,2026-05-07 06:50:01.300168
8660,4867,DELIVERED,2026-05-07 07:17:01.300168
8661,4868,DELIVERING,2026-05-17 09:09:01.300168
8662,4868,DELIVERED,2026-05-17 09:33:01.300168
8663,4869,CANCELLED,2026-05-05 01:38:01.300168
8664,4870,DELIVERING,2026-04-29 19:09:01.300168
8665,4870,DELIVERED,2026-04-29 19:30:01.300168
8666,4871,DELIVERING,2026-04-30 07:46:01.300168
8667,4871,DELIVERED,2026-04-30 08:19:01.300168
8668,4872,DELIVERING,2026-04-21 04:06:01.300168
8669,4872,DELIVERED,2026-04-21 04:23:01.300168
8670,4873,DELIVERING,2026-04-27 04:28:01.300168
8671,4873,DELIVERED,2026-04-27 04:45:01.300168
8672,4874,DELIVERING,2026-05-16 15:38:01.300168
8673,4874,DELIVERED,2026-05-16 16:02:01.300168
8674,4875,DELIVERING,2026-05-14 02:03:01.300168
8675,4875,DELIVERED,2026-05-14 02:34:01.300168
8676,4876,DELIVERING,2026-05-17 10:59:01.300168
8677,4876,DELIVERED,2026-05-17 11:23:01.300168
8678,4877,DELIVERING,2026-04-30 13:13:01.300168
8679,4877,DELIVERED,2026-04-30 13:43:01.300168
8680,4878,DELIVERING,2026-05-10 13:07:01.300168
8681,4878,DELIVERED,2026-05-10 13:23:01.300168
8682,4879,DELIVERING,2026-05-09 05:01:01.300168
8683,4879,DELIVERED,2026-05-09 05:34:01.300168
8684,4880,DELIVERING,2026-05-02 15:30:01.300168
8685,4880,DELIVERED,2026-05-02 15:55:01.300168
8686,4881,CANCELLED,2026-05-06 23:32:01.300168
8687,4882,DELIVERING,2026-05-11 10:14:01.300168
8688,4882,DELIVERED,2026-05-11 10:54:01.300168
8689,4883,DELIVERING,2026-04-29 07:39:01.300168
8690,4883,DELIVERED,2026-04-29 08:09:01.300168
8691,4884,DELIVERING,2026-05-07 15:55:01.300168
8692,4884,DELIVERED,2026-05-07 16:32:01.300168
8693,4885,DELIVERING,2026-05-14 22:58:01.300168
8694,4885,DELIVERED,2026-05-14 23:21:01.300168
8695,4886,DELIVERING,2026-05-10 07:30:01.300168
8696,4886,DELIVERED,2026-05-10 07:59:01.300168
8697,4887,DELIVERING,2026-04-20 09:04:01.300168
8698,4887,DELIVERED,2026-04-20 09:32:01.300168
8699,4888,DELIVERING,2026-04-28 20:01:01.300168
8700,4888,DELIVERED,2026-04-28 20:25:01.300168
8701,4889,CANCELLED,2026-05-17 23:45:01.300168
8702,4890,DELIVERING,2026-05-18 12:25:01.300168
8703,4890,DELIVERED,2026-05-18 12:59:01.300168
8704,4891,DELIVERING,2026-05-12 10:05:01.300168
8705,4891,DELIVERED,2026-05-12 10:23:01.300168
8706,4892,DELIVERING,2026-05-19 12:24:01.300168
8707,4892,DELIVERED,2026-05-19 12:46:01.300168
8708,4893,DELIVERING,2026-05-11 04:38:01.300168
8709,4893,DELIVERED,2026-05-11 05:05:01.300168
8710,4894,DELIVERING,2026-05-19 01:31:01.300168
8711,4894,DELIVERED,2026-05-19 02:02:01.300168
8712,4895,DELIVERING,2026-05-12 20:17:01.300168
8713,4895,DELIVERED,2026-05-12 20:45:01.300168
8714,4896,DELIVERING,2026-04-24 05:37:01.300168
8715,4896,DELIVERED,2026-04-24 06:07:01.300168
8716,4897,DELIVERING,2026-05-17 23:07:01.300168
8717,4897,DELIVERED,2026-05-17 23:25:01.300168
8718,4898,DELIVERING,2026-04-26 22:42:01.300168
8719,4898,DELIVERED,2026-04-26 23:07:01.300168
8720,4899,CANCELLED,2026-04-23 11:23:01.300168
8721,4900,DELIVERING,2026-05-08 05:32:01.300168
8722,4900,DELIVERED,2026-05-08 06:01:01.300168
8723,4901,DELIVERING,2026-05-14 04:33:01.300168
8724,4901,DELIVERED,2026-05-14 04:54:01.300168
8725,4902,DELIVERING,2026-04-21 07:33:01.300168
8726,4902,DELIVERED,2026-04-21 07:55:01.300168
8727,4903,DELIVERING,2026-04-30 10:29:01.300168
8728,4903,DELIVERED,2026-04-30 10:59:01.300168
8729,4904,DELIVERING,2026-04-28 16:03:01.300168
8730,4904,DELIVERED,2026-04-28 16:24:01.300168
8731,4905,DELIVERING,2026-05-09 12:46:01.300168
8732,4905,DELIVERED,2026-05-09 13:06:01.300168
8733,4906,DELIVERING,2026-05-01 19:24:01.300168
8734,4906,DELIVERED,2026-05-01 19:56:01.300168
8735,4907,DELIVERING,2026-04-28 00:07:01.300168
8736,4907,DELIVERED,2026-04-28 00:29:01.300168
8737,4908,DELIVERING,2026-05-15 03:16:01.300168
8738,4908,DELIVERED,2026-05-15 03:41:01.300168
8739,4909,DELIVERING,2026-05-03 00:23:01.300168
8740,4909,DELIVERED,2026-05-03 00:41:01.300168
8741,4910,DELIVERING,2026-05-15 23:48:01.300168
8742,4910,DELIVERED,2026-05-16 00:15:01.300168
8743,4911,DELIVERING,2026-04-29 12:38:01.300168
8744,4911,DELIVERED,2026-04-29 13:10:01.300168
8745,4912,DELIVERING,2026-05-16 20:32:01.300168
8746,4912,DELIVERED,2026-05-16 20:51:01.300168
8747,4913,DELIVERING,2026-05-02 11:36:01.300168
8748,4913,DELIVERED,2026-05-02 12:06:01.300168
8749,4914,DELIVERING,2026-04-24 21:27:01.300168
8750,4914,DELIVERED,2026-04-24 21:59:01.300168
8751,4915,DELIVERING,2026-04-24 00:39:01.300168
8752,4915,DELIVERED,2026-04-24 01:05:01.300168
8753,4916,DELIVERING,2026-05-13 21:09:01.300168
8754,4916,DELIVERED,2026-05-13 21:31:01.300168
8755,4917,DELIVERING,2026-05-17 10:54:01.300168
8756,4917,DELIVERED,2026-05-17 11:26:01.300168
8757,4918,CANCELLED,2026-05-07 22:48:01.300168
8758,4919,DELIVERING,2026-05-12 02:53:01.300168
8759,4919,DELIVERED,2026-05-12 03:06:01.300168
8760,4920,CANCELLED,2026-04-23 18:44:01.300168
8761,4921,DELIVERING,2026-05-05 16:44:01.300168
8762,4921,DELIVERED,2026-05-05 17:05:01.300168
8763,4922,DELIVERING,2026-05-10 08:34:01.300168
8764,4922,DELIVERED,2026-05-10 09:03:01.300168
8765,4923,DELIVERING,2026-04-26 02:48:01.300168
8766,4923,DELIVERED,2026-04-26 03:07:01.300168
8767,4924,DELIVERING,2026-05-13 10:48:01.300168
8768,4924,DELIVERED,2026-05-13 11:08:01.300168
8769,4925,DELIVERING,2026-04-30 16:28:01.300168
8770,4925,DELIVERED,2026-04-30 16:43:01.300168
8771,4926,DELIVERING,2026-05-11 06:05:01.300168
8772,4926,DELIVERED,2026-05-11 06:28:01.300168
8773,4927,DELIVERING,2026-05-12 17:23:01.300168
8774,4927,DELIVERED,2026-05-12 17:49:01.300168
8775,4928,DELIVERING,2026-05-02 05:20:01.300168
8776,4928,DELIVERED,2026-05-02 05:44:01.300168
8777,4929,CANCELLED,2026-05-05 21:07:01.300168
8778,4930,CANCELLED,2026-04-21 05:30:01.300168
8779,4931,CANCELLED,2026-05-11 07:43:01.300168
8780,4932,DELIVERING,2026-04-25 09:53:01.300168
8781,4932,DELIVERED,2026-04-25 10:12:01.300168
8782,4933,CANCELLED,2026-05-09 13:51:01.300168
8783,4934,DELIVERING,2026-04-21 09:22:01.300168
8784,4934,DELIVERED,2026-04-21 09:47:01.300168
8785,4935,DELIVERING,2026-05-06 15:40:01.300168
8786,4935,DELIVERED,2026-05-06 16:18:01.300168
8787,4936,DELIVERING,2026-05-16 00:56:01.300168
8788,4936,DELIVERED,2026-05-16 01:23:01.300168
8789,4937,DELIVERING,2026-04-28 04:18:01.300168
8790,4937,DELIVERED,2026-04-28 04:34:01.300168
8791,4938,DELIVERING,2026-04-22 00:37:01.300168
8792,4938,DELIVERED,2026-04-22 01:09:01.300168
8793,4940,DELIVERING,2026-05-11 06:47:01.300168
8794,4940,DELIVERED,2026-05-11 07:12:01.300168
8795,4941,CANCELLED,2026-04-28 01:27:01.300168
8796,4942,DELIVERING,2026-05-03 08:40:01.300168
8797,4942,DELIVERED,2026-05-03 09:11:01.300168
8798,4943,DELIVERING,2026-05-18 08:02:01.300168
8799,4943,DELIVERED,2026-05-18 08:35:01.300168
8800,4944,DELIVERING,2026-04-24 23:07:01.300168
8801,4944,DELIVERED,2026-04-24 23:41:01.300168
8802,4945,DELIVERING,2026-04-29 23:27:01.300168
8803,4945,DELIVERED,2026-04-30 00:01:01.300168
8804,4946,DELIVERING,2026-05-09 19:04:01.300168
8805,4946,DELIVERED,2026-05-09 19:26:01.300168
8806,4947,DELIVERING,2026-05-19 06:48:01.300168
8807,4947,DELIVERED,2026-05-19 07:13:01.300168
8808,4948,DELIVERING,2026-05-18 12:43:01.300168
8809,4948,DELIVERED,2026-05-18 13:18:01.300168
8810,4949,DELIVERING,2026-04-29 03:52:01.300168
8811,4949,DELIVERED,2026-04-29 04:13:01.300168
8812,4950,DELIVERING,2026-05-10 08:39:01.300168
8813,4950,DELIVERED,2026-05-10 09:07:01.300168
8814,4951,DELIVERING,2026-05-16 21:37:01.300168
8815,4951,DELIVERED,2026-05-16 22:15:01.300168
8816,4952,CANCELLED,2026-05-05 22:20:01.300168
8817,4953,DELIVERING,2026-05-07 15:31:01.300168
8818,4953,DELIVERED,2026-05-07 15:55:01.300168
8819,4954,DELIVERING,2026-05-02 07:51:01.300168
8820,4954,DELIVERED,2026-05-02 08:29:01.300168
8821,4955,CANCELLED,2026-05-17 04:42:01.300168
8822,4956,DELIVERING,2026-05-16 10:29:01.300168
8823,4956,DELIVERED,2026-05-16 11:02:01.300168
8824,4957,DELIVERING,2026-05-18 16:48:01.300168
8825,4957,DELIVERED,2026-05-18 17:05:01.300168
8826,4958,DELIVERING,2026-05-06 03:35:01.300168
8827,4958,DELIVERED,2026-05-06 04:06:01.300168
8828,4959,DELIVERING,2026-05-10 19:10:01.300168
8829,4959,DELIVERED,2026-05-10 19:33:01.300168
8830,4960,DELIVERING,2026-04-24 23:14:01.300168
8831,4960,DELIVERED,2026-04-24 23:36:01.300168
8832,4961,DELIVERING,2026-04-30 03:45:01.300168
8833,4961,DELIVERED,2026-04-30 04:09:01.300168
8834,4962,DELIVERING,2026-04-24 23:20:01.300168
8835,4962,DELIVERED,2026-04-24 23:57:01.300168
8836,4963,DELIVERING,2026-04-25 14:54:01.300168
8837,4963,DELIVERED,2026-04-25 15:10:01.300168
8838,4964,DELIVERING,2026-05-08 13:08:01.300168
8839,4964,DELIVERED,2026-05-08 13:36:01.300168
8840,4965,DELIVERING,2026-04-19 19:31:01.300168
8841,4965,DELIVERED,2026-04-19 20:01:01.300168
8842,4966,DELIVERING,2026-04-26 05:35:01.300168
8843,4966,DELIVERED,2026-04-26 05:53:01.300168
8844,4967,DELIVERING,2026-05-05 17:37:01.300168
8845,4967,DELIVERED,2026-05-05 17:56:01.300168
8846,4968,DELIVERING,2026-04-22 02:52:01.300168
8847,4968,DELIVERED,2026-04-22 03:22:01.300168
8848,4969,DELIVERING,2026-04-28 19:38:01.300168
8849,4969,DELIVERED,2026-04-28 20:08:01.300168
8850,4970,DELIVERING,2026-04-23 21:35:01.300168
8851,4970,DELIVERED,2026-04-23 21:53:01.300168
8852,4971,DELIVERING,2026-05-15 21:59:01.300168
8853,4971,DELIVERED,2026-05-15 22:21:01.300168
8854,4972,DELIVERING,2026-05-01 01:14:01.300168
8855,4972,DELIVERED,2026-05-01 01:45:01.300168
8856,4973,DELIVERING,2026-04-25 23:24:01.300168
8857,4973,DELIVERED,2026-04-25 23:56:01.300168
8858,4974,DELIVERING,2026-04-22 22:10:01.300168
8859,4974,DELIVERED,2026-04-22 22:33:01.300168
8860,4975,DELIVERING,2026-04-26 02:22:01.300168
8861,4975,DELIVERED,2026-04-26 02:58:01.300168
8862,4976,DELIVERING,2026-04-28 21:57:01.300168
8863,4976,DELIVERED,2026-04-28 22:19:01.300168
8864,4977,DELIVERING,2026-05-16 08:36:01.300168
8865,4977,DELIVERED,2026-05-16 08:57:01.300168
8866,4978,DELIVERING,2026-05-07 16:04:01.300168
8867,4978,DELIVERED,2026-05-07 16:37:01.300168
8868,4979,DELIVERING,2026-05-03 16:00:01.300168
8869,4979,DELIVERED,2026-05-03 16:29:01.300168
8870,4980,DELIVERING,2026-05-01 13:58:01.300168
8871,4980,DELIVERED,2026-05-01 14:27:01.300168
8872,4981,DELIVERING,2026-05-08 03:32:01.300168
8873,4981,DELIVERED,2026-05-08 04:06:01.300168
8874,4982,DELIVERING,2026-05-04 03:11:01.300168
8875,4982,DELIVERED,2026-05-04 03:27:01.300168
8876,4983,DELIVERING,2026-04-27 21:12:01.300168
8877,4983,DELIVERED,2026-04-27 21:47:01.300168
8878,4984,DELIVERING,2026-05-10 22:39:01.300168
8879,4984,DELIVERED,2026-05-10 23:13:01.300168
8880,4985,DELIVERING,2026-04-24 14:27:01.300168
8881,4985,DELIVERED,2026-04-24 15:01:01.300168
8882,4986,DELIVERING,2026-05-09 05:26:01.300168
8883,4986,DELIVERED,2026-05-09 05:59:01.300168
8884,4987,DELIVERING,2026-04-22 00:24:01.300168
8885,4987,DELIVERED,2026-04-22 00:54:01.300168
8886,4988,DELIVERING,2026-05-14 13:42:01.300168
8887,4988,DELIVERED,2026-05-14 14:07:01.300168
8888,4989,DELIVERING,2026-04-20 01:42:01.300168
8889,4989,DELIVERED,2026-04-20 02:00:01.300168
8890,4990,CANCELLED,2026-05-14 10:40:01.300168
8891,4991,DELIVERING,2026-05-09 04:43:01.300168
8892,4991,DELIVERED,2026-05-09 05:09:01.300168
8893,4992,DELIVERING,2026-05-13 18:46:01.300168
8894,4992,DELIVERED,2026-05-13 19:06:01.300168
8895,4993,DELIVERING,2026-04-24 17:24:01.300168
8896,4993,DELIVERED,2026-04-24 17:48:01.300168
8897,4994,DELIVERING,2026-04-28 06:43:01.300168
8898,4994,DELIVERED,2026-04-28 06:58:01.300168
8899,4995,DELIVERING,2026-04-21 11:30:01.300168
8900,4995,DELIVERED,2026-04-21 11:53:01.300168
8901,4996,DELIVERING,2026-04-30 16:36:01.300168
8902,4996,DELIVERED,2026-04-30 17:11:01.300168
8903,4997,DELIVERING,2026-05-04 08:26:01.300168
8904,4997,DELIVERED,2026-05-04 08:54:01.300168
8905,4998,DELIVERING,2026-04-20 02:14:01.300168
8906,4998,DELIVERED,2026-04-20 02:46:01.300168
8907,4999,DELIVERING,2026-04-29 22:00:01.300168
8908,4999,DELIVERED,2026-04-29 22:21:01.300168
8909,5000,DELIVERING,2026-05-15 09:13:01.300168
8910,5000,DELIVERED,2026-05-15 09:50:01.300168
