detail_id,order_id,item_id,quantity,note
1,1,30,3,Nhiều hành
2,1,29,1,
3,2,10,3,Nhiều hành
4,2,11,3,Nhiều hành
5,2,12,3,
6,3,3,1,Nhiều hành
7,3,2,2,Ít cay
8,3,1,2,Đóng gói kỹ
9,4,20,1,
10,4,21,3,
11,5,14,2,
12,5,13,1,
13,6,26,2,Nhiều hành
14,6,27,2,
15,6,25,2,
16,7,1,1,
17,8,13,1,
18,9,8,1,Ít cay
19,9,7,2,
20,10,24,3,
21,10,23,1,
22,10,22,2,
23,11,21,3,
24,12,18,1,
25,12,17,2,
26,12,16,2,
27,13,3,2,
28,13,2,1,
29,14,29,1,
30,14,28,3,
31,15,25,1,
32,15,27,1,Ít cay
33,16,18,3,
34,17,21,2,
35,17,19,3,Đóng gói kỹ
36,17,20,2,
37,18,9,3,Đóng gói kỹ
38,18,7,3,Đóng gói kỹ
39,19,22,3,
40,19,24,3,
41,19,23,2,Nhiều hành
42,20,8,3,
43,20,7,2,
44,21,4,3,Đóng gói kỹ
45,21,5,1,
46,22,2,2,
47,22,3,2,
48,22,1,1,
49,23,9,3,
50,23,8,3,
51,23,7,1,
52,24,24,2,
53,24,22,3,
54,25,20,3,Đóng gói kỹ
55,25,19,1,Đóng gói kỹ
56,25,21,1,
57,26,22,2,Nhiều hành
58,26,24,1,Đóng gói kỹ
59,26,23,2,
60,27,13,2,
61,28,11,1,Đóng gói kỹ
62,28,12,1,Ít cay
63,29,23,2,
64,29,24,1,Nhiều hành
65,30,17,3,
66,30,18,1,
67,31,14,2,
68,31,15,1,
69,32,23,3,
70,32,22,3,Ít cay
71,33,19,3,Đóng gói kỹ
72,33,20,3,
73,34,22,1,
74,35,23,2,
75,35,24,3,
76,35,22,1,
77,36,18,2,
78,36,17,2,Nhiều hành
79,36,16,2,
80,37,3,1,
81,37,1,2,
82,37,2,3,
83,38,22,1,Đóng gói kỹ
84,38,23,3,Nhiều hành
85,39,15,3,
86,39,14,1,Đóng gói kỹ
87,39,13,1,Nhiều hành
88,40,5,2,Nhiều hành
89,40,4,3,
90,41,24,1,Nhiều hành
91,42,30,3,
92,42,28,2,
93,42,29,3,
94,43,6,2,Đóng gói kỹ
95,43,5,1,Đóng gói kỹ
96,44,22,2,
97,44,23,1,Đóng gói kỹ
98,44,24,1,Ít cay
99,45,19,1,Ít cay
100,46,24,2,
101,47,6,2,
102,47,4,2,
103,47,5,1,Ít cay
104,48,12,3,
105,49,13,1,Nhiều hành
106,50,30,3,
107,51,9,1,Nhiều hành
108,52,15,1,Ít cay
109,52,13,3,
110,52,14,2,Nhiều hành
111,53,15,1,
112,53,14,2,Nhiều hành
113,54,2,2,Ít cay
114,55,19,2,
115,55,20,3,
116,56,18,1,Đóng gói kỹ
117,56,17,3,Đóng gói kỹ
118,56,16,2,Ít cay
119,57,14,1,
120,58,8,3,Đóng gói kỹ
121,58,9,2,
122,58,7,3,
123,59,27,1,Đóng gói kỹ
124,59,26,3,Ít cay
125,60,19,3,
126,60,21,1,Nhiều hành
127,61,10,1,
128,61,12,3,
129,61,11,2,Ít cay
130,62,2,1,
131,62,3,3,Nhiều hành
132,62,1,2,
133,63,4,1,Ít cay
134,63,6,3,Nhiều hành
135,63,5,1,Đóng gói kỹ
136,64,21,3,Ít cay
137,64,19,1,Đóng gói kỹ
138,64,20,2,Ít cay
139,65,16,2,Ít cay
140,65,17,1,Ít cay
141,65,18,2,Đóng gói kỹ
142,66,11,1,Nhiều hành
143,66,12,2,Ít cay
144,66,10,2,Nhiều hành
145,67,18,2,
146,67,16,2,
147,67,17,3,Ít cay
148,68,10,3,Nhiều hành
149,69,26,1,
150,69,27,3,
151,69,25,1,
152,70,28,2,
153,70,30,1,
154,71,10,1,
155,71,12,2,Đóng gói kỹ
156,71,11,3,
157,72,1,2,Nhiều hành
158,72,2,1,
159,72,3,1,
160,73,20,3,Đóng gói kỹ
161,73,19,2,
162,73,21,1,
163,74,4,1,Nhiều hành
164,74,5,2,Nhiều hành
165,75,25,2,
166,75,27,3,Ít cay
167,75,26,3,Nhiều hành
168,76,29,2,
169,76,28,1,Đóng gói kỹ
170,77,9,2,
171,77,7,1,Đóng gói kỹ
172,77,8,2,
173,78,5,1,
174,79,23,1,Đóng gói kỹ
175,80,20,1,
176,80,19,3,Đóng gói kỹ
177,81,7,2,
178,81,8,1,
179,82,4,3,Đóng gói kỹ
180,82,5,2,
181,83,20,3,
182,83,19,3,Đóng gói kỹ
183,84,27,3,
184,84,26,2,Đóng gói kỹ
185,85,4,2,
186,85,5,2,Đóng gói kỹ
187,86,14,1,Ít cay
188,87,6,1,
189,87,5,1,Nhiều hành
190,88,16,3,Đóng gói kỹ
191,89,23,1,Nhiều hành
192,89,22,3,
193,90,5,2,
194,90,4,3,Nhiều hành
195,91,30,3,Nhiều hành
196,92,22,3,
197,93,19,2,Đóng gói kỹ
198,94,13,1,
199,95,2,1,Ít cay
200,95,1,3,Ít cay
201,95,3,1,
202,96,1,3,Nhiều hành
203,96,2,3,
204,96,3,2,
205,97,8,1,Ít cay
206,97,7,1,
207,97,9,3,
208,98,27,1,
209,98,26,3,
210,98,25,3,
211,99,12,1,
212,99,11,3,
213,100,4,2,Nhiều hành
214,100,5,3,Ít cay
215,100,6,2,
216,101,25,3,Đóng gói kỹ
217,101,26,1,
218,102,9,2,
219,102,7,1,Đóng gói kỹ
220,102,8,2,
221,103,10,1,
222,103,12,2,Nhiều hành
223,103,11,1,Nhiều hành
224,104,6,2,
225,104,5,2,Đóng gói kỹ
226,105,19,2,Ít cay
227,105,20,1,Nhiều hành
228,106,8,1,Nhiều hành
229,107,18,2,
230,107,17,2,Đóng gói kỹ
231,107,16,1,Đóng gói kỹ
232,108,3,3,Nhiều hành
233,108,1,1,
234,108,2,1,Ít cay
235,109,25,3,
236,110,21,1,
237,110,19,1,
238,110,20,3,
239,111,12,2,Nhiều hành
240,111,11,2,
241,112,10,2,
242,112,12,3,Ít cay
243,112,11,1,
244,113,7,1,Ít cay
245,113,9,3,Nhiều hành
246,114,7,3,
247,115,3,2,
248,115,2,1,
249,116,23,1,Đóng gói kỹ
250,117,17,3,
251,118,7,3,
252,118,8,1,
253,119,20,1,Nhiều hành
254,120,16,2,Nhiều hành
255,120,17,3,
256,121,22,2,Nhiều hành
257,121,24,1,Đóng gói kỹ
258,122,5,2,
259,122,6,3,
260,123,1,1,
261,124,17,1,
262,124,16,3,
263,125,3,3,Ít cay
264,125,2,1,
265,126,14,1,Nhiều hành
266,126,13,3,
267,127,30,2,
268,127,28,2,
269,128,6,1,Nhiều hành
270,128,5,2,
271,128,4,3,Ít cay
272,129,29,3,Nhiều hành
273,129,30,3,
274,129,28,1,
275,130,2,3,
276,130,1,1,Ít cay
277,130,3,2,Nhiều hành
278,131,14,2,
279,131,13,3,
280,132,6,2,
281,133,1,2,
282,134,17,3,Ít cay
283,134,18,2,
284,135,1,1,
285,135,3,3,Ít cay
286,135,2,3,Đóng gói kỹ
287,136,20,1,
288,136,19,3,Đóng gói kỹ
289,136,21,3,
290,137,28,2,
291,138,18,3,Ít cay
292,138,16,2,
293,138,17,3,
294,139,22,3,
295,139,24,3,Nhiều hành
296,139,23,2,
297,140,4,2,
298,140,5,1,Nhiều hành
299,141,6,2,Nhiều hành
300,141,4,2,Ít cay
301,142,10,2,
302,142,12,1,
303,142,11,3,
304,143,27,1,
305,143,26,1,Nhiều hành
306,143,25,3,
307,144,13,1,
308,144,15,2,Nhiều hành
309,145,5,2,
310,145,4,3,Ít cay
311,146,30,2,
312,147,8,1,Ít cay
313,148,12,2,
314,149,8,1,
315,149,9,2,
316,150,24,2,Đóng gói kỹ
317,150,22,2,Ít cay
318,150,23,1,
319,151,11,1,
320,152,4,3,
321,152,5,2,
322,152,6,1,Đóng gói kỹ
323,153,22,1,
324,154,25,3,
325,155,24,2,
326,156,20,1,
327,156,19,2,
328,157,10,3,
329,157,11,3,Nhiều hành
330,158,26,3,
331,158,25,3,Nhiều hành
332,159,30,3,
333,159,29,2,Ít cay
334,160,17,3,
335,160,18,3,Ít cay
336,160,16,1,
337,161,9,3,Ít cay
338,162,19,2,Nhiều hành
339,162,21,1,
340,162,20,3,
341,163,21,2,
342,163,20,1,
343,164,13,3,
344,164,14,1,
345,164,15,2,
346,165,9,1,
347,166,4,3,Ít cay
348,166,6,2,Ít cay
349,167,22,1,Ít cay
350,167,23,2,Ít cay
351,167,24,3,Đóng gói kỹ
352,168,20,2,
353,168,19,2,
354,168,21,2,
355,169,17,1,Ít cay
356,170,12,1,
357,170,10,2,
358,171,9,2,
359,171,7,1,Nhiều hành
360,171,8,2,
361,172,4,1,Ít cay
362,172,6,3,
363,172,5,2,Nhiều hành
364,173,3,3,Nhiều hành
365,174,14,3,
366,175,12,2,
367,175,11,2,
368,176,26,1,
369,177,25,1,
370,177,26,3,
371,177,27,3,Ít cay
372,178,18,2,Nhiều hành
373,178,16,2,
374,178,17,2,Đóng gói kỹ
375,179,19,1,Ít cay
376,180,13,3,Ít cay
377,180,14,1,
378,181,12,3,
379,182,14,1,
380,182,15,3,Nhiều hành
381,183,3,1,
382,184,6,3,
383,185,10,3,
384,185,11,1,
385,186,14,1,Nhiều hành
386,186,13,2,
387,187,11,2,
388,188,26,2,Đóng gói kỹ
389,188,25,1,
390,188,27,1,Ít cay
391,189,30,2,
392,189,28,1,Đóng gói kỹ
393,189,29,1,Ít cay
394,190,23,3,Nhiều hành
395,190,22,2,
396,190,24,3,
397,191,11,1,
398,191,12,3,
399,191,10,3,
400,192,23,1,
401,192,24,1,
402,192,22,1,
403,193,28,3,
404,193,30,2,
405,194,25,2,Ít cay
406,194,27,3,
407,195,19,1,
408,196,29,2,
409,196,30,2,
410,197,10,3,Ít cay
411,197,12,1,
412,198,19,1,Đóng gói kỹ
413,198,21,3,Ít cay
414,199,27,3,Nhiều hành
415,199,26,2,
416,199,25,1,Ít cay
417,200,29,2,Đóng gói kỹ
418,200,28,3,
419,200,30,1,Nhiều hành
420,201,10,3,Đóng gói kỹ
421,202,28,1,
422,202,29,1,
423,203,21,1,
424,204,26,1,Đóng gói kỹ
425,205,27,2,
426,206,13,2,Ít cay
427,206,15,1,Ít cay
428,206,14,2,
429,207,7,2,
430,207,9,2,
431,207,8,1,
432,208,3,3,Nhiều hành
433,208,2,3,Đóng gói kỹ
434,209,28,1,Ít cay
435,209,29,2,Đóng gói kỹ
436,209,30,1,Ít cay
437,210,7,3,Nhiều hành
438,211,14,1,Đóng gói kỹ
439,211,15,3,
440,211,13,3,Đóng gói kỹ
441,212,16,2,Nhiều hành
442,212,18,3,
443,212,17,3,
444,213,1,2,Nhiều hành
445,213,3,2,Đóng gói kỹ
446,213,2,2,Đóng gói kỹ
447,214,12,2,
448,215,11,2,
449,215,10,3,
450,215,12,2,Ít cay
451,216,6,2,
452,217,7,3,Đóng gói kỹ
453,217,9,1,Đóng gói kỹ
454,218,5,1,
455,219,23,3,
456,220,17,2,Đóng gói kỹ
457,221,17,1,Nhiều hành
458,222,7,2,Đóng gói kỹ
459,223,13,3,Đóng gói kỹ
460,223,14,1,
461,224,8,3,
462,224,7,3,
463,224,9,2,
464,225,22,1,
465,225,24,2,Đóng gói kỹ
466,226,1,3,
467,227,17,1,
468,227,16,3,Nhiều hành
469,228,27,1,Đóng gói kỹ
470,228,25,3,Nhiều hành
471,228,26,2,Nhiều hành
472,229,21,1,
473,230,29,1,
474,230,28,3,Ít cay
475,231,9,1,Ít cay
476,231,8,3,Nhiều hành
477,232,13,2,
478,232,15,1,Ít cay
479,233,14,1,
480,234,15,1,
481,234,13,3,
482,235,11,1,
483,235,12,2,
484,236,3,1,Nhiều hành
485,236,1,2,Ít cay
486,237,8,1,Ít cay
487,237,7,1,
488,238,9,1,
489,238,7,3,
490,238,8,3,
491,239,1,3,Nhiều hành
492,239,2,3,
493,240,6,1,
494,240,5,2,Nhiều hành
495,240,4,2,
496,241,15,2,Nhiều hành
497,242,21,3,Đóng gói kỹ
498,242,19,3,
499,242,20,3,
500,243,11,3,
501,244,18,1,Nhiều hành
502,245,5,3,
503,245,4,3,
504,245,6,1,Nhiều hành
505,246,4,1,
506,246,5,3,
507,246,6,2,
508,247,10,2,
509,248,19,3,
510,249,28,1,Đóng gói kỹ
511,250,11,3,
512,250,12,1,
513,250,10,3,
514,251,10,2,
515,252,22,1,
516,253,3,2,
517,254,9,3,
518,255,8,2,
519,255,9,1,
520,256,25,1,
521,256,27,3,Đóng gói kỹ
522,257,25,1,
523,257,27,2,Ít cay
524,258,7,3,Nhiều hành
525,258,9,1,
526,259,9,3,Nhiều hành
527,259,7,3,
528,260,6,3,Đóng gói kỹ
529,260,5,2,Ít cay
530,260,4,3,
531,261,7,1,Nhiều hành
532,261,8,3,Đóng gói kỹ
533,261,9,2,Ít cay
534,262,22,2,Nhiều hành
535,262,23,2,
536,263,24,2,
537,264,4,2,
538,264,6,1,Đóng gói kỹ
539,264,5,3,Nhiều hành
540,265,13,3,
541,265,14,1,
542,266,24,1,
543,267,1,3,
544,267,2,1,Đóng gói kỹ
545,267,3,3,
546,268,20,1,
547,269,22,2,
548,270,11,3,Ít cay
549,271,21,3,Nhiều hành
550,271,20,2,
551,272,13,1,Ít cay
552,272,15,1,Nhiều hành
553,273,19,2,Đóng gói kỹ
554,274,27,2,Đóng gói kỹ
555,274,26,1,Nhiều hành
556,275,21,1,
557,276,20,1,Đóng gói kỹ
558,276,19,3,Đóng gói kỹ
559,276,21,2,Ít cay
560,277,15,3,
561,277,14,2,Ít cay
562,277,13,3,
563,278,23,3,Ít cay
564,278,24,2,
565,278,22,3,Nhiều hành
566,279,16,1,Đóng gói kỹ
567,279,17,3,Đóng gói kỹ
568,279,18,1,Ít cay
569,280,16,3,
570,281,28,1,
571,281,30,3,
572,281,29,1,
573,282,14,2,
574,282,15,1,Đóng gói kỹ
575,283,6,1,Đóng gói kỹ
576,284,19,3,Đóng gói kỹ
577,284,21,1,
578,285,21,3,
579,286,5,1,Ít cay
580,286,6,1,Nhiều hành
581,287,21,3,
582,288,19,3,
583,288,21,2,
584,288,20,3,
585,289,14,1,Nhiều hành
586,289,13,1,Đóng gói kỹ
587,290,14,2,Nhiều hành
588,290,13,2,
589,291,20,1,Ít cay
590,291,21,2,Nhiều hành
591,292,16,3,Ít cay
592,292,18,2,
593,293,29,1,
594,293,30,2,
595,294,25,3,
596,294,27,2,
597,295,19,1,Đóng gói kỹ
598,295,21,1,Nhiều hành
599,296,7,1,Ít cay
600,297,16,3,
601,297,17,2,
602,297,18,1,
603,298,14,1,
604,298,13,1,Nhiều hành
605,298,15,3,
606,299,16,3,
607,300,29,1,
608,300,30,1,
609,301,16,2,
610,301,18,1,Đóng gói kỹ
611,301,17,1,Nhiều hành
612,302,16,1,
613,303,14,2,
614,303,15,1,Đóng gói kỹ
615,303,13,3,Ít cay
616,304,20,3,Ít cay
617,304,21,2,
618,305,28,1,
619,306,26,1,Đóng gói kỹ
620,306,27,1,
621,306,25,2,
622,307,16,1,
623,307,18,1,
624,308,20,1,
625,308,19,3,Nhiều hành
626,309,12,1,
627,309,10,2,
628,310,1,1,
629,310,3,2,Nhiều hành
630,310,2,1,
631,311,30,2,Ít cay
632,311,29,1,Nhiều hành
633,312,8,3,Nhiều hành
634,312,7,2,Ít cay
635,313,27,1,Nhiều hành
636,313,25,3,
637,313,26,2,
638,314,19,3,
639,315,17,3,Ít cay
640,315,18,3,Nhiều hành
641,315,16,2,Ít cay
642,316,5,3,
643,316,4,1,Ít cay
644,317,5,2,Đóng gói kỹ
645,317,4,3,
646,318,12,2,
647,319,21,2,Nhiều hành
648,319,20,1,Ít cay
649,319,19,1,Ít cay
650,320,26,3,Ít cay
651,320,27,3,
652,321,15,2,Đóng gói kỹ
653,321,14,2,
654,321,13,1,Nhiều hành
655,322,17,2,Đóng gói kỹ
656,322,16,1,Ít cay
657,323,20,1,Đóng gói kỹ
658,323,19,1,Nhiều hành
659,323,21,3,
660,324,4,1,
661,324,5,3,
662,325,14,2,Nhiều hành
663,326,23,1,Ít cay
664,326,24,2,Nhiều hành
665,327,21,2,Ít cay
666,328,20,1,
667,329,25,3,Ít cay
668,330,10,3,Đóng gói kỹ
669,331,28,3,
670,331,30,1,Ít cay
671,331,29,2,Nhiều hành
672,332,16,1,
673,332,17,3,
674,333,5,2,Ít cay
675,334,25,3,Ít cay
676,335,9,2,Nhiều hành
677,335,8,1,Ít cay
678,335,7,1,Đóng gói kỹ
679,336,22,2,
680,336,24,2,Ít cay
681,336,23,2,
682,337,15,1,
683,338,29,1,Nhiều hành
684,338,30,2,Ít cay
685,339,9,1,
686,340,21,2,Đóng gói kỹ
687,340,20,2,Đóng gói kỹ
688,340,19,2,Đóng gói kỹ
689,341,10,2,
690,342,1,2,Ít cay
691,342,2,3,Nhiều hành
692,342,3,2,
693,343,24,2,Ít cay
694,344,14,2,
695,344,15,3,
696,344,13,2,Ít cay
697,345,23,2,Nhiều hành
698,345,22,2,
699,346,28,2,
700,346,29,2,
701,347,5,3,Nhiều hành
702,347,6,3,Ít cay
703,347,4,1,
704,348,25,2,
705,348,26,2,Ít cay
706,348,27,1,
707,349,16,1,Đóng gói kỹ
708,350,25,3,Ít cay
709,350,26,2,
710,350,27,2,
711,351,22,1,
712,352,6,3,
713,352,5,3,Ít cay
714,352,4,3,
715,353,19,3,Ít cay
716,353,20,3,
717,354,7,3,
718,355,10,3,Đóng gói kỹ
719,356,18,1,
720,357,15,1,Nhiều hành
721,358,28,3,
722,358,29,2,Nhiều hành
723,358,30,3,
724,359,9,3,
725,360,1,2,
726,361,22,1,Nhiều hành
727,361,24,2,Nhiều hành
728,361,23,2,
729,362,30,3,
730,362,28,1,
731,363,26,3,
732,364,6,1,Nhiều hành
733,364,5,3,Đóng gói kỹ
734,365,23,3,Ít cay
735,365,24,1,Nhiều hành
736,365,22,1,
737,366,13,3,Nhiều hành
738,366,14,2,
739,366,15,1,
740,367,28,1,
741,368,8,2,
742,368,9,1,
743,369,6,1,Nhiều hành
744,369,4,3,
745,370,15,2,
746,371,13,1,
747,372,10,3,
748,372,11,1,Nhiều hành
749,372,12,1,
750,373,20,3,Đóng gói kỹ
751,373,21,1,
752,374,5,3,
753,374,4,2,
754,374,6,3,
755,375,8,3,Ít cay
756,375,7,2,
757,376,6,3,Nhiều hành
758,376,5,3,Ít cay
759,377,12,1,Ít cay
760,377,11,2,
761,377,10,1,
762,378,20,3,Ít cay
763,379,24,3,
764,379,23,1,Ít cay
765,379,22,3,
766,380,13,1,Ít cay
767,380,14,2,
768,380,15,2,
769,381,23,3,Nhiều hành
770,381,24,3,
771,381,22,1,
772,382,27,3,Đóng gói kỹ
773,382,25,3,Ít cay
774,383,26,1,Đóng gói kỹ
775,383,25,2,
776,383,27,3,Ít cay
777,384,24,2,Ít cay
778,385,30,3,Nhiều hành
779,385,29,2,
780,386,6,1,
781,387,1,3,Đóng gói kỹ
782,387,3,1,
783,388,10,3,
784,388,12,1,
785,388,11,2,
786,389,4,2,Đóng gói kỹ
787,389,5,2,
788,389,6,2,
789,390,29,3,Nhiều hành
790,391,24,1,
791,392,2,2,
792,392,1,3,
793,392,3,3,
794,393,29,1,Ít cay
795,394,3,3,
796,395,20,3,
797,395,19,1,Nhiều hành
798,396,26,2,
799,396,25,2,
800,396,27,1,
801,397,7,1,Đóng gói kỹ
802,397,9,3,Đóng gói kỹ
803,397,8,1,Đóng gói kỹ
804,398,7,3,Nhiều hành
805,399,16,1,
806,399,17,1,
807,399,18,1,
808,400,14,1,Nhiều hành
809,400,15,2,
810,400,13,1,
811,401,3,3,
812,401,2,2,Ít cay
813,402,25,1,Ít cay
814,402,26,1,
815,403,27,1,
816,404,25,3,
817,404,26,2,Ít cay
818,405,22,1,
819,405,23,3,Nhiều hành
820,405,24,3,Ít cay
821,406,28,2,
822,406,29,2,Ít cay
823,406,30,3,
824,407,18,1,Ít cay
825,408,23,3,
826,409,30,2,
827,410,29,1,
828,410,28,1,
829,411,18,1,Ít cay
830,412,2,1,
831,413,26,3,Đóng gói kỹ
832,414,3,3,Nhiều hành
833,414,1,3,
834,415,26,1,
835,415,25,2,Ít cay
836,415,27,1,Ít cay
837,416,8,2,
838,417,25,2,Đóng gói kỹ
839,417,27,3,
840,418,22,2,
841,418,23,3,
842,419,3,3,
843,419,2,2,
844,419,1,2,
845,420,1,3,Ít cay
846,420,3,2,
847,420,2,3,Đóng gói kỹ
848,421,16,1,
849,421,17,1,
850,421,18,3,Nhiều hành
851,422,18,1,Đóng gói kỹ
852,422,16,3,
853,423,4,3,Đóng gói kỹ
854,423,6,1,Đóng gói kỹ
855,423,5,2,Ít cay
856,424,11,1,
857,425,26,3,
858,425,25,1,
859,425,27,3,
860,426,10,3,
861,427,12,2,Nhiều hành
862,427,10,3,Đóng gói kỹ
863,428,9,3,
864,428,7,1,Ít cay
865,429,4,2,
866,429,6,2,Ít cay
867,430,29,3,Nhiều hành
868,430,28,3,
869,430,30,1,Nhiều hành
870,431,6,3,Nhiều hành
871,432,29,1,Nhiều hành
872,432,30,2,
873,433,10,1,Nhiều hành
874,434,29,2,Nhiều hành
875,434,28,3,Nhiều hành
876,435,26,1,
877,435,27,1,Đóng gói kỹ
878,435,25,2,
879,436,23,3,Đóng gói kỹ
880,436,24,1,Đóng gói kỹ
881,436,22,2,
882,437,18,1,Đóng gói kỹ
883,437,17,2,
884,437,16,2,Ít cay
885,438,11,1,Ít cay
886,438,10,3,Nhiều hành
887,439,17,3,
888,439,16,3,
889,440,7,3,
890,441,6,1,Ít cay
891,442,2,3,
892,442,3,2,
893,442,1,3,Đóng gói kỹ
894,443,1,2,
895,443,3,2,
896,443,2,1,
897,444,16,3,Nhiều hành
898,445,13,2,
899,445,14,3,Đóng gói kỹ
900,445,15,3,
901,446,10,1,
902,447,2,1,Nhiều hành
903,447,1,1,
904,448,7,3,Ít cay
905,449,21,1,Nhiều hành
906,450,9,1,
907,451,16,2,Đóng gói kỹ
908,451,17,2,Nhiều hành
909,451,18,1,
910,452,10,2,
911,453,7,3,
912,453,8,2,Nhiều hành
913,453,9,1,Đóng gói kỹ
914,454,5,3,Ít cay
915,455,3,3,Ít cay
916,456,7,2,Đóng gói kỹ
917,457,24,2,
918,458,29,3,
919,458,30,1,Ít cay
920,459,13,3,Ít cay
921,460,5,2,
922,460,4,1,
923,460,6,1,Ít cay
924,461,13,1,
925,461,14,3,Ít cay
926,461,15,2,
927,462,27,3,
928,463,17,3,
929,464,30,2,
930,464,29,1,Nhiều hành
931,464,28,2,
932,465,5,1,
933,465,6,1,Nhiều hành
934,466,10,1,
935,466,12,2,Đóng gói kỹ
936,466,11,2,
937,467,23,3,
938,467,24,1,
939,467,22,3,
940,468,30,2,
941,469,3,1,
942,469,1,3,
943,470,28,2,
944,470,29,1,
945,471,6,2,
946,471,5,2,Nhiều hành
947,472,16,3,Nhiều hành
948,472,17,3,
949,473,2,2,
950,473,1,3,
951,474,30,1,
952,474,28,1,Ít cay
953,474,29,3,Đóng gói kỹ
954,475,7,3,
955,475,9,1,Ít cay
956,475,8,3,Nhiều hành
957,476,13,3,
958,477,27,2,Nhiều hành
959,478,24,1,Đóng gói kỹ
960,478,23,3,
961,478,22,3,
962,479,9,1,Ít cay
963,480,13,1,
964,480,15,1,Đóng gói kỹ
965,480,14,2,
966,481,20,3,Ít cay
967,482,10,1,
968,483,1,3,Nhiều hành
969,484,16,1,
970,484,17,1,
971,484,18,1,
972,485,22,1,Đóng gói kỹ
973,485,23,2,
974,485,24,1,
975,486,23,1,
976,486,24,1,
977,487,15,2,
978,487,14,2,Ít cay
979,488,28,1,Đóng gói kỹ
980,488,30,3,Ít cay
981,488,29,1,
982,489,5,1,
983,489,4,3,
984,489,6,2,Nhiều hành
985,490,14,3,
986,490,13,3,Đóng gói kỹ
987,491,18,2,Đóng gói kỹ
988,491,16,2,
989,491,17,3,Nhiều hành
990,492,19,3,Nhiều hành
991,493,17,1,Ít cay
992,493,18,3,Ít cay
993,494,4,3,Nhiều hành
994,494,5,2,Nhiều hành
995,495,24,3,Nhiều hành
996,496,24,1,
997,496,22,1,
998,496,23,3,Ít cay
999,497,19,2,Ít cay
1000,497,20,3,Ít cay
1001,497,21,1,
1002,498,13,1,Nhiều hành
1003,498,14,3,Nhiều hành
1004,499,1,2,
1005,499,2,1,
1006,499,3,3,
1007,500,24,2,Ít cay
1008,501,20,2,Đóng gói kỹ
1009,501,21,3,Nhiều hành
1010,502,16,1,Đóng gói kỹ
1011,502,18,2,Ít cay
1012,503,18,3,
1013,503,17,2,
1014,503,16,1,
1015,504,20,1,Nhiều hành
1016,504,21,3,
1017,505,7,2,
1018,505,9,2,
1019,505,8,3,
1020,506,27,1,Nhiều hành
1021,506,26,2,Ít cay
1022,507,7,1,
1023,507,9,1,Nhiều hành
1024,508,14,1,Nhiều hành
1025,508,13,2,Nhiều hành
1026,509,8,1,Ít cay
1027,509,7,1,
1028,510,9,1,Nhiều hành
1029,510,7,1,Ít cay
1030,511,15,3,
1031,511,14,3,Nhiều hành
1032,512,17,3,
1033,512,16,2,
1034,512,18,1,
1035,513,28,3,
1036,514,26,1,Nhiều hành
1037,514,27,3,
1038,515,20,1,
1039,515,19,1,
1040,516,19,1,
1041,516,21,1,
1042,517,9,3,
1043,517,7,2,
1044,518,22,3,
1045,518,23,2,
1046,519,19,3,
1047,520,6,3,
1048,521,28,1,
1049,521,30,1,Nhiều hành
1050,522,21,2,Ít cay
1051,522,20,3,Đóng gói kỹ
1052,522,19,2,Nhiều hành
1053,523,16,2,
1054,523,18,1,
1055,523,17,2,Ít cay
1056,524,14,2,
1057,525,5,1,
1058,525,6,2,
1059,525,4,2,
1060,526,16,2,
1061,526,17,3,Ít cay
1062,526,18,3,Đóng gói kỹ
1063,527,21,2,
1064,528,14,2,
1065,529,14,1,
1066,529,13,2,Đóng gói kỹ
1067,530,24,1,Ít cay
1068,530,22,2,Nhiều hành
1069,531,17,1,
1070,532,1,3,
1071,532,3,2,Đóng gói kỹ
1072,533,25,2,Đóng gói kỹ
1073,533,27,3,
1074,534,5,2,
1075,534,6,2,Đóng gói kỹ
1076,534,4,1,
1077,535,14,1,Đóng gói kỹ
1078,535,15,2,Đóng gói kỹ
1079,536,24,2,
1080,536,23,1,
1081,536,22,3,
1082,537,24,2,Nhiều hành
1083,538,1,2,
1084,538,2,3,
1085,538,3,2,Ít cay
1086,539,26,3,Đóng gói kỹ
1087,539,27,1,
1088,540,26,2,
1089,541,4,1,
1090,541,5,1,Ít cay
1091,542,23,3,Nhiều hành
1092,542,22,3,Ít cay
1093,542,24,1,
1094,543,30,1,
1095,543,28,2,Nhiều hành
1096,544,7,2,Đóng gói kỹ
1097,545,16,3,
1098,546,6,2,Ít cay
1099,547,24,2,Đóng gói kỹ
1100,548,28,3,
1101,549,18,2,
1102,550,11,2,Đóng gói kỹ
1103,550,10,1,
1104,550,12,3,Đóng gói kỹ
1105,551,20,1,Nhiều hành
1106,552,21,3,
1107,552,20,1,
1108,552,19,2,
1109,553,25,2,
1110,554,14,3,Nhiều hành
1111,554,13,3,Nhiều hành
1112,554,15,1,
1113,555,15,2,Ít cay
1114,555,14,1,Nhiều hành
1115,556,26,2,
1116,556,27,1,Đóng gói kỹ
1117,557,25,2,Đóng gói kỹ
1118,558,26,3,Đóng gói kỹ
1119,558,25,1,
1120,558,27,1,
1121,559,12,3,Nhiều hành
1122,559,11,2,Đóng gói kỹ
1123,560,5,1,
1124,561,3,2,
1125,561,1,3,Nhiều hành
1126,562,5,1,Đóng gói kỹ
1127,562,4,3,
1128,563,4,1,
1129,564,24,2,
1130,565,11,1,Ít cay
1131,566,5,1,
1132,566,4,1,Nhiều hành
1133,567,9,3,
1134,567,8,2,Đóng gói kỹ
1135,567,7,1,Ít cay
1136,568,13,1,
1137,569,4,1,Ít cay
1138,570,14,3,
1139,571,25,1,Đóng gói kỹ
1140,572,11,3,Nhiều hành
1141,572,10,3,
1142,573,5,3,
1143,574,17,2,
1144,575,30,1,
1145,575,28,2,Nhiều hành
1146,575,29,2,
1147,576,28,3,
1148,576,30,2,
1149,576,29,3,
1150,577,10,2,Ít cay
1151,578,20,3,
1152,579,15,3,
1153,580,11,2,
1154,580,10,1,Đóng gói kỹ
1155,580,12,1,Ít cay
1156,581,25,1,
1157,582,20,1,Nhiều hành
1158,582,21,3,
1159,582,19,3,
1160,583,29,3,
1161,583,28,3,Ít cay
1162,584,24,1,Đóng gói kỹ
1163,584,23,1,
1164,584,22,1,Đóng gói kỹ
1165,585,16,3,
1166,586,19,1,
1167,587,13,1,
1168,588,10,1,
1169,589,7,3,Nhiều hành
1170,590,27,2,
1171,590,25,2,
1172,591,26,1,Ít cay
1173,591,25,2,Ít cay
1174,592,2,3,Ít cay
1175,592,1,2,Ít cay
1176,593,14,2,Nhiều hành
1177,593,15,1,
1178,593,13,1,
1179,594,22,1,Nhiều hành
1180,594,24,2,Ít cay
1181,594,23,2,
1182,595,15,3,
1183,596,2,3,
1184,596,3,2,Đóng gói kỹ
1185,596,1,2,Đóng gói kỹ
1186,597,20,3,Nhiều hành
1187,597,19,3,
1188,597,21,3,
1189,598,5,1,
1190,598,4,1,Đóng gói kỹ
1191,598,6,1,
1192,599,1,3,Ít cay
1193,599,2,1,Đóng gói kỹ
1194,599,3,1,Nhiều hành
1195,600,11,1,
1196,601,22,3,
1197,601,23,2,
1198,602,7,3,Nhiều hành
1199,603,25,1,Nhiều hành
1200,604,27,3,Đóng gói kỹ
1201,604,25,2,
1202,604,26,1,
1203,605,12,3,
1204,605,10,1,
1205,606,6,1,
1206,606,5,1,Ít cay
1207,606,4,3,
1208,607,19,1,
1209,607,20,1,
1210,607,21,2,
1211,608,11,2,Ít cay
1212,609,18,1,
1213,609,16,1,
1214,610,25,3,
1215,611,10,1,Nhiều hành
1216,611,11,1,
1217,611,12,2,Đóng gói kỹ
1218,612,30,1,
1219,613,25,3,
1220,614,20,1,
1221,614,21,1,
1222,615,30,1,
1223,616,9,1,Nhiều hành
1224,617,14,3,
1225,617,15,1,Ít cay
1226,618,6,1,Nhiều hành
1227,619,12,3,
1228,619,10,1,Đóng gói kỹ
1229,619,11,1,
1230,620,7,3,
1231,620,8,3,Ít cay
1232,620,9,1,Đóng gói kỹ
1233,621,9,3,
1234,621,8,2,
1235,621,7,2,Ít cay
1236,622,18,2,
1237,622,16,3,Ít cay
1238,623,20,2,Ít cay
1239,623,21,2,Đóng gói kỹ
1240,624,21,3,Nhiều hành
1241,624,20,3,
1242,624,19,2,Ít cay
1243,625,21,3,
1244,626,19,1,Nhiều hành
1245,626,21,3,
1246,626,20,2,
1247,627,19,1,Đóng gói kỹ
1248,627,21,1,Nhiều hành
1249,628,22,2,
1250,628,24,2,
1251,629,2,3,Đóng gói kỹ
1252,630,13,2,Ít cay
1253,630,14,1,
1254,631,11,1,Ít cay
1255,631,10,1,
1256,632,7,1,Ít cay
1257,632,8,3,Nhiều hành
1258,632,9,1,
1259,633,22,3,
1260,633,23,3,Đóng gói kỹ
1261,634,6,3,
1262,635,8,3,
1263,636,2,3,
1264,636,3,1,Ít cay
1265,637,5,1,
1266,638,21,3,
1267,638,20,3,
1268,638,19,2,Đóng gói kỹ
1269,639,14,1,
1270,639,13,2,Nhiều hành
1271,639,15,2,Nhiều hành
1272,640,9,1,
1273,640,7,2,
1274,640,8,3,Đóng gói kỹ
1275,641,4,3,
1276,642,6,3,
1277,642,4,3,Đóng gói kỹ
1278,642,5,3,Ít cay
1279,643,15,1,
1280,643,14,1,Nhiều hành
1281,643,13,1,
1282,644,20,1,
1283,645,17,3,
1284,646,2,2,Đóng gói kỹ
1285,647,14,1,Nhiều hành
1286,648,19,3,
1287,649,2,2,
1288,649,3,2,
1289,650,1,2,
1290,651,27,3,
1291,652,24,2,Đóng gói kỹ
1292,653,2,1,
1293,654,13,2,Nhiều hành
1294,654,14,2,Nhiều hành
1295,654,15,1,
1296,655,18,1,
1297,656,5,1,
1298,656,4,1,
1299,657,1,3,
1300,658,12,3,
1301,658,10,3,Đóng gói kỹ
1302,658,11,1,
1303,659,30,2,Ít cay
1304,660,3,2,
1305,661,23,3,
1306,661,24,2,Đóng gói kỹ
1307,662,1,1,
1308,662,2,2,
1309,663,30,3,
1310,663,29,1,Đóng gói kỹ
1311,664,8,1,
1312,664,7,3,
1313,664,9,3,Ít cay
1314,665,17,1,
1315,665,18,2,Ít cay
1316,665,16,3,
1317,666,5,3,
1318,666,4,2,Nhiều hành
1319,666,6,3,Ít cay
1320,667,27,3,
1321,667,25,2,
1322,668,7,2,Nhiều hành
1323,668,8,1,Đóng gói kỹ
1324,669,30,3,
1325,669,28,3,
1326,669,29,3,Ít cay
1327,670,14,2,Nhiều hành
1328,670,15,3,
1329,670,13,1,Nhiều hành
1330,671,23,3,
1331,671,24,3,Đóng gói kỹ
1332,671,22,2,Nhiều hành
1333,672,2,3,
1334,673,2,2,Nhiều hành
1335,673,1,1,
1336,674,7,3,
1337,675,7,3,Ít cay
1338,675,9,3,Đóng gói kỹ
1339,676,5,3,
1340,676,6,3,Ít cay
1341,677,4,1,
1342,677,5,2,
1343,678,3,2,
1344,678,2,1,Nhiều hành
1345,678,1,2,Đóng gói kỹ
1346,679,12,1,Nhiều hành
1347,679,11,1,
1348,680,22,2,
1349,681,26,2,Ít cay
1350,681,27,1,
1351,681,25,3,
1352,682,12,2,Nhiều hành
1353,682,10,3,
1354,683,4,2,
1355,683,6,1,Đóng gói kỹ
1356,684,27,3,Đóng gói kỹ
1357,684,25,2,Đóng gói kỹ
1358,684,26,3,
1359,685,22,3,
1360,685,23,1,Nhiều hành
1361,686,20,3,Đóng gói kỹ
1362,687,21,2,Nhiều hành
1363,688,15,2,
1364,689,7,1,
1365,690,29,3,
1366,690,30,1,
1367,690,28,2,
1368,691,27,1,
1369,691,25,1,Đóng gói kỹ
1370,691,26,3,Đóng gói kỹ
1371,692,13,2,Ít cay
1372,693,25,2,
1373,693,27,3,
1374,694,12,1,
1375,694,11,2,Ít cay
1376,694,10,1,Đóng gói kỹ
1377,695,24,2,
1378,696,26,3,Nhiều hành
1379,697,5,3,Đóng gói kỹ
1380,697,4,2,
1381,698,18,1,Ít cay
1382,699,6,2,
1383,699,5,2,
1384,699,4,1,
1385,700,27,2,
1386,700,25,2,
1387,700,26,2,
1388,701,29,3,
1389,701,30,3,
1390,702,17,2,Đóng gói kỹ
1391,703,25,2,
1392,703,27,3,Đóng gói kỹ
1393,703,26,1,Ít cay
1394,704,16,1,
1395,705,13,1,Đóng gói kỹ
1396,705,15,1,Nhiều hành
1397,705,14,2,Đóng gói kỹ
1398,706,16,2,
1399,706,17,1,
1400,707,27,2,
1401,707,26,1,
1402,708,13,1,Ít cay
1403,708,14,2,
1404,708,15,1,
1405,709,25,1,
1406,709,26,2,
1407,709,27,3,Đóng gói kỹ
1408,710,24,1,
1409,710,22,1,Nhiều hành
1410,710,23,1,
1411,711,25,3,Ít cay
1412,711,26,2,
1413,712,10,3,
1414,712,11,2,Đóng gói kỹ
1415,713,8,1,Nhiều hành
1416,713,9,2,
1417,713,7,1,
1418,714,20,3,
1419,715,6,1,Nhiều hành
1420,716,2,3,
1421,716,1,3,Nhiều hành
1422,717,17,3,Đóng gói kỹ
1423,718,19,1,
1424,718,20,3,Nhiều hành
1425,719,8,1,
1426,719,7,3,
1427,720,11,3,
1428,721,19,3,Đóng gói kỹ
1429,722,10,1,Ít cay
1430,723,19,3,Đóng gói kỹ
1431,724,22,3,
1432,724,24,2,
1433,725,16,1,
1434,725,18,1,
1435,726,9,1,
1436,727,6,3,
1437,728,23,1,Ít cay
1438,729,15,1,Ít cay
1439,729,13,3,Đóng gói kỹ
1440,729,14,2,Đóng gói kỹ
1441,730,7,1,
1442,731,16,3,Nhiều hành
1443,732,6,1,Đóng gói kỹ
1444,733,12,1,Ít cay
1445,733,10,3,Nhiều hành
1446,733,11,2,Đóng gói kỹ
1447,734,10,1,Ít cay
1448,734,12,1,
1449,735,1,3,Đóng gói kỹ
1450,735,2,1,
1451,735,3,1,
1452,736,18,3,Ít cay
1453,737,27,1,
1454,737,26,1,Nhiều hành
1455,738,2,2,
1456,738,1,3,Nhiều hành
1457,738,3,1,Ít cay
1458,739,10,2,
1459,739,12,1,
1460,740,1,2,
1461,741,11,2,Đóng gói kỹ
1462,741,12,2,
1463,741,10,1,Đóng gói kỹ
1464,742,16,2,Đóng gói kỹ
1465,742,18,2,
1466,743,16,2,Ít cay
1467,743,18,2,Nhiều hành
1468,744,12,1,Đóng gói kỹ
1469,744,10,3,Ít cay
1470,745,11,2,Đóng gói kỹ
1471,746,5,3,
1472,746,6,2,
1473,746,4,2,Ít cay
1474,747,20,2,Nhiều hành
1475,747,19,2,
1476,748,10,1,
1477,748,12,2,
1478,749,6,2,Ít cay
1479,749,5,2,
1480,750,18,3,Nhiều hành
1481,750,16,3,Ít cay
1482,751,14,1,Đóng gói kỹ
1483,752,15,2,
1484,752,13,1,
1485,753,23,3,
1486,753,22,2,Nhiều hành
1487,754,25,1,
1488,755,14,3,Ít cay
1489,756,23,2,Nhiều hành
1490,757,28,2,
1491,757,29,2,
1492,757,30,3,
1493,758,22,1,
1494,759,30,1,
1495,759,28,3,
1496,760,23,3,
1497,760,22,2,
1498,760,24,1,
1499,761,1,2,Đóng gói kỹ
1500,761,3,3,Đóng gói kỹ
1501,762,22,3,Đóng gói kỹ
1502,762,23,3,
1503,762,24,1,
1504,763,23,2,Ít cay
1505,763,22,1,
1506,764,12,2,Ít cay
1507,764,11,3,
1508,765,8,2,Ít cay
1509,766,1,3,Nhiều hành
1510,766,3,3,
1511,767,12,3,
1512,767,10,1,
1513,767,11,2,
1514,768,6,1,Nhiều hành
1515,769,4,2,
1516,769,6,1,
1517,770,11,2,
1518,771,23,3,Nhiều hành
1519,771,22,3,
1520,771,24,1,
1521,772,14,3,Ít cay
1522,773,15,3,
1523,773,14,3,
1524,774,30,2,Đóng gói kỹ
1525,774,29,1,
1526,775,6,2,
1527,775,5,1,
1528,776,14,2,
1529,776,15,1,
1530,776,13,2,
1531,777,15,3,Đóng gói kỹ
1532,778,12,1,
1533,778,11,3,Đóng gói kỹ
1534,778,10,1,
1535,779,3,3,
1536,779,2,1,
1537,780,1,2,
1538,780,3,3,Nhiều hành
1539,780,2,2,Nhiều hành
1540,781,15,3,
1541,781,13,3,
1542,781,14,1,
1543,782,23,3,Đóng gói kỹ
1544,782,24,3,
1545,782,22,3,
1546,783,20,2,
1547,784,6,2,Đóng gói kỹ
1548,785,17,3,
1549,785,16,1,
1550,786,2,2,Ít cay
1551,786,3,2,
1552,787,9,1,Ít cay
1553,788,10,2,
1554,788,11,3,
1555,788,12,3,
1556,789,8,3,Ít cay
1557,789,7,3,
1558,789,9,1,
1559,790,16,2,
1560,790,17,1,
1561,791,9,2,Nhiều hành
1562,792,30,1,
1563,792,29,1,
1564,793,18,2,Nhiều hành
1565,793,16,2,Đóng gói kỹ
1566,793,17,1,
1567,794,20,2,
1568,795,24,1,
1569,795,22,1,Nhiều hành
1570,796,6,3,Nhiều hành
1571,796,4,3,
1572,797,4,2,
1573,797,6,3,Đóng gói kỹ
1574,798,26,3,Ít cay
1575,799,7,3,
1576,800,6,1,Đóng gói kỹ
1577,801,30,3,
1578,801,29,1,
1579,802,24,2,
1580,802,23,1,
1581,803,18,1,
1582,803,17,1,
1583,803,16,1,
1584,804,7,3,
1585,804,8,1,Đóng gói kỹ
1586,804,9,2,
1587,805,27,3,
1588,805,25,1,Ít cay
1589,805,26,3,
1590,806,14,2,Nhiều hành
1591,806,13,2,
1592,807,25,3,
1593,808,23,2,Đóng gói kỹ
1594,809,30,3,Đóng gói kỹ
1595,810,24,1,
1596,810,23,3,
1597,811,1,2,
1598,812,1,3,
1599,812,2,2,Đóng gói kỹ
1600,812,3,1,
1601,813,19,3,
1602,814,1,1,Đóng gói kỹ
1603,814,3,3,
1604,815,6,2,
1605,815,4,3,Đóng gói kỹ
1606,815,5,3,
1607,816,13,1,
1608,817,29,3,Nhiều hành
1609,818,28,3,
1610,818,30,3,
1611,818,29,2,Đóng gói kỹ
1612,819,30,3,
1613,819,28,2,Ít cay
1614,820,5,1,
1615,820,4,2,
1616,821,3,2,
1617,822,11,2,Nhiều hành
1618,822,12,3,
1619,822,10,3,Nhiều hành
1620,823,17,3,Ít cay
1621,823,18,2,
1622,823,16,2,
1623,824,11,2,
1624,825,9,3,
1625,826,19,1,
1626,826,20,3,
1627,826,21,2,Nhiều hành
1628,827,18,2,
1629,827,16,3,Ít cay
1630,828,8,3,Nhiều hành
1631,829,24,2,
1632,830,20,3,
1633,830,19,3,Ít cay
1634,830,21,3,Đóng gói kỹ
1635,831,1,3,Đóng gói kỹ
1636,832,14,1,
1637,832,15,1,Đóng gói kỹ
1638,833,11,3,
1639,833,10,3,
1640,833,12,3,
1641,834,22,3,
1642,834,24,3,
1643,835,17,3,
1644,836,8,3,Nhiều hành
1645,836,7,1,Ít cay
1646,836,9,1,
1647,837,20,3,Đóng gói kỹ
1648,837,19,3,
1649,837,21,1,
1650,838,30,1,Ít cay
1651,838,29,2,Nhiều hành
1652,839,22,1,Ít cay
1653,839,24,3,
1654,839,23,3,Ít cay
1655,840,11,2,Ít cay
1656,840,10,3,Nhiều hành
1657,841,14,2,Ít cay
1658,841,15,3,
1659,841,13,3,Đóng gói kỹ
1660,842,12,2,Ít cay
1661,842,10,3,
1662,843,14,1,
1663,843,13,3,
1664,844,12,1,Ít cay
1665,845,28,2,
1666,845,29,1,
1667,846,4,3,Nhiều hành
1668,847,17,1,
1669,847,18,1,
1670,847,16,1,Ít cay
1671,848,6,1,
1672,849,3,2,
1673,850,18,2,
1674,851,5,2,
1675,851,4,3,
1676,852,8,2,
1677,852,9,3,
1678,853,28,3,
1679,854,16,3,
1680,854,17,2,
1681,854,18,3,
1682,855,6,3,Đóng gói kỹ
1683,856,28,1,Đóng gói kỹ
1684,856,30,2,
1685,857,8,2,
1686,857,9,1,
1687,857,7,2,
1688,858,29,1,Đóng gói kỹ
1689,859,2,1,Đóng gói kỹ
1690,860,12,1,
1691,860,10,2,Ít cay
1692,861,8,3,
1693,861,9,1,
1694,862,7,2,
1695,862,8,3,
1696,862,9,2,Nhiều hành
1697,863,19,3,
1698,863,20,1,Đóng gói kỹ
1699,864,5,3,Nhiều hành
1700,865,13,1,Nhiều hành
1701,865,14,1,Đóng gói kỹ
1702,866,26,2,Nhiều hành
1703,867,13,3,
1704,867,14,3,
1705,867,15,2,
1706,868,13,1,
1707,868,15,2,Đóng gói kỹ
1708,869,11,1,
1709,869,12,1,
1710,869,10,1,
1711,870,19,2,Nhiều hành
1712,871,6,2,
1713,871,4,1,Ít cay
1714,872,26,1,
1715,873,7,2,Ít cay
1716,874,19,3,Nhiều hành
1717,875,12,3,Nhiều hành
1718,876,29,3,
1719,876,30,2,Nhiều hành
1720,876,28,2,Nhiều hành
1721,877,22,1,
1722,877,23,3,
1723,878,28,1,
1724,878,30,1,Nhiều hành
1725,879,28,3,
1726,879,29,2,Đóng gói kỹ
1727,879,30,2,
1728,880,13,2,Ít cay
1729,880,14,1,Ít cay
1730,881,28,1,
1731,881,29,1,
1732,881,30,3,Đóng gói kỹ
1733,882,12,3,Ít cay
1734,883,12,3,
1735,884,12,2,
1736,884,11,2,
1737,885,5,1,
1738,886,5,3,Nhiều hành
1739,887,21,1,
1740,887,19,2,Ít cay
1741,887,20,3,Nhiều hành
1742,888,27,3,
1743,888,26,1,
1744,888,25,3,Ít cay
1745,889,5,1,
1746,889,4,2,Ít cay
1747,889,6,1,
1748,890,21,3,
1749,890,20,1,
1750,890,19,1,
1751,891,17,2,Nhiều hành
1752,892,19,3,Ít cay
1753,892,20,3,
1754,893,12,1,
1755,893,10,1,
1756,894,29,3,
1757,895,20,1,Nhiều hành
1758,896,13,3,Ít cay
1759,896,14,3,
1760,897,22,2,Nhiều hành
1761,897,23,1,Nhiều hành
1762,897,24,2,
1763,898,4,1,
1764,898,6,3,
1765,899,30,3,
1766,899,28,1,
1767,900,25,1,Đóng gói kỹ
1768,901,18,2,Nhiều hành
1769,901,17,3,
1770,902,16,2,
1771,903,6,3,
1772,903,5,3,Đóng gói kỹ
1773,904,1,1,
1774,904,2,3,
1775,904,3,3,
1776,905,1,1,
1777,905,3,3,
1778,905,2,2,
1779,906,28,2,
1780,906,30,1,Đóng gói kỹ
1781,906,29,1,
1782,907,15,1,
1783,908,7,1,Nhiều hành
1784,908,9,1,Nhiều hành
1785,909,30,1,Nhiều hành
1786,909,28,3,Đóng gói kỹ
1787,909,29,3,
1788,910,20,1,
1789,911,5,2,
1790,911,6,2,
1791,912,15,3,
1792,912,13,3,
1793,913,16,3,
1794,914,5,3,
1795,914,4,2,
1796,915,17,2,
1797,915,16,1,Ít cay
1798,915,18,3,
1799,916,23,2,
1800,916,22,3,Ít cay
1801,916,24,3,Đóng gói kỹ
1802,917,24,3,
1803,918,17,2,
1804,919,7,1,Nhiều hành
1805,919,8,2,
1806,919,9,3,
1807,920,16,3,Đóng gói kỹ
1808,920,18,3,Ít cay
1809,921,28,2,Ít cay
1810,922,22,1,
1811,922,23,1,
1812,922,24,1,
1813,923,24,3,
1814,923,23,2,Ít cay
1815,924,6,3,
1816,924,4,1,Nhiều hành
1817,924,5,2,
1818,925,20,3,
1819,926,25,3,Đóng gói kỹ
1820,926,26,2,
1821,927,13,3,
1822,928,26,3,
1823,928,25,2,Ít cay
1824,928,27,2,
1825,929,13,2,Nhiều hành
1826,929,14,1,Nhiều hành
1827,930,18,3,Ít cay
1828,930,17,2,Nhiều hành
1829,931,7,3,
1830,932,21,2,
1831,932,19,3,
1832,933,12,3,
1833,933,11,2,
1834,934,23,3,Ít cay
1835,934,22,3,
1836,935,23,2,
1837,935,22,1,Đóng gói kỹ
1838,936,25,3,Ít cay
1839,937,12,2,
1840,937,10,1,
1841,937,11,3,
1842,938,27,2,Nhiều hành
1843,939,26,1,Đóng gói kỹ
1844,940,12,3,Đóng gói kỹ
1845,940,11,2,
1846,941,17,3,
1847,941,16,1,
1848,941,18,3,Ít cay
1849,942,19,3,
1850,942,20,3,Ít cay
1851,942,21,1,
1852,943,20,2,
1853,943,21,1,Nhiều hành
1854,943,19,1,
1855,944,24,1,Ít cay
1856,945,23,3,Đóng gói kỹ
1857,945,24,3,
1858,946,6,1,
1859,947,12,2,
1860,947,11,2,Đóng gói kỹ
1861,948,19,1,Ít cay
1862,948,20,1,
1863,948,21,2,
1864,949,28,3,
1865,949,29,2,
1866,950,24,3,
1867,950,22,1,Ít cay
1868,951,6,3,Ít cay
1869,952,22,3,
1870,952,23,1,
1871,953,18,2,Nhiều hành
1872,953,16,1,
1873,954,27,2,
1874,954,25,1,
1875,955,20,1,Ít cay
1876,955,19,3,
1877,956,22,2,
1878,956,23,1,
1879,956,24,2,Đóng gói kỹ
1880,957,7,3,
1881,957,9,1,
1882,957,8,1,
1883,958,27,2,Nhiều hành
1884,959,13,2,Ít cay
1885,960,21,3,
1886,960,20,3,Ít cay
1887,960,19,2,
1888,961,25,1,Đóng gói kỹ
1889,961,27,2,
1890,961,26,2,
1891,962,17,3,
1892,963,1,3,
1893,963,3,1,
1894,964,16,3,
1895,964,18,1,Đóng gói kỹ
1896,964,17,3,
1897,965,19,3,Nhiều hành
1898,965,20,1,
1899,966,28,3,
1900,967,16,2,
1901,967,17,1,
1902,968,27,3,
1903,968,26,3,Đóng gói kỹ
1904,969,2,2,
1905,970,30,2,
1906,971,5,1,
1907,972,14,1,
1908,972,15,3,
1909,972,13,1,
1910,973,10,1,
1911,973,11,3,Ít cay
1912,973,12,1,
1913,974,3,2,Đóng gói kỹ
1914,974,1,2,Đóng gói kỹ
1915,974,2,3,Ít cay
1916,975,22,1,
1917,975,24,1,Đóng gói kỹ
1918,975,23,2,
1919,976,22,3,Nhiều hành
1920,976,24,1,
1921,977,7,3,
1922,978,22,2,Đóng gói kỹ
1923,979,11,2,Nhiều hành
1924,980,12,1,
1925,981,29,1,
1926,981,30,2,Đóng gói kỹ
1927,982,16,1,Nhiều hành
1928,983,22,1,
1929,983,24,3,Đóng gói kỹ
1930,983,23,2,
1931,984,7,3,Nhiều hành
1932,984,9,3,Ít cay
1933,985,24,3,
1934,986,19,1,Đóng gói kỹ
1935,986,21,2,Đóng gói kỹ
1936,987,14,1,Ít cay
1937,988,5,3,
1938,989,20,3,Đóng gói kỹ
1939,990,27,2,Đóng gói kỹ
1940,990,26,2,Nhiều hành
1941,990,25,3,Ít cay
1942,991,11,3,Đóng gói kỹ
1943,991,12,1,Đóng gói kỹ
1944,991,10,2,Ít cay
1945,992,18,3,
1946,993,21,3,
1947,994,21,1,
1948,995,10,2,
1949,995,12,1,
1950,995,11,3,
1951,996,8,3,Đóng gói kỹ
1952,996,9,3,
1953,996,7,1,
1954,997,21,3,
1955,997,19,1,
1956,998,14,2,
1957,998,15,1,
1958,998,13,2,
1959,999,9,2,
1960,1000,14,3,Nhiều hành
1961,1001,23,1,
1962,1001,24,2,Ít cay
1963,1001,22,2,
1964,1002,12,1,
1965,1002,10,3,
1966,1003,3,2,Nhiều hành
1967,1003,1,3,
1968,1004,1,3,Đóng gói kỹ
1969,1005,27,3,Đóng gói kỹ
1970,1006,28,3,Đóng gói kỹ
1971,1007,13,2,
1972,1007,15,2,Ít cay
1973,1008,3,1,Nhiều hành
1974,1008,1,1,
1975,1008,2,3,
1976,1009,2,2,Nhiều hành
1977,1009,1,3,
1978,1009,3,3,Nhiều hành
1979,1010,5,2,Nhiều hành
1980,1010,4,3,Nhiều hành
1981,1010,6,1,Đóng gói kỹ
1982,1011,28,2,
1983,1012,22,1,
1984,1012,24,2,Đóng gói kỹ
1985,1012,23,1,
1986,1013,21,1,
1987,1014,13,3,
1988,1014,15,1,Đóng gói kỹ
1989,1014,14,2,
1990,1015,29,2,Đóng gói kỹ
1991,1016,15,3,
1992,1016,14,1,
1993,1017,9,3,
1994,1017,8,3,Ít cay
1995,1017,7,3,
1996,1018,15,3,Nhiều hành
1997,1018,14,3,Ít cay
1998,1019,21,1,Nhiều hành
1999,1020,1,1,Ít cay
2000,1021,18,2,
2001,1021,16,1,Ít cay
2002,1021,17,2,Đóng gói kỹ
2003,1022,18,1,
2004,1022,16,2,
2005,1022,17,2,
2006,1023,1,1,Ít cay
2007,1023,2,2,Ít cay
2008,1024,2,1,
2009,1025,10,1,
2010,1025,11,1,Đóng gói kỹ
2011,1026,25,3,
2012,1026,26,2,Ít cay
2013,1026,27,2,
2014,1027,24,3,
2015,1027,23,2,Nhiều hành
2016,1027,22,1,Đóng gói kỹ
2017,1028,18,2,Ít cay
2018,1028,16,1,
2019,1028,17,2,Đóng gói kỹ
2020,1029,24,1,
2021,1030,28,1,Đóng gói kỹ
2022,1031,12,1,Đóng gói kỹ
2023,1032,12,1,
2024,1032,10,1,Ít cay
2025,1032,11,2,Ít cay
2026,1033,3,1,Đóng gói kỹ
2027,1033,2,3,
2028,1034,29,3,
2029,1034,28,2,Nhiều hành
2030,1034,30,3,
2031,1035,29,3,Ít cay
2032,1035,28,2,Đóng gói kỹ
2033,1036,25,3,
2034,1036,26,1,Đóng gói kỹ
2035,1037,23,3,
2036,1038,30,2,
2037,1038,29,2,Nhiều hành
2038,1039,10,1,
2039,1039,12,2,
2040,1040,27,2,Ít cay
2041,1041,21,2,
2042,1042,25,2,
2043,1042,26,3,Đóng gói kỹ
2044,1042,27,1,
2045,1043,11,2,
2046,1043,12,2,
2047,1043,10,2,Đóng gói kỹ
2048,1044,21,3,
2049,1045,13,3,Ít cay
2050,1046,26,2,
2051,1047,2,2,Nhiều hành
2052,1048,26,2,
2053,1048,27,3,
2054,1049,1,1,Ít cay
2055,1050,21,1,
2056,1050,19,3,Đóng gói kỹ
2057,1051,4,1,Ít cay
2058,1052,19,3,
2059,1052,20,1,Nhiều hành
2060,1052,21,3,
2061,1053,19,3,
2062,1054,7,1,
2063,1055,23,2,
2064,1055,22,3,
2065,1055,24,2,Nhiều hành
2066,1056,6,2,
2067,1056,5,3,Đóng gói kỹ
2068,1057,17,1,
2069,1057,18,3,Nhiều hành
2070,1058,23,1,
2071,1058,24,2,
2072,1059,4,1,Nhiều hành
2073,1060,18,1,
2074,1060,17,2,
2075,1061,5,3,Ít cay
2076,1062,10,1,
2077,1063,16,2,
2078,1063,18,3,Nhiều hành
2079,1063,17,3,Ít cay
2080,1064,13,1,Đóng gói kỹ
2081,1064,14,1,Đóng gói kỹ
2082,1064,15,1,
2083,1065,10,3,
2084,1065,12,2,
2085,1065,11,1,Ít cay
2086,1066,5,1,Nhiều hành
2087,1067,22,1,
2088,1068,22,3,Đóng gói kỹ
2089,1068,23,2,Nhiều hành
2090,1068,24,1,Nhiều hành
2091,1069,19,1,
2092,1069,20,3,Đóng gói kỹ
2093,1070,13,3,
2094,1070,14,1,Nhiều hành
2095,1071,26,3,
2096,1071,27,3,
2097,1072,18,2,
2098,1073,7,2,
2099,1073,8,2,Nhiều hành
2100,1074,21,1,Đóng gói kỹ
2101,1074,19,2,Ít cay
2102,1075,5,3,Ít cay
2103,1075,4,1,Ít cay
2104,1075,6,2,
2105,1076,14,3,Đóng gói kỹ
2106,1076,15,3,
2107,1077,25,1,Nhiều hành
2108,1078,12,2,Nhiều hành
2109,1078,10,3,Nhiều hành
2110,1078,11,2,
2111,1079,4,1,Đóng gói kỹ
2112,1080,13,2,
2113,1080,14,2,
2114,1081,30,3,
2115,1081,28,1,
2116,1081,29,2,Nhiều hành
2117,1082,7,3,
2118,1082,8,2,Nhiều hành
2119,1082,9,3,
2120,1083,18,2,Đóng gói kỹ
2121,1083,16,2,Ít cay
2122,1084,20,1,Nhiều hành
2123,1084,19,2,
2124,1084,21,2,
2125,1085,12,1,Nhiều hành
2126,1085,10,2,Ít cay
2127,1086,24,2,
2128,1086,22,1,
2129,1086,23,2,Đóng gói kỹ
2130,1087,18,3,
2131,1087,16,2,Ít cay
2132,1087,17,2,
2133,1088,25,3,
2134,1088,26,2,
2135,1089,27,1,
2136,1089,26,2,
2137,1090,10,3,
2138,1091,25,1,
2139,1091,26,2,
2140,1092,11,3,Ít cay
2141,1093,1,3,
2142,1093,3,1,Ít cay
2143,1093,2,1,
2144,1094,26,2,
2145,1094,25,3,Ít cay
2146,1095,24,2,Ít cay
2147,1096,27,3,
2148,1096,26,1,Đóng gói kỹ
2149,1097,9,1,
2150,1097,8,1,Ít cay
2151,1098,23,2,
2152,1099,25,3,Đóng gói kỹ
2153,1099,27,3,Ít cay
2154,1100,1,1,
2155,1101,20,1,
2156,1102,28,2,
2157,1102,29,2,Ít cay
2158,1103,9,1,
2159,1103,7,2,
2160,1104,10,3,
2161,1104,12,1,
2162,1104,11,3,Ít cay
2163,1105,27,1,Ít cay
2164,1105,26,2,Ít cay
2165,1106,29,3,
2166,1107,5,2,
2167,1107,6,3,Đóng gói kỹ
2168,1108,9,2,
2169,1108,7,1,Ít cay
2170,1108,8,1,Đóng gói kỹ
2171,1109,5,2,
2172,1109,4,1,Nhiều hành
2173,1109,6,3,
2174,1110,8,2,Ít cay
2175,1111,4,1,
2176,1111,6,2,
2177,1112,4,1,
2178,1112,5,2,
2179,1113,14,2,
2180,1113,15,3,
2181,1114,8,2,
2182,1114,9,3,
2183,1115,11,3,Ít cay
2184,1115,10,3,
2185,1115,12,3,
2186,1116,12,2,
2187,1116,11,3,Đóng gói kỹ
2188,1117,26,3,Ít cay
2189,1118,1,3,
2190,1119,17,2,
2191,1119,18,3,
2192,1119,16,3,
2193,1120,2,3,
2194,1120,3,1,Đóng gói kỹ
2195,1121,8,1,
2196,1121,9,1,Đóng gói kỹ
2197,1121,7,1,Đóng gói kỹ
2198,1122,3,3,
2199,1122,1,1,
2200,1123,19,2,Nhiều hành
2201,1123,21,1,
2202,1124,24,2,Ít cay
2203,1124,23,3,Nhiều hành
2204,1125,22,2,Đóng gói kỹ
2205,1125,23,2,
2206,1125,24,3,Nhiều hành
2207,1126,24,1,Nhiều hành
2208,1126,22,3,
2209,1127,23,3,Đóng gói kỹ
2210,1127,22,1,Nhiều hành
2211,1128,5,1,
2212,1128,4,3,
2213,1129,22,3,Đóng gói kỹ
2214,1129,23,2,Nhiều hành
2215,1129,24,1,
2216,1130,7,1,Nhiều hành
2217,1130,9,1,
2218,1130,8,1,Ít cay
2219,1131,15,2,Ít cay
2220,1131,13,1,Đóng gói kỹ
2221,1132,9,2,
2222,1133,17,1,
2223,1134,6,3,Nhiều hành
2224,1134,4,2,
2225,1135,29,1,Đóng gói kỹ
2226,1135,28,3,
2227,1136,18,1,
2228,1136,17,2,
2229,1137,17,3,Nhiều hành
2230,1138,23,2,
2231,1138,22,3,Nhiều hành
2232,1138,24,3,Đóng gói kỹ
2233,1139,18,3,Ít cay
2234,1139,16,3,Ít cay
2235,1140,26,2,Ít cay
2236,1140,25,2,Nhiều hành
2237,1140,27,2,Nhiều hành
2238,1141,9,1,Đóng gói kỹ
2239,1141,7,3,Ít cay
2240,1142,22,1,
2241,1142,24,1,
2242,1142,23,2,
2243,1143,30,3,Ít cay
2244,1143,29,3,Ít cay
2245,1143,28,3,
2246,1144,18,3,
2247,1145,24,3,Đóng gói kỹ
2248,1145,23,2,
2249,1146,11,1,Đóng gói kỹ
2250,1146,12,2,
2251,1146,10,3,Ít cay
2252,1147,27,3,
2253,1147,25,2,Nhiều hành
2254,1148,4,1,
2255,1148,5,2,Nhiều hành
2256,1149,25,3,Ít cay
2257,1150,17,3,
2258,1150,18,2,
2259,1151,2,3,Đóng gói kỹ
2260,1152,8,3,
2261,1152,7,2,Đóng gói kỹ
2262,1153,16,3,
2263,1154,10,2,Ít cay
2264,1154,12,1,
2265,1155,22,3,Nhiều hành
2266,1155,23,2,
2267,1156,5,3,Nhiều hành
2268,1156,4,2,
2269,1156,6,1,Nhiều hành
2270,1157,29,1,Nhiều hành
2271,1157,28,3,
2272,1158,6,1,Nhiều hành
2273,1158,4,3,
2274,1158,5,2,
2275,1159,3,2,
2276,1160,12,2,
2277,1160,10,3,Ít cay
2278,1160,11,1,
2279,1161,11,2,
2280,1161,12,1,
2281,1161,10,2,Nhiều hành
2282,1162,23,1,
2283,1163,18,2,Đóng gói kỹ
2284,1163,16,3,Nhiều hành
2285,1164,22,1,
2286,1164,23,1,
2287,1165,24,2,
2288,1165,23,3,
2289,1165,22,3,
2290,1166,20,1,Nhiều hành
2291,1167,10,2,Đóng gói kỹ
2292,1167,11,2,Nhiều hành
2293,1168,13,3,Đóng gói kỹ
2294,1168,14,3,
2295,1169,21,2,Ít cay
2296,1170,10,1,
2297,1171,23,3,
2298,1172,20,3,Ít cay
2299,1173,8,3,Đóng gói kỹ
2300,1174,2,1,Đóng gói kỹ
2301,1174,1,3,
2302,1174,3,2,
2303,1175,24,3,Ít cay
2304,1176,15,2,
2305,1177,25,2,
2306,1178,17,1,
2307,1179,22,1,Đóng gói kỹ
2308,1179,23,3,Nhiều hành
2309,1179,24,3,
2310,1180,18,2,Đóng gói kỹ
2311,1180,17,3,Ít cay
2312,1181,7,2,Đóng gói kỹ
2313,1182,27,1,Nhiều hành
2314,1183,27,3,Đóng gói kỹ
2315,1184,13,1,
2316,1184,14,1,Đóng gói kỹ
2317,1185,26,3,
2318,1185,27,1,Ít cay
2319,1186,11,2,Nhiều hành
2320,1186,12,2,
2321,1187,14,2,Nhiều hành
2322,1187,15,3,
2323,1187,13,1,
2324,1188,29,1,Ít cay
2325,1189,14,1,Ít cay
2326,1190,8,3,
2327,1190,7,3,
2328,1190,9,2,Đóng gói kỹ
2329,1191,17,1,Ít cay
2330,1191,16,1,
2331,1192,10,3,Nhiều hành
2332,1192,11,1,
2333,1192,12,1,Ít cay
2334,1193,15,2,Ít cay
2335,1193,14,1,Ít cay
2336,1194,10,1,
2337,1194,11,2,Ít cay
2338,1195,26,2,
2339,1195,25,3,Ít cay
2340,1195,27,2,Nhiều hành
2341,1196,6,3,
2342,1196,5,2,
2343,1196,4,3,
2344,1197,26,1,
2345,1198,6,2,Đóng gói kỹ
2346,1198,5,1,
2347,1199,28,1,Ít cay
2348,1199,29,3,
2349,1200,3,1,
2350,1200,2,2,
2351,1200,1,2,
2352,1201,18,1,
2353,1202,11,1,Đóng gói kỹ
2354,1202,12,2,
2355,1203,6,2,Nhiều hành
2356,1203,5,2,Nhiều hành
2357,1204,12,3,Nhiều hành
2358,1204,10,1,Nhiều hành
2359,1205,17,2,Đóng gói kỹ
2360,1206,13,3,
2361,1207,5,3,
2362,1207,4,2,
2363,1207,6,1,Nhiều hành
2364,1208,3,2,Ít cay
2365,1208,1,2,Đóng gói kỹ
2366,1208,2,3,
2367,1209,27,1,
2368,1209,25,2,Nhiều hành
2369,1210,21,3,Ít cay
2370,1210,20,1,Đóng gói kỹ
2371,1211,2,2,
2372,1211,1,1,Nhiều hành
2373,1211,3,1,Nhiều hành
2374,1212,13,2,Ít cay
2375,1212,15,2,
2376,1213,29,3,Nhiều hành
2377,1214,21,2,
2378,1214,19,3,
2379,1215,27,3,
2380,1215,25,2,
2381,1215,26,1,
2382,1216,17,2,
2383,1217,26,3,
2384,1217,25,1,Ít cay
2385,1217,27,3,
2386,1218,20,3,
2387,1218,21,2,Nhiều hành
2388,1218,19,3,Đóng gói kỹ
2389,1219,22,1,Ít cay
2390,1220,19,3,
2391,1220,20,1,
2392,1221,3,1,Ít cay
2393,1221,1,2,Ít cay
2394,1222,11,2,
2395,1222,10,2,Nhiều hành
2396,1222,12,2,
2397,1223,2,1,Ít cay
2398,1224,25,1,
2399,1224,26,2,Đóng gói kỹ
2400,1224,27,1,
2401,1225,6,1,
2402,1225,5,2,Đóng gói kỹ
2403,1226,15,1,Đóng gói kỹ
2404,1227,13,3,Nhiều hành
2405,1227,15,1,Đóng gói kỹ
2406,1227,14,1,Đóng gói kỹ
2407,1228,7,1,
2408,1228,9,2,
2409,1228,8,1,Ít cay
2410,1229,25,2,
2411,1229,27,3,Nhiều hành
2412,1229,26,3,
2413,1230,26,2,
2414,1230,25,1,
2415,1231,8,1,
2416,1231,9,2,
2417,1231,7,3,Ít cay
2418,1232,16,3,
2419,1232,18,3,
2420,1233,17,2,Ít cay
2421,1233,18,3,
2422,1234,11,1,
2423,1234,12,3,Đóng gói kỹ
2424,1235,19,1,
2425,1235,21,2,Ít cay
2426,1235,20,1,
2427,1236,11,1,
2428,1236,10,3,
2429,1236,12,1,
2430,1237,30,3,
2431,1237,28,3,
2432,1237,29,2,Ít cay
2433,1238,4,1,
2434,1239,28,1,
2435,1240,17,1,Đóng gói kỹ
2436,1240,16,2,Nhiều hành
2437,1241,11,2,Nhiều hành
2438,1242,5,2,Ít cay
2439,1243,21,3,
2440,1244,25,2,
2441,1244,26,3,
2442,1245,11,1,Ít cay
2443,1246,13,3,
2444,1246,15,2,
2445,1247,5,2,Ít cay
2446,1247,6,2,
2447,1248,16,1,
2448,1248,18,3,Đóng gói kỹ
2449,1248,17,3,Ít cay
2450,1249,29,3,
2451,1249,28,2,Đóng gói kỹ
2452,1249,30,2,Nhiều hành
2453,1250,25,3,
2454,1251,20,3,
2455,1251,21,2,Đóng gói kỹ
2456,1251,19,3,Ít cay
2457,1252,4,2,
2458,1253,24,3,
2459,1254,16,3,
2460,1255,10,1,
2461,1255,12,3,
2462,1255,11,3,Nhiều hành
2463,1256,6,1,Nhiều hành
2464,1256,5,2,Đóng gói kỹ
2465,1256,4,1,Đóng gói kỹ
2466,1257,3,2,
2467,1257,1,2,
2468,1257,2,1,
2469,1258,8,1,Nhiều hành
2470,1258,9,2,
2471,1258,7,1,Nhiều hành
2472,1259,28,3,Ít cay
2473,1259,29,2,Nhiều hành
2474,1260,14,2,Đóng gói kỹ
2475,1260,15,2,
2476,1260,13,3,
2477,1261,14,3,
2478,1261,15,2,
2479,1262,30,1,Đóng gói kỹ
2480,1262,29,1,Nhiều hành
2481,1262,28,2,Nhiều hành
2482,1263,9,3,
2483,1264,21,1,
2484,1264,19,2,Nhiều hành
2485,1264,20,3,Nhiều hành
2486,1265,3,2,
2487,1265,2,1,Ít cay
2488,1266,21,2,Nhiều hành
2489,1266,19,3,
2490,1266,20,2,
2491,1267,21,2,Nhiều hành
2492,1267,20,1,Đóng gói kỹ
2493,1268,17,1,
2494,1268,16,1,Nhiều hành
2495,1268,18,3,
2496,1269,21,2,
2497,1269,20,2,Nhiều hành
2498,1270,28,1,
2499,1271,20,1,Ít cay
2500,1271,19,1,Đóng gói kỹ
2501,1272,2,3,
2502,1272,3,3,
2503,1273,18,1,Nhiều hành
2504,1273,17,2,
2505,1274,11,1,
2506,1274,12,3,
2507,1274,10,3,
2508,1275,3,3,
2509,1275,2,2,
2510,1276,19,3,Nhiều hành
2511,1277,21,2,Đóng gói kỹ
2512,1277,19,3,
2513,1277,20,2,Nhiều hành
2514,1278,25,2,
2515,1279,27,1,
2516,1279,25,1,
2517,1279,26,3,
2518,1280,17,3,
2519,1281,4,1,
2520,1281,6,1,
2521,1282,24,1,
2522,1282,22,1,Đóng gói kỹ
2523,1283,3,3,Nhiều hành
2524,1283,1,3,
2525,1283,2,1,
2526,1284,1,3,Nhiều hành
2527,1285,5,3,Nhiều hành
2528,1285,4,3,Nhiều hành
2529,1285,6,2,
2530,1286,28,1,
2531,1287,30,1,
2532,1288,16,1,
2533,1288,18,2,Nhiều hành
2534,1289,19,1,
2535,1289,20,2,
2536,1290,25,3,Ít cay
2537,1290,26,1,
2538,1290,27,1,Đóng gói kỹ
2539,1291,29,3,
2540,1292,1,1,
2541,1292,2,2,Đóng gói kỹ
2542,1292,3,1,
2543,1293,2,1,
2544,1293,1,2,Đóng gói kỹ
2545,1293,3,2,
2546,1294,1,2,Đóng gói kỹ
2547,1295,22,2,
2548,1296,11,1,
2549,1296,10,1,
2550,1296,12,2,
2551,1297,25,1,
2552,1297,27,3,
2553,1298,11,3,Đóng gói kỹ
2554,1298,12,1,
2555,1299,10,1,Đóng gói kỹ
2556,1299,12,2,
2557,1300,15,3,Đóng gói kỹ
2558,1301,30,1,Ít cay
2559,1302,28,1,Nhiều hành
2560,1302,29,2,
2561,1303,17,3,Nhiều hành
2562,1303,18,1,Nhiều hành
2563,1304,14,1,Đóng gói kỹ
2564,1304,13,3,
2565,1304,15,2,
2566,1305,17,2,
2567,1306,29,1,
2568,1307,1,3,Ít cay
2569,1308,6,1,Ít cay
2570,1308,4,1,Nhiều hành
2571,1308,5,3,
2572,1309,14,1,Nhiều hành
2573,1309,15,3,Nhiều hành
2574,1310,25,2,
2575,1310,26,1,
2576,1311,30,2,Nhiều hành
2577,1311,28,3,
2578,1311,29,2,Nhiều hành
2579,1312,11,3,
2580,1313,3,2,
2581,1313,1,1,
2582,1314,16,3,
2583,1314,18,2,
2584,1315,26,1,Ít cay
2585,1315,25,3,Đóng gói kỹ
2586,1316,2,2,
2587,1316,3,1,
2588,1316,1,1,
2589,1317,16,2,Nhiều hành
2590,1318,24,1,
2591,1318,23,3,Nhiều hành
2592,1318,22,3,
2593,1319,10,2,
2594,1319,12,2,Đóng gói kỹ
2595,1319,11,2,Đóng gói kỹ
2596,1320,2,1,Đóng gói kỹ
2597,1320,1,3,
2598,1320,3,2,Nhiều hành
2599,1321,21,1,
2600,1322,24,3,
2601,1322,22,2,Nhiều hành
2602,1323,17,2,Đóng gói kỹ
2603,1323,18,1,Ít cay
2604,1323,16,3,Nhiều hành
2605,1324,25,3,
2606,1325,25,3,
2607,1325,27,1,Đóng gói kỹ
2608,1325,26,2,
2609,1326,21,2,
2610,1327,15,3,Ít cay
2611,1328,6,2,Đóng gói kỹ
2612,1328,5,1,
2613,1329,28,3,Nhiều hành
2614,1329,30,2,
2615,1330,20,1,Ít cay
2616,1330,21,2,Ít cay
2617,1331,21,3,
2618,1331,20,3,
2619,1331,19,2,Đóng gói kỹ
2620,1332,10,1,
2621,1332,12,2,Nhiều hành
2622,1332,11,1,
2623,1333,23,2,
2624,1333,22,3,Ít cay
2625,1334,22,1,Đóng gói kỹ
2626,1334,23,1,Ít cay
2627,1335,2,2,
2628,1335,3,2,
2629,1335,1,2,
2630,1336,20,3,
2631,1336,19,1,Nhiều hành
2632,1337,8,1,Ít cay
2633,1337,9,2,
2634,1338,19,2,Nhiều hành
2635,1338,21,2,
2636,1338,20,3,
2637,1339,27,3,
2638,1339,25,1,Nhiều hành
2639,1340,20,1,
2640,1340,19,2,
2641,1340,21,2,
2642,1341,8,1,Đóng gói kỹ
2643,1341,7,1,
2644,1341,9,3,Đóng gói kỹ
2645,1342,23,1,Nhiều hành
2646,1342,22,3,
2647,1343,13,1,Đóng gói kỹ
2648,1343,15,1,Ít cay
2649,1344,17,1,Nhiều hành
2650,1344,18,2,
2651,1345,16,2,
2652,1345,18,3,
2653,1346,17,1,
2654,1347,4,1,
2655,1347,5,3,Ít cay
2656,1347,6,2,
2657,1348,19,2,
2658,1349,21,3,
2659,1350,19,1,
2660,1350,20,2,
2661,1350,21,2,
2662,1351,25,3,Đóng gói kỹ
2663,1351,26,2,Nhiều hành
2664,1352,15,3,Nhiều hành
2665,1352,13,1,Đóng gói kỹ
2666,1353,1,2,Ít cay
2667,1353,2,3,Đóng gói kỹ
2668,1353,3,1,Nhiều hành
2669,1354,27,1,Ít cay
2670,1354,25,2,
2671,1355,6,2,
2672,1356,6,2,
2673,1357,28,3,Nhiều hành
2674,1357,29,2,
2675,1357,30,2,
2676,1358,1,2,Đóng gói kỹ
2677,1358,3,3,Ít cay
2678,1358,2,2,Ít cay
2679,1359,1,2,
2680,1360,2,2,
2681,1360,3,2,
2682,1361,17,3,
2683,1362,28,1,Đóng gói kỹ
2684,1362,30,3,Đóng gói kỹ
2685,1363,21,2,
2686,1363,20,2,Ít cay
2687,1363,19,3,
2688,1364,29,2,
2689,1364,30,1,
2690,1365,23,2,Ít cay
2691,1365,22,3,
2692,1365,24,3,
2693,1366,18,3,
2694,1366,16,1,Nhiều hành
2695,1367,27,2,
2696,1367,26,3,Đóng gói kỹ
2697,1368,20,2,
2698,1369,17,3,Đóng gói kỹ
2699,1369,18,2,Ít cay
2700,1370,8,1,
2701,1370,7,3,Ít cay
2702,1370,9,1,Nhiều hành
2703,1371,16,1,
2704,1371,18,3,
2705,1372,20,1,
2706,1373,12,3,Nhiều hành
2707,1373,10,1,
2708,1373,11,3,
2709,1374,13,2,Ít cay
2710,1374,15,2,Đóng gói kỹ
2711,1375,2,3,
2712,1376,29,1,Đóng gói kỹ
2713,1377,14,1,Ít cay
2714,1378,5,2,Nhiều hành
2715,1378,4,2,
2716,1379,2,3,Đóng gói kỹ
2717,1380,1,2,Ít cay
2718,1380,2,2,Nhiều hành
2719,1380,3,1,
2720,1381,28,3,
2721,1382,4,1,
2722,1382,6,2,
2723,1383,7,1,
2724,1383,9,1,
2725,1383,8,1,Đóng gói kỹ
2726,1384,10,1,
2727,1384,12,1,
2728,1384,11,3,Ít cay
2729,1385,22,3,Ít cay
2730,1385,23,1,
2731,1385,24,2,
2732,1386,4,2,
2733,1387,21,2,
2734,1387,20,2,
2735,1387,19,1,Ít cay
2736,1388,15,2,
2737,1388,14,3,Nhiều hành
2738,1388,13,2,Nhiều hành
2739,1389,3,2,Ít cay
2740,1390,2,3,Nhiều hành
2741,1391,4,1,Ít cay
2742,1391,6,2,
2743,1392,10,1,
2744,1393,26,3,
2745,1393,25,1,
2746,1394,28,1,
2747,1394,30,2,Ít cay
2748,1394,29,2,
2749,1395,1,2,
2750,1396,5,2,
2751,1396,6,1,
2752,1396,4,1,Nhiều hành
2753,1397,16,1,
2754,1398,19,1,Nhiều hành
2755,1399,21,1,
2756,1399,19,1,
2757,1400,26,1,
2758,1400,27,2,
2759,1400,25,3,Nhiều hành
2760,1401,22,1,
2761,1402,18,1,
2762,1402,16,2,Đóng gói kỹ
2763,1403,5,1,Đóng gói kỹ
2764,1404,18,1,
2765,1405,4,3,Ít cay
2766,1405,5,2,Đóng gói kỹ
2767,1406,15,3,
2768,1407,20,1,Đóng gói kỹ
2769,1407,21,3,
2770,1407,19,3,
2771,1408,14,2,
2772,1408,13,2,
2773,1408,15,1,
2774,1409,15,3,Nhiều hành
2775,1409,14,1,Đóng gói kỹ
2776,1410,13,2,
2777,1410,14,2,Ít cay
2778,1410,15,1,
2779,1411,18,1,
2780,1411,17,3,Nhiều hành
2781,1412,21,2,Đóng gói kỹ
2782,1412,20,1,
2783,1412,19,1,Đóng gói kỹ
2784,1413,13,1,Nhiều hành
2785,1413,15,3,
2786,1413,14,3,
2787,1414,1,2,
2788,1414,2,3,Ít cay
2789,1415,20,3,
2790,1416,14,2,Nhiều hành
2791,1416,15,2,
2792,1417,16,3,Nhiều hành
2793,1417,18,3,Ít cay
2794,1418,9,2,Ít cay
2795,1418,7,1,
2796,1419,30,1,Đóng gói kỹ
2797,1419,28,1,
2798,1420,5,2,
2799,1420,6,1,
2800,1421,12,1,
2801,1421,10,2,Nhiều hành
2802,1421,11,3,Đóng gói kỹ
2803,1422,24,1,
2804,1422,23,1,Đóng gói kỹ
2805,1423,16,2,
2806,1424,18,3,Đóng gói kỹ
2807,1425,18,1,Đóng gói kỹ
2808,1425,16,2,
2809,1426,14,2,Nhiều hành
2810,1427,6,2,Nhiều hành
2811,1427,5,1,
2812,1427,4,3,
2813,1428,30,1,Ít cay
2814,1428,28,3,Ít cay
2815,1428,29,2,Đóng gói kỹ
2816,1429,28,2,
2817,1429,30,2,
2818,1429,29,3,
2819,1430,16,1,
2820,1430,18,3,Ít cay
2821,1430,17,2,Ít cay
2822,1431,23,3,
2823,1431,24,2,
2824,1432,29,3,Nhiều hành
2825,1432,30,2,Đóng gói kỹ
2826,1432,28,3,
2827,1433,5,3,
2828,1433,6,1,
2829,1433,4,1,
2830,1434,14,1,Ít cay
2831,1434,13,2,Đóng gói kỹ
2832,1435,9,3,
2833,1435,8,1,
2834,1436,10,3,
2835,1436,12,3,
2836,1437,28,1,Đóng gói kỹ
2837,1437,29,3,
2838,1437,30,1,
2839,1438,11,2,Đóng gói kỹ
2840,1438,12,2,Nhiều hành
2841,1438,10,2,
2842,1439,12,1,
2843,1439,10,1,
2844,1439,11,3,
2845,1440,19,1,
2846,1441,7,1,
2847,1441,8,3,
2848,1442,25,1,
2849,1443,17,2,Ít cay
2850,1443,16,2,
2851,1444,1,1,Ít cay
2852,1444,2,2,
2853,1444,3,2,
2854,1445,11,2,
2855,1446,20,2,Nhiều hành
2856,1446,21,2,
2857,1446,19,2,
2858,1447,14,3,
2859,1447,15,1,
2860,1448,22,2,
2861,1448,24,1,
2862,1448,23,2,
2863,1449,20,1,
2864,1449,21,3,
2865,1450,22,2,Nhiều hành
2866,1451,3,1,
2867,1451,2,3,
2868,1451,1,3,Ít cay
2869,1452,9,1,
2870,1452,8,3,Nhiều hành
2871,1453,27,1,Ít cay
2872,1453,25,1,
2873,1453,26,1,
2874,1454,9,3,
2875,1454,8,1,Ít cay
2876,1455,13,2,
2877,1455,15,1,
2878,1456,8,1,Ít cay
2879,1456,7,3,
2880,1457,16,1,
2881,1457,18,1,
2882,1458,10,1,
2883,1458,12,1,
2884,1458,11,3,Nhiều hành
2885,1459,19,2,Ít cay
2886,1459,21,3,
2887,1460,1,2,Nhiều hành
2888,1461,22,1,Ít cay
2889,1461,23,2,Đóng gói kỹ
2890,1462,10,3,Nhiều hành
2891,1462,11,3,
2892,1463,13,3,Đóng gói kỹ
2893,1464,20,2,
2894,1464,19,3,
2895,1465,8,3,
2896,1465,7,1,
2897,1466,1,2,
2898,1467,9,2,
2899,1467,8,1,
2900,1468,12,2,Ít cay
2901,1469,1,2,
2902,1469,3,3,
2903,1470,8,1,
2904,1471,18,2,
2905,1471,16,3,
2906,1471,17,1,
2907,1472,15,2,Đóng gói kỹ
2908,1473,17,2,
2909,1473,16,3,
2910,1474,23,1,Ít cay
2911,1474,24,3,Ít cay
2912,1474,22,3,
2913,1475,2,2,Nhiều hành
2914,1476,3,2,
2915,1476,2,1,
2916,1476,1,3,
2917,1477,17,3,
2918,1477,18,1,
2919,1478,30,3,
2920,1478,29,3,Ít cay
2921,1479,3,2,
2922,1479,2,3,Ít cay
2923,1479,1,2,Ít cay
2924,1480,12,3,Nhiều hành
2925,1480,10,1,
2926,1480,11,2,
2927,1481,24,2,Đóng gói kỹ
2928,1481,23,1,
2929,1482,12,2,
2930,1482,11,2,
2931,1483,22,2,
2932,1484,25,2,Đóng gói kỹ
2933,1484,27,3,
2934,1485,15,1,
2935,1486,26,1,
2936,1486,25,2,
2937,1487,17,3,Ít cay
2938,1488,10,2,Đóng gói kỹ
2939,1488,12,1,
2940,1489,27,2,
2941,1489,26,1,Nhiều hành
2942,1489,25,2,
2943,1490,29,1,
2944,1491,25,3,Đóng gói kỹ
2945,1491,27,2,
2946,1492,16,1,Ít cay
2947,1493,29,2,
2948,1493,28,2,Ít cay
2949,1493,30,3,
2950,1494,5,2,
2951,1494,6,1,
2952,1494,4,1,Đóng gói kỹ
2953,1495,2,3,Nhiều hành
2954,1495,1,1,
2955,1495,3,3,
2956,1496,7,2,Ít cay
2957,1497,2,3,
2958,1497,1,2,
2959,1498,15,2,
2960,1498,13,2,
2961,1498,14,3,
2962,1499,19,2,Nhiều hành
2963,1499,21,2,
2964,1499,20,1,
2965,1500,7,3,Ít cay
2966,1500,8,3,
2967,1500,9,3,
2968,1501,4,2,
2969,1502,12,1,Đóng gói kỹ
2970,1502,11,1,
2971,1502,10,2,
2972,1503,26,1,
2973,1504,8,3,
2974,1504,9,2,Đóng gói kỹ
2975,1505,12,2,
2976,1505,11,1,Nhiều hành
2977,1505,10,1,Nhiều hành
2978,1506,9,2,
2979,1506,8,1,Đóng gói kỹ
2980,1506,7,2,
2981,1507,19,2,Đóng gói kỹ
2982,1508,11,1,Ít cay
2983,1508,10,3,
2984,1508,12,2,Ít cay
2985,1509,15,1,
2986,1510,3,1,Nhiều hành
2987,1510,1,2,
2988,1511,1,2,
2989,1512,10,2,Nhiều hành
2990,1513,29,1,
2991,1513,30,3,Nhiều hành
2992,1514,13,3,Nhiều hành
2993,1514,14,3,Nhiều hành
2994,1514,15,3,
2995,1515,24,1,
2996,1515,23,2,
2997,1515,22,3,Đóng gói kỹ
2998,1516,9,3,
2999,1516,8,2,Đóng gói kỹ
3000,1516,7,2,
3001,1517,5,1,
3002,1518,27,1,Nhiều hành
3003,1518,26,2,Đóng gói kỹ
3004,1518,25,2,
3005,1519,7,3,
3006,1519,9,2,
3007,1519,8,1,
3008,1520,15,2,Ít cay
3009,1521,3,2,Nhiều hành
3010,1521,1,1,
3011,1522,22,3,
3012,1523,4,2,
3013,1524,3,3,
3014,1524,2,1,
3015,1524,1,1,Nhiều hành
3016,1525,27,2,
3017,1525,26,1,
3018,1525,25,1,
3019,1526,2,1,
3020,1526,1,3,
3021,1526,3,1,
3022,1527,18,3,
3023,1527,17,2,Ít cay
3024,1528,23,1,
3025,1528,24,3,
3026,1529,19,1,Đóng gói kỹ
3027,1529,20,1,Ít cay
3028,1529,21,2,
3029,1530,26,2,
3030,1531,6,3,
3031,1531,5,1,Ít cay
3032,1532,29,3,Ít cay
3033,1532,28,1,Nhiều hành
3034,1532,30,2,Ít cay
3035,1533,26,1,Đóng gói kỹ
3036,1533,25,2,
3037,1533,27,2,Ít cay
3038,1534,23,2,
3039,1534,24,3,Đóng gói kỹ
3040,1534,22,3,Nhiều hành
3041,1535,20,1,
3042,1535,21,2,
3043,1535,19,3,Ít cay
3044,1536,19,1,
3045,1536,21,1,Ít cay
3046,1537,3,3,
3047,1537,2,1,
3048,1537,1,1,Nhiều hành
3049,1538,24,3,
3050,1539,26,1,
3051,1539,25,3,Nhiều hành
3052,1539,27,3,
3053,1540,30,1,
3054,1540,28,3,
3055,1541,13,3,
3056,1541,15,1,Đóng gói kỹ
3057,1541,14,3,Đóng gói kỹ
3058,1542,27,3,Ít cay
3059,1542,26,1,Đóng gói kỹ
3060,1542,25,3,
3061,1543,5,2,
3062,1543,4,1,
3063,1543,6,2,
3064,1544,11,2,
3065,1545,24,3,
3066,1546,23,1,Ít cay
3067,1547,19,3,
3068,1548,4,2,
3069,1549,28,3,Ít cay
3070,1549,29,1,Đóng gói kỹ
3071,1549,30,3,
3072,1550,12,2,
3073,1550,11,1,Đóng gói kỹ
3074,1550,10,2,
3075,1551,14,2,
3076,1552,11,2,
3077,1553,20,1,Nhiều hành
3078,1554,3,1,Đóng gói kỹ
3079,1554,1,3,Ít cay
3080,1554,2,2,
3081,1555,13,1,Ít cay
3082,1555,15,3,
3083,1555,14,1,Ít cay
3084,1556,21,3,
3085,1556,19,1,Ít cay
3086,1557,9,2,
3087,1558,29,3,
3088,1558,28,2,Ít cay
3089,1558,30,1,
3090,1559,16,3,
3091,1559,17,2,
3092,1560,10,3,
3093,1561,12,2,
3094,1561,11,1,Nhiều hành
3095,1561,10,2,Nhiều hành
3096,1562,1,1,
3097,1562,3,1,Nhiều hành
3098,1563,28,3,Ít cay
3099,1564,24,3,
3100,1564,22,1,Ít cay
3101,1565,18,3,
3102,1565,17,1,
3103,1565,16,2,
3104,1566,6,1,Ít cay
3105,1566,5,1,Đóng gói kỹ
3106,1567,6,1,Đóng gói kỹ
3107,1568,10,3,
3108,1568,12,2,Nhiều hành
3109,1569,29,2,
3110,1569,30,2,Đóng gói kỹ
3111,1569,28,1,
3112,1570,11,3,Đóng gói kỹ
3113,1570,10,3,Nhiều hành
3114,1570,12,2,Nhiều hành
3115,1571,26,2,
3116,1572,11,2,Ít cay
3117,1572,12,1,Ít cay
3118,1572,10,1,
3119,1573,28,1,Ít cay
3120,1573,30,1,Nhiều hành
3121,1574,26,3,
3122,1575,12,2,
3123,1575,10,3,Ít cay
3124,1575,11,1,
3125,1576,3,1,Đóng gói kỹ
3126,1577,22,1,
3127,1578,12,2,
3128,1578,10,3,
3129,1579,11,2,
3130,1579,10,2,Ít cay
3131,1580,13,1,Đóng gói kỹ
3132,1580,15,2,Ít cay
3133,1580,14,3,
3134,1581,6,2,
3135,1581,5,1,
3136,1581,4,3,Nhiều hành
3137,1582,30,1,
3138,1583,8,2,Đóng gói kỹ
3139,1583,7,2,
3140,1584,24,3,Đóng gói kỹ
3141,1584,23,3,
3142,1584,22,3,Ít cay
3143,1585,22,2,
3144,1585,24,3,
3145,1585,23,3,
3146,1586,15,2,
3147,1586,13,1,Đóng gói kỹ
3148,1587,7,3,
3149,1587,9,2,
3150,1587,8,1,
3151,1588,10,2,
3152,1588,12,2,
3153,1589,23,1,Đóng gói kỹ
3154,1589,22,2,Ít cay
3155,1590,20,3,Nhiều hành
3156,1590,21,2,
3157,1591,16,2,
3158,1592,23,1,
3159,1593,6,1,
3160,1593,4,1,Nhiều hành
3161,1594,27,1,
3162,1595,1,2,
3163,1596,29,3,Ít cay
3164,1596,28,1,
3165,1596,30,1,Đóng gói kỹ
3166,1597,20,2,Nhiều hành
3167,1597,21,3,Nhiều hành
3168,1597,19,3,Nhiều hành
3169,1598,5,2,
3170,1599,27,1,
3171,1600,3,1,Ít cay
3172,1600,1,1,Đóng gói kỹ
3173,1601,22,3,
3174,1601,24,3,
3175,1602,4,3,
3176,1602,5,1,
3177,1602,6,1,Ít cay
3178,1603,17,2,Ít cay
3179,1603,18,3,Ít cay
3180,1604,5,2,
3181,1604,4,3,
3182,1604,6,2,
3183,1605,13,1,
3184,1605,15,3,Đóng gói kỹ
3185,1606,23,2,
3186,1606,24,1,Đóng gói kỹ
3187,1606,22,1,Đóng gói kỹ
3188,1607,29,2,
3189,1608,12,3,
3190,1608,10,3,
3191,1608,11,2,
3192,1609,20,2,
3193,1609,19,2,Đóng gói kỹ
3194,1610,30,3,
3195,1610,28,2,
3196,1611,21,1,
3197,1611,19,3,
3198,1611,20,2,Đóng gói kỹ
3199,1612,3,2,
3200,1612,1,2,
3201,1612,2,3,Ít cay
3202,1613,9,2,
3203,1614,5,1,Đóng gói kỹ
3204,1614,6,2,Nhiều hành
3205,1615,25,3,
3206,1615,26,3,Ít cay
3207,1615,27,1,Nhiều hành
3208,1616,27,2,Đóng gói kỹ
3209,1617,6,1,
3210,1617,4,1,
3211,1618,6,1,
3212,1618,5,1,Đóng gói kỹ
3213,1618,4,1,
3214,1619,25,3,Nhiều hành
3215,1619,26,3,Nhiều hành
3216,1620,24,1,Đóng gói kỹ
3217,1621,19,3,
3218,1621,21,3,Ít cay
3219,1622,23,1,Ít cay
3220,1622,22,3,
3221,1623,15,3,
3222,1624,20,2,
3223,1625,1,3,Đóng gói kỹ
3224,1626,17,3,
3225,1626,16,2,
3226,1627,2,3,Nhiều hành
3227,1627,1,1,Đóng gói kỹ
3228,1627,3,1,Đóng gói kỹ
3229,1628,13,1,Nhiều hành
3230,1628,15,3,Nhiều hành
3231,1628,14,3,
3232,1629,18,1,
3233,1629,16,1,
3234,1629,17,1,
3235,1630,13,2,Đóng gói kỹ
3236,1630,15,2,
3237,1630,14,2,
3238,1631,20,3,Nhiều hành
3239,1631,19,1,Nhiều hành
3240,1631,21,1,
3241,1632,24,2,
3242,1632,22,2,Đóng gói kỹ
3243,1633,22,2,
3244,1633,24,1,Đóng gói kỹ
3245,1633,23,2,
3246,1634,7,2,
3247,1635,1,1,Đóng gói kỹ
3248,1635,2,1,Nhiều hành
3249,1636,2,1,
3250,1637,1,3,
3251,1637,2,2,Đóng gói kỹ
3252,1637,3,2,Đóng gói kỹ
3253,1638,22,1,
3254,1638,23,2,
3255,1638,24,2,
3256,1639,6,1,
3257,1640,12,3,Đóng gói kỹ
3258,1640,11,3,Đóng gói kỹ
3259,1641,4,1,Ít cay
3260,1642,18,1,
3261,1643,1,3,
3262,1643,2,3,Ít cay
3263,1644,10,2,
3264,1644,12,3,
3265,1644,11,3,
3266,1645,15,3,
3267,1646,4,2,
3268,1646,6,3,
3269,1647,17,2,Nhiều hành
3270,1647,18,2,Nhiều hành
3271,1648,23,3,
3272,1649,4,1,
3273,1650,6,3,
3274,1650,4,1,
3275,1650,5,3,Nhiều hành
3276,1651,29,1,
3277,1652,10,1,Nhiều hành
3278,1652,11,3,
3279,1652,12,2,Ít cay
3280,1653,5,3,Đóng gói kỹ
3281,1653,6,2,Đóng gói kỹ
3282,1654,25,1,Ít cay
3283,1655,13,2,Nhiều hành
3284,1655,15,3,
3285,1656,12,1,Ít cay
3286,1656,10,2,
3287,1656,11,1,Đóng gói kỹ
3288,1657,1,3,
3289,1657,2,2,
3290,1657,3,1,Đóng gói kỹ
3291,1658,24,1,
3292,1659,18,1,Ít cay
3293,1660,1,2,
3294,1661,14,3,
3295,1662,30,3,Ít cay
3296,1662,29,1,
3297,1663,25,2,
3298,1663,26,2,Ít cay
3299,1663,27,1,Ít cay
3300,1664,15,1,Ít cay
3301,1664,14,1,Ít cay
3302,1664,13,2,
3303,1665,27,1,Nhiều hành
3304,1666,16,2,
3305,1666,18,2,
3306,1666,17,3,Ít cay
3307,1667,25,1,
3308,1667,27,1,
3309,1668,3,2,Ít cay
3310,1668,1,3,
3311,1669,27,1,Nhiều hành
3312,1669,26,2,
3313,1669,25,2,
3314,1670,29,2,
3315,1671,17,1,Ít cay
3316,1672,16,3,Nhiều hành
3317,1672,17,2,Đóng gói kỹ
3318,1672,18,1,
3319,1673,26,3,
3320,1673,27,1,
3321,1674,1,3,
3322,1674,3,1,
3323,1674,2,1,Nhiều hành
3324,1675,9,2,
3325,1675,8,1,Ít cay
3326,1676,17,3,Đóng gói kỹ
3327,1676,18,2,
3328,1677,5,3,
3329,1677,4,2,Đóng gói kỹ
3330,1677,6,2,Nhiều hành
3331,1678,19,2,Nhiều hành
3332,1678,21,3,Đóng gói kỹ
3333,1678,20,1,
3334,1679,23,2,
3335,1679,24,1,
3336,1679,22,3,Nhiều hành
3337,1680,7,1,Đóng gói kỹ
3338,1680,8,2,Nhiều hành
3339,1681,21,1,Nhiều hành
3340,1681,19,3,
3341,1681,20,3,Ít cay
3342,1682,20,1,
3343,1682,19,2,Nhiều hành
3344,1682,21,1,Ít cay
3345,1683,27,3,
3346,1683,26,1,
3347,1683,25,1,
3348,1684,21,2,Nhiều hành
3349,1684,19,3,
3350,1685,7,2,
3351,1686,10,1,
3352,1687,30,1,
3353,1688,9,1,Ít cay
3354,1689,24,2,
3355,1689,22,1,
3356,1689,23,1,
3357,1690,22,1,
3358,1691,28,3,Ít cay
3359,1691,29,1,
3360,1691,30,2,Đóng gói kỹ
3361,1692,21,2,
3362,1693,3,3,
3363,1693,1,2,Nhiều hành
3364,1693,2,3,Ít cay
3365,1694,30,1,Ít cay
3366,1694,29,3,
3367,1694,28,2,Đóng gói kỹ
3368,1695,14,3,Ít cay
3369,1695,15,3,
3370,1695,13,3,Ít cay
3371,1696,14,1,Nhiều hành
3372,1696,13,3,
3373,1697,4,3,
3374,1697,5,1,
3375,1698,21,2,Nhiều hành
3376,1698,19,2,Nhiều hành
3377,1699,28,2,
3378,1700,8,1,
3379,1700,7,1,
3380,1701,26,2,
3381,1702,7,1,
3382,1703,22,3,
3383,1703,24,1,Đóng gói kỹ
3384,1704,28,3,Ít cay
3385,1704,30,3,
3386,1705,5,1,
3387,1705,4,3,Ít cay
3388,1705,6,2,
3389,1706,29,2,
3390,1707,6,2,
3391,1708,30,3,Nhiều hành
3392,1708,28,1,
3393,1708,29,3,
3394,1709,18,2,
3395,1709,17,1,Đóng gói kỹ
3396,1710,5,2,
3397,1711,29,3,Đóng gói kỹ
3398,1712,13,1,
3399,1712,15,3,Nhiều hành
3400,1712,14,1,
3401,1713,11,1,Ít cay
3402,1713,12,1,Ít cay
3403,1714,25,1,Ít cay
3404,1714,27,3,
3405,1714,26,1,
3406,1715,8,1,
3407,1715,7,1,
3408,1715,9,2,
3409,1716,28,3,
3410,1716,29,2,Đóng gói kỹ
3411,1717,22,3,
3412,1717,23,2,
3413,1718,2,1,Nhiều hành
3414,1718,3,2,
3415,1718,1,2,Nhiều hành
3416,1719,2,2,Nhiều hành
3417,1720,13,1,
3418,1720,15,2,
3419,1721,8,2,
3420,1721,9,3,
3421,1721,7,3,Nhiều hành
3422,1722,17,1,Ít cay
3423,1723,4,2,
3424,1724,26,1,
3425,1724,27,3,
3426,1725,9,3,
3427,1725,7,3,
3428,1725,8,1,Đóng gói kỹ
3429,1726,6,1,Nhiều hành
3430,1726,4,2,Đóng gói kỹ
3431,1726,5,3,Ít cay
3432,1727,5,3,Nhiều hành
3433,1727,4,1,Ít cay
3434,1728,25,2,
3435,1729,16,1,
3436,1729,17,1,Ít cay
3437,1729,18,3,Đóng gói kỹ
3438,1730,21,1,Nhiều hành
3439,1731,22,1,
3440,1731,23,1,
3441,1731,24,2,Ít cay
3442,1732,6,3,
3443,1732,4,1,Ít cay
3444,1732,5,1,
3445,1733,20,3,
3446,1733,19,1,
3447,1734,1,3,
3448,1735,1,2,Đóng gói kỹ
3449,1735,3,2,
3450,1735,2,3,Ít cay
3451,1736,9,2,
3452,1736,8,1,
3453,1737,26,3,
3454,1737,25,1,
3455,1738,28,1,
3456,1738,30,3,Nhiều hành
3457,1738,29,2,
3458,1739,15,3,
3459,1740,20,2,
3460,1740,21,1,
3461,1741,16,3,
3462,1742,13,3,
3463,1742,14,1,Đóng gói kỹ
3464,1742,15,2,Nhiều hành
3465,1743,28,2,
3466,1743,30,3,Nhiều hành
3467,1744,23,1,Nhiều hành
3468,1744,24,3,Ít cay
3469,1745,18,1,Ít cay
3470,1745,16,2,Đóng gói kỹ
3471,1745,17,3,
3472,1746,3,2,
3473,1747,23,2,
3474,1747,22,1,Nhiều hành
3475,1747,24,1,Nhiều hành
3476,1748,8,3,
3477,1749,15,2,Nhiều hành
3478,1750,24,2,Ít cay
3479,1750,23,3,
3480,1751,23,2,
3481,1751,24,2,Ít cay
3482,1751,22,1,
3483,1752,3,2,
3484,1752,2,3,Nhiều hành
3485,1753,21,2,
3486,1753,19,3,Đóng gói kỹ
3487,1754,17,2,Nhiều hành
3488,1754,18,1,
3489,1754,16,3,Nhiều hành
3490,1755,21,1,Ít cay
3491,1755,19,3,
3492,1755,20,2,Đóng gói kỹ
3493,1756,24,1,
3494,1756,22,3,
3495,1756,23,3,Nhiều hành
3496,1757,9,3,
3497,1757,7,1,
3498,1758,9,3,
3499,1758,7,1,Nhiều hành
3500,1759,8,2,
3501,1760,14,1,
3502,1761,24,3,
3503,1762,19,2,Ít cay
3504,1762,21,2,Ít cay
3505,1763,14,2,Nhiều hành
3506,1763,15,1,Đóng gói kỹ
3507,1764,10,1,Ít cay
3508,1764,11,3,
3509,1765,2,2,Đóng gói kỹ
3510,1765,1,2,
3511,1765,3,1,Ít cay
3512,1766,15,1,Ít cay
3513,1766,13,2,Ít cay
3514,1766,14,3,
3515,1767,16,1,
3516,1767,17,1,
3517,1767,18,1,
3518,1768,3,1,
3519,1768,1,1,Ít cay
3520,1769,22,2,Đóng gói kỹ
3521,1769,24,1,
3522,1770,1,2,
3523,1770,3,3,Đóng gói kỹ
3524,1771,1,1,
3525,1772,3,3,
3526,1773,9,3,Đóng gói kỹ
3527,1773,8,1,
3528,1774,25,3,
3529,1774,27,3,
3530,1774,26,2,
3531,1775,13,3,Ít cay
3532,1775,14,3,
3533,1776,21,1,Đóng gói kỹ
3534,1776,19,1,
3535,1776,20,2,Nhiều hành
3536,1777,13,1,Đóng gói kỹ
3537,1777,14,2,Nhiều hành
3538,1777,15,3,Nhiều hành
3539,1778,26,2,Đóng gói kỹ
3540,1778,25,3,Ít cay
3541,1778,27,3,
3542,1779,14,3,
3543,1779,15,1,Nhiều hành
3544,1779,13,2,Nhiều hành
3545,1780,24,2,
3546,1780,22,1,Đóng gói kỹ
3547,1781,1,1,Đóng gói kỹ
3548,1781,3,1,
3549,1781,2,3,
3550,1782,21,3,
3551,1782,19,1,
3552,1782,20,1,Đóng gói kỹ
3553,1783,2,3,
3554,1783,3,3,Đóng gói kỹ
3555,1784,22,1,Ít cay
3556,1785,6,3,Đóng gói kỹ
3557,1786,21,3,Đóng gói kỹ
3558,1786,19,2,
3559,1787,8,2,Ít cay
3560,1787,9,2,
3561,1787,7,1,
3562,1788,16,2,
3563,1789,2,3,
3564,1789,3,2,
3565,1790,5,1,
3566,1790,4,2,Ít cay
3567,1790,6,1,Nhiều hành
3568,1791,24,2,Đóng gói kỹ
3569,1791,23,1,
3570,1791,22,2,
3571,1792,22,3,
3572,1792,23,1,Ít cay
3573,1792,24,3,
3574,1793,24,3,
3575,1793,23,3,
3576,1794,17,2,
3577,1795,29,1,Nhiều hành
3578,1795,28,1,
3579,1795,30,2,
3580,1796,12,1,
3581,1796,11,2,Đóng gói kỹ
3582,1797,14,1,Nhiều hành
3583,1797,13,3,Ít cay
3584,1798,15,3,
3585,1799,6,3,Đóng gói kỹ
3586,1799,5,3,
3587,1800,1,1,Nhiều hành
3588,1800,3,1,
3589,1801,8,2,
3590,1802,10,1,Ít cay
3591,1803,8,3,
3592,1803,7,2,Nhiều hành
3593,1804,10,1,
3594,1804,11,2,
3595,1805,18,2,
3596,1805,17,1,
3597,1805,16,2,
3598,1806,29,1,
3599,1806,28,1,Ít cay
3600,1806,30,3,
3601,1807,24,2,Ít cay
3602,1807,22,2,Đóng gói kỹ
3603,1807,23,2,Nhiều hành
3604,1808,20,2,Ít cay
3605,1808,19,3,Đóng gói kỹ
3606,1808,21,2,Đóng gói kỹ
3607,1809,1,1,
3608,1810,1,2,Ít cay
3609,1811,29,2,
3610,1811,30,1,
3611,1811,28,2,
3612,1812,6,2,
3613,1812,4,1,
3614,1812,5,2,
3615,1813,22,1,Đóng gói kỹ
3616,1813,23,2,Nhiều hành
3617,1814,18,2,Nhiều hành
3618,1814,17,3,Ít cay
3619,1814,16,3,
3620,1815,9,1,
3621,1816,10,3,
3622,1817,24,2,Ít cay
3623,1817,23,3,
3624,1818,30,2,
3625,1819,6,2,Đóng gói kỹ
3626,1819,4,1,
3627,1819,5,2,Ít cay
3628,1820,22,3,Đóng gói kỹ
3629,1820,23,1,Ít cay
3630,1821,16,1,
3631,1821,17,1,Ít cay
3632,1821,18,3,Đóng gói kỹ
3633,1822,14,2,
3634,1823,4,3,
3635,1823,6,1,Nhiều hành
3636,1823,5,3,
3637,1824,10,2,
3638,1825,17,1,
3639,1826,26,3,
3640,1826,25,1,
3641,1826,27,3,
3642,1827,11,3,Đóng gói kỹ
3643,1827,10,1,Đóng gói kỹ
3644,1827,12,1,
3645,1828,14,3,Ít cay
3646,1828,13,3,
3647,1828,15,3,
3648,1829,12,1,Đóng gói kỹ
3649,1830,15,2,Đóng gói kỹ
3650,1831,26,3,Đóng gói kỹ
3651,1832,28,3,
3652,1832,30,2,Ít cay
3653,1832,29,3,
3654,1833,19,1,
3655,1833,20,1,
3656,1834,15,2,Nhiều hành
3657,1834,13,2,Nhiều hành
3658,1834,14,1,Nhiều hành
3659,1835,22,1,Nhiều hành
3660,1836,3,2,Đóng gói kỹ
3661,1836,1,1,Nhiều hành
3662,1836,2,3,
3663,1837,11,2,
3664,1837,10,3,Đóng gói kỹ
3665,1838,14,3,Ít cay
3666,1838,15,3,
3667,1839,23,1,Đóng gói kỹ
3668,1839,24,3,Ít cay
3669,1839,22,2,
3670,1840,14,1,Đóng gói kỹ
3671,1840,13,2,
3672,1840,15,3,Ít cay
3673,1841,22,3,
3674,1842,17,3,
3675,1842,16,3,Nhiều hành
3676,1842,18,3,
3677,1843,18,2,Nhiều hành
3678,1843,16,3,
3679,1843,17,1,Đóng gói kỹ
3680,1844,13,3,
3681,1844,15,3,
3682,1845,13,2,Ít cay
3683,1846,17,3,Nhiều hành
3684,1846,16,3,
3685,1846,18,3,Nhiều hành
3686,1847,30,3,Đóng gói kỹ
3687,1848,26,3,
3688,1849,18,2,
3689,1850,26,3,Nhiều hành
3690,1851,28,2,
3691,1851,29,1,
3692,1851,30,3,Ít cay
3693,1852,7,2,Ít cay
3694,1853,21,1,
3695,1853,19,2,
3696,1854,4,3,Ít cay
3697,1854,5,3,
3698,1854,6,1,Nhiều hành
3699,1855,2,1,
3700,1855,3,1,
3701,1856,27,1,Ít cay
3702,1856,25,2,
3703,1857,15,2,
3704,1858,8,3,
3705,1858,9,2,
3706,1858,7,3,Nhiều hành
3707,1859,13,1,Nhiều hành
3708,1859,15,3,Nhiều hành
3709,1859,14,1,
3710,1860,7,2,Nhiều hành
3711,1860,9,2,Ít cay
3712,1861,5,3,
3713,1861,6,2,Nhiều hành
3714,1862,22,2,
3715,1862,24,2,
3716,1862,23,3,
3717,1863,1,3,
3718,1863,2,3,Đóng gói kỹ
3719,1863,3,3,
3720,1864,5,2,Ít cay
3721,1864,4,1,
3722,1864,6,1,
3723,1865,26,3,Ít cay
3724,1865,25,3,
3725,1866,17,3,Nhiều hành
3726,1867,13,1,
3727,1868,25,2,
3728,1869,22,1,Ít cay
3729,1869,23,2,
3730,1869,24,2,
3731,1870,4,3,
3732,1870,5,3,Ít cay
3733,1870,6,2,
3734,1871,8,2,Ít cay
3735,1871,7,2,Ít cay
3736,1872,18,2,
3737,1872,17,3,
3738,1873,23,2,
3739,1873,22,2,
3740,1874,13,2,
3741,1874,14,1,Nhiều hành
3742,1874,15,1,Nhiều hành
3743,1875,3,2,Nhiều hành
3744,1875,2,1,
3745,1876,4,3,Đóng gói kỹ
3746,1876,5,3,
3747,1876,6,2,
3748,1877,6,3,Nhiều hành
3749,1877,4,3,Đóng gói kỹ
3750,1878,22,1,
3751,1878,23,1,
3752,1879,14,2,
3753,1879,15,3,Nhiều hành
3754,1879,13,2,
3755,1880,30,2,
3756,1880,29,1,Đóng gói kỹ
3757,1880,28,1,Nhiều hành
3758,1881,25,2,Đóng gói kỹ
3759,1881,26,1,Đóng gói kỹ
3760,1881,27,1,
3761,1882,9,1,
3762,1882,7,3,
3763,1882,8,1,
3764,1883,24,2,
3765,1883,23,2,Ít cay
3766,1883,22,3,
3767,1884,30,1,
3768,1884,28,3,
3769,1884,29,3,
3770,1885,9,3,Ít cay
3771,1886,29,3,
3772,1887,25,2,Ít cay
3773,1887,26,1,Ít cay
3774,1888,17,2,
3775,1888,16,1,Ít cay
3776,1888,18,1,Ít cay
3777,1889,22,1,Đóng gói kỹ
3778,1889,23,1,
3779,1890,3,3,Ít cay
3780,1891,5,1,
3781,1891,4,3,Ít cay
3782,1891,6,1,
3783,1892,1,1,Đóng gói kỹ
3784,1893,30,2,
3785,1893,29,3,
3786,1893,28,1,
3787,1894,23,1,
3788,1895,7,2,
3789,1896,14,1,Ít cay
3790,1897,4,3,
3791,1898,13,3,Ít cay
3792,1898,15,2,
3793,1899,19,1,
3794,1899,20,3,
3795,1900,20,2,Ít cay
3796,1900,19,1,Ít cay
3797,1901,29,3,Đóng gói kỹ
3798,1901,30,3,
3799,1901,28,2,
3800,1902,7,3,Đóng gói kỹ
3801,1903,19,1,
3802,1904,10,2,
3803,1905,10,1,Đóng gói kỹ
3804,1905,12,2,Đóng gói kỹ
3805,1906,20,1,
3806,1906,19,3,Nhiều hành
3807,1906,21,1,
3808,1907,11,2,Nhiều hành
3809,1908,26,3,Ít cay
3810,1908,27,2,
3811,1908,25,2,
3812,1909,3,1,
3813,1909,2,3,Ít cay
3814,1909,1,3,
3815,1910,19,2,Nhiều hành
3816,1911,28,1,
3817,1912,12,1,
3818,1913,1,2,
3819,1913,3,2,Ít cay
3820,1913,2,3,
3821,1914,29,2,
3822,1914,30,2,Nhiều hành
3823,1915,4,2,Ít cay
3824,1915,5,1,
3825,1916,24,2,Đóng gói kỹ
3826,1916,22,3,Nhiều hành
3827,1917,9,3,
3828,1918,14,3,
3829,1918,13,2,Nhiều hành
3830,1919,26,2,
3831,1919,27,2,
3832,1920,6,1,Đóng gói kỹ
3833,1920,5,3,
3834,1920,4,1,
3835,1921,15,1,Ít cay
3836,1921,14,3,Ít cay
3837,1922,14,3,
3838,1922,15,1,
3839,1922,13,2,Đóng gói kỹ
3840,1923,11,2,
3841,1924,1,1,
3842,1925,10,3,Đóng gói kỹ
3843,1926,21,3,
3844,1927,3,1,Đóng gói kỹ
3845,1928,5,2,
3846,1928,6,2,Ít cay
3847,1928,4,3,Đóng gói kỹ
3848,1929,22,3,Đóng gói kỹ
3849,1930,7,2,Nhiều hành
3850,1930,9,3,
3851,1930,8,1,
3852,1931,11,2,
3853,1931,12,2,
3854,1931,10,3,
3855,1932,19,1,Đóng gói kỹ
3856,1932,21,1,
3857,1932,20,1,
3858,1933,10,1,Đóng gói kỹ
3859,1934,8,1,
3860,1934,9,3,Đóng gói kỹ
3861,1934,7,2,
3862,1935,24,2,
3863,1935,23,2,Đóng gói kỹ
3864,1935,22,3,
3865,1936,19,2,
3866,1936,21,1,
3867,1937,16,3,Nhiều hành
3868,1938,1,2,
3869,1938,3,3,
3870,1939,28,3,
3871,1940,7,1,
3872,1941,14,1,
3873,1941,13,1,Nhiều hành
3874,1941,15,1,
3875,1942,24,3,Ít cay
3876,1942,22,2,
3877,1942,23,3,
3878,1943,13,3,Nhiều hành
3879,1943,14,2,
3880,1943,15,2,
3881,1944,23,2,Nhiều hành
3882,1945,3,3,
3883,1945,1,3,Đóng gói kỹ
3884,1946,25,1,Đóng gói kỹ
3885,1946,27,2,
3886,1947,22,2,
3887,1948,10,2,
3888,1948,12,3,Ít cay
3889,1948,11,2,
3890,1949,2,3,
3891,1949,1,1,Nhiều hành
3892,1950,5,3,
3893,1950,4,1,Ít cay
3894,1951,19,3,
3895,1952,30,3,Đóng gói kỹ
3896,1952,28,3,Ít cay
3897,1953,8,3,Đóng gói kỹ
3898,1954,9,1,
3899,1954,7,3,
3900,1955,13,2,
3901,1955,15,3,
3902,1955,14,1,Đóng gói kỹ
3903,1956,16,2,
3904,1957,29,2,Ít cay
3905,1958,2,3,Đóng gói kỹ
3906,1958,3,1,
3907,1958,1,1,
3908,1959,12,2,Nhiều hành
3909,1959,11,2,Nhiều hành
3910,1959,10,3,
3911,1960,20,2,Nhiều hành
3912,1961,12,1,Đóng gói kỹ
3913,1961,11,1,Nhiều hành
3914,1961,10,3,
3915,1962,14,1,Ít cay
3916,1963,14,1,
3917,1964,25,3,
3918,1964,27,2,Ít cay
3919,1965,5,1,
3920,1965,6,2,
3921,1965,4,2,Ít cay
3922,1966,23,1,
3923,1967,29,3,Đóng gói kỹ
3924,1967,28,3,
3925,1968,24,1,Ít cay
3926,1969,10,1,
3927,1969,12,3,
3928,1970,12,1,Đóng gói kỹ
3929,1970,10,1,
3930,1970,11,3,Nhiều hành
3931,1971,6,3,Ít cay
3932,1971,5,1,
3933,1972,20,3,Ít cay
3934,1972,19,1,
3935,1972,21,2,
3936,1973,7,3,
3937,1974,3,1,
3938,1974,1,1,Đóng gói kỹ
3939,1974,2,1,
3940,1975,2,2,Đóng gói kỹ
3941,1975,1,2,
3942,1976,24,3,
3943,1976,23,1,Nhiều hành
3944,1976,22,3,Ít cay
3945,1977,21,1,
3946,1977,19,1,Ít cay
3947,1978,14,3,
3948,1978,13,1,
3949,1978,15,1,
3950,1979,10,1,
3951,1979,12,2,
3952,1980,26,1,
3953,1980,27,2,Đóng gói kỹ
3954,1980,25,3,
3955,1981,27,1,
3956,1982,13,2,
3957,1983,3,3,
3958,1983,1,1,Ít cay
3959,1984,21,2,
3960,1985,25,3,
3961,1986,23,1,Đóng gói kỹ
3962,1986,24,3,Nhiều hành
3963,1987,24,2,Ít cay
3964,1987,23,3,
3965,1987,22,1,
3966,1988,2,1,
3967,1989,7,1,
3968,1990,30,3,Ít cay
3969,1990,29,3,
3970,1990,28,3,Ít cay
3971,1991,9,1,Đóng gói kỹ
3972,1991,8,1,Ít cay
3973,1992,2,2,
3974,1992,1,2,
3975,1993,27,3,
3976,1994,15,1,Đóng gói kỹ
3977,1994,13,1,Đóng gói kỹ
3978,1995,26,2,Ít cay
3979,1996,12,1,Nhiều hành
3980,1996,10,2,
3981,1997,13,3,
3982,1997,14,1,
3983,1998,2,1,Đóng gói kỹ
3984,1998,1,1,
3985,1999,18,2,Đóng gói kỹ
3986,1999,16,1,
3987,2000,26,1,
3988,2001,6,3,
3989,2001,5,2,Ít cay
3990,2001,4,1,
3991,2002,9,2,
3992,2003,29,1,Đóng gói kỹ
3993,2003,30,3,Nhiều hành
3994,2004,9,1,
3995,2004,8,2,
3996,2005,12,3,
3997,2005,11,3,
3998,2005,10,3,
3999,2006,24,2,Nhiều hành
4000,2006,22,2,
4001,2007,22,3,
4002,2007,23,1,Ít cay
4003,2007,24,3,Ít cay
4004,2008,15,2,Nhiều hành
4005,2009,23,1,Nhiều hành
4006,2010,10,2,
4007,2011,6,1,Đóng gói kỹ
4008,2011,4,2,Ít cay
4009,2012,12,3,
4010,2012,11,1,Nhiều hành
4011,2012,10,1,
4012,2013,9,3,
4013,2013,8,2,Nhiều hành
4014,2014,15,2,Ít cay
4015,2015,5,1,Đóng gói kỹ
4016,2016,25,3,
4017,2016,27,2,Nhiều hành
4018,2016,26,2,
4019,2017,4,1,Ít cay
4020,2017,6,2,
4021,2018,12,3,Ít cay
4022,2018,11,3,
4023,2018,10,2,
4024,2019,19,2,Nhiều hành
4025,2019,20,3,Nhiều hành
4026,2019,21,2,Ít cay
4027,2020,4,3,Đóng gói kỹ
4028,2020,5,2,
4029,2021,21,1,
4030,2022,18,2,
4031,2022,16,2,Ít cay
4032,2023,16,3,Ít cay
4033,2023,17,3,Nhiều hành
4034,2024,25,3,
4035,2025,11,3,
4036,2025,12,2,
4037,2025,10,2,
4038,2026,26,1,
4039,2026,27,2,
4040,2026,25,1,Ít cay
4041,2027,12,1,
4042,2028,28,2,
4043,2029,25,2,Đóng gói kỹ
4044,2029,27,2,
4045,2029,26,1,Đóng gói kỹ
4046,2030,24,3,
4047,2030,22,2,
4048,2030,23,2,
4049,2031,28,3,
4050,2031,29,2,
4051,2032,12,2,
4052,2032,10,2,
4053,2033,19,3,Nhiều hành
4054,2033,20,3,Đóng gói kỹ
4055,2034,24,1,
4056,2034,22,2,Đóng gói kỹ
4057,2034,23,1,Đóng gói kỹ
4058,2035,23,1,
4059,2035,24,2,Ít cay
4060,2035,22,3,
4061,2036,23,1,Nhiều hành
4062,2037,3,2,
4063,2038,9,3,
4064,2038,8,3,
4065,2039,15,2,
4066,2040,19,2,Đóng gói kỹ
4067,2040,20,3,
4068,2041,7,1,
4069,2041,8,2,Nhiều hành
4070,2042,27,3,Ít cay
4071,2043,9,2,Đóng gói kỹ
4072,2043,8,2,
4073,2044,11,1,
4074,2044,10,3,Đóng gói kỹ
4075,2045,11,1,
4076,2046,7,1,
4077,2046,8,2,Đóng gói kỹ
4078,2046,9,2,Đóng gói kỹ
4079,2047,10,3,
4080,2047,12,1,
4081,2048,4,1,
4082,2048,5,3,Nhiều hành
4083,2048,6,2,
4084,2049,19,1,
4085,2049,21,2,
4086,2050,18,2,
4087,2051,5,3,
4088,2052,24,3,Nhiều hành
4089,2052,23,3,Ít cay
4090,2052,22,3,Đóng gói kỹ
4091,2053,5,3,
4092,2054,3,1,
4093,2054,2,3,
4094,2054,1,1,Đóng gói kỹ
4095,2055,17,1,
4096,2056,11,3,Ít cay
4097,2056,12,1,
4098,2057,6,2,
4099,2057,4,3,Nhiều hành
4100,2057,5,2,Nhiều hành
4101,2058,27,1,Ít cay
4102,2058,26,1,
4103,2059,27,2,Đóng gói kỹ
4104,2060,2,2,Ít cay
4105,2061,4,2,Nhiều hành
4106,2062,7,3,
4107,2062,9,3,Ít cay
4108,2063,20,2,
4109,2063,19,2,
4110,2064,1,1,
4111,2064,2,2,
4112,2064,3,2,
4113,2065,27,2,
4114,2065,25,3,Ít cay
4115,2066,10,2,
4116,2066,12,1,Ít cay
4117,2066,11,1,Ít cay
4118,2067,1,2,
4119,2067,2,1,Nhiều hành
4120,2067,3,3,
4121,2068,29,3,
4122,2069,19,1,
4123,2069,20,3,Đóng gói kỹ
4124,2070,25,3,Ít cay
4125,2071,7,1,Đóng gói kỹ
4126,2071,8,3,
4127,2072,21,1,
4128,2073,17,3,
4129,2073,18,2,
4130,2073,16,3,
4131,2074,22,1,Nhiều hành
4132,2075,6,1,Nhiều hành
4133,2076,6,3,Nhiều hành
4134,2076,5,3,
4135,2076,4,2,
4136,2077,27,3,
4137,2078,15,2,
4138,2078,13,3,Ít cay
4139,2078,14,3,Nhiều hành
4140,2079,10,3,
4141,2079,12,1,
4142,2079,11,1,
4143,2080,3,3,Ít cay
4144,2081,30,2,
4145,2082,1,1,Đóng gói kỹ
4146,2083,19,3,
4147,2083,21,1,Nhiều hành
4148,2084,15,2,Đóng gói kỹ
4149,2084,13,2,
4150,2085,10,3,
4151,2085,12,2,
4152,2085,11,2,Ít cay
4153,2086,26,2,
4154,2087,2,2,Đóng gói kỹ
4155,2087,1,1,
4156,2088,14,3,
4157,2088,13,1,Nhiều hành
4158,2089,4,1,
4159,2089,6,2,Ít cay
4160,2090,22,1,
4161,2090,24,3,
4162,2091,2,2,
4163,2091,1,1,
4164,2092,23,3,
4165,2093,16,2,
4166,2093,18,3,Đóng gói kỹ
4167,2094,28,3,
4168,2095,23,1,Đóng gói kỹ
4169,2095,24,3,
4170,2096,26,1,Ít cay
4171,2096,27,2,Đóng gói kỹ
4172,2097,3,3,
4173,2098,23,1,
4174,2099,2,3,Nhiều hành
4175,2099,1,2,
4176,2100,23,3,Ít cay
4177,2101,15,2,
4178,2101,14,1,
4179,2101,13,3,
4180,2102,7,2,
4181,2103,13,2,
4182,2104,20,3,Ít cay
4183,2104,19,3,Ít cay
4184,2105,7,1,
4185,2105,9,3,
4186,2106,18,3,Đóng gói kỹ
4187,2106,17,3,Ít cay
4188,2106,16,2,
4189,2107,30,3,
4190,2107,29,3,
4191,2107,28,2,Ít cay
4192,2108,25,2,
4193,2109,9,3,Đóng gói kỹ
4194,2110,17,1,Nhiều hành
4195,2111,26,3,Ít cay
4196,2112,19,1,Nhiều hành
4197,2112,21,3,
4198,2112,20,1,
4199,2113,6,1,
4200,2113,5,3,
4201,2114,5,2,Nhiều hành
4202,2114,4,1,Đóng gói kỹ
4203,2114,6,3,
4204,2115,12,1,
4205,2115,10,3,
4206,2115,11,2,Nhiều hành
4207,2116,12,2,Nhiều hành
4208,2116,11,2,
4209,2116,10,3,
4210,2117,22,2,
4211,2117,23,2,Đóng gói kỹ
4212,2117,24,3,Ít cay
4213,2118,23,2,
4214,2119,7,2,Nhiều hành
4215,2120,2,1,Đóng gói kỹ
4216,2120,3,1,
4217,2121,7,1,Đóng gói kỹ
4218,2121,8,3,Nhiều hành
4219,2121,9,3,
4220,2122,8,1,
4221,2122,9,1,
4222,2122,7,3,
4223,2123,21,2,Ít cay
4224,2124,30,1,Nhiều hành
4225,2124,29,3,Đóng gói kỹ
4226,2124,28,3,Ít cay
4227,2125,4,3,Nhiều hành
4228,2125,5,1,Đóng gói kỹ
4229,2125,6,2,
4230,2126,26,3,
4231,2126,25,3,
4232,2126,27,3,
4233,2127,4,3,Nhiều hành
4234,2127,5,2,Đóng gói kỹ
4235,2127,6,3,Ít cay
4236,2128,30,1,Đóng gói kỹ
4237,2128,29,2,Nhiều hành
4238,2129,28,3,
4239,2129,29,1,
4240,2130,19,2,
4241,2130,20,3,
4242,2130,21,2,Nhiều hành
4243,2131,10,1,
4244,2131,12,1,
4245,2131,11,3,Đóng gói kỹ
4246,2132,18,2,
4247,2132,17,1,Nhiều hành
4248,2132,16,1,
4249,2133,10,2,Ít cay
4250,2133,12,2,Ít cay
4251,2133,11,3,
4252,2134,20,1,Đóng gói kỹ
4253,2134,21,2,
4254,2135,10,2,
4255,2136,26,1,Nhiều hành
4256,2136,25,1,Nhiều hành
4257,2137,24,2,Ít cay
4258,2137,23,1,Nhiều hành
4259,2137,22,1,Ít cay
4260,2138,8,1,Nhiều hành
4261,2139,18,1,
4262,2139,17,2,Nhiều hành
4263,2139,16,3,Nhiều hành
4264,2140,4,1,
4265,2140,6,2,
4266,2140,5,3,
4267,2141,19,2,
4268,2141,21,3,Đóng gói kỹ
4269,2142,19,2,Ít cay
4270,2143,19,1,Đóng gói kỹ
4271,2143,21,2,
4272,2144,26,3,Nhiều hành
4273,2144,27,2,
4274,2144,25,1,Đóng gói kỹ
4275,2145,20,2,
4276,2145,19,1,Ít cay
4277,2145,21,2,
4278,2146,22,2,
4279,2146,23,2,Nhiều hành
4280,2147,4,2,
4281,2148,25,2,Ít cay
4282,2149,28,1,Nhiều hành
4283,2149,30,3,
4284,2149,29,3,
4285,2150,16,1,Ít cay
4286,2151,11,1,Nhiều hành
4287,2151,12,3,
4288,2152,18,1,
4289,2152,16,3,Đóng gói kỹ
4290,2152,17,2,
4291,2153,16,1,Nhiều hành
4292,2153,18,3,
4293,2153,17,1,Đóng gói kỹ
4294,2154,5,3,
4295,2155,16,1,
4296,2155,17,3,Ít cay
4297,2155,18,1,Nhiều hành
4298,2156,5,2,Đóng gói kỹ
4299,2157,26,2,
4300,2158,16,2,Ít cay
4301,2159,19,2,Đóng gói kỹ
4302,2160,5,1,Nhiều hành
4303,2161,8,1,
4304,2161,7,3,Ít cay
4305,2161,9,2,
4306,2162,11,1,Ít cay
4307,2162,12,3,Đóng gói kỹ
4308,2162,10,2,Đóng gói kỹ
4309,2163,15,3,Nhiều hành
4310,2163,13,2,Ít cay
4311,2164,4,3,
4312,2165,8,2,Ít cay
4313,2165,7,2,Ít cay
4314,2165,9,2,
4315,2166,16,2,
4316,2167,13,1,Nhiều hành
4317,2167,14,1,
4318,2168,24,1,Đóng gói kỹ
4319,2169,27,1,
4320,2169,25,3,Đóng gói kỹ
4321,2169,26,1,Ít cay
4322,2170,25,2,Ít cay
4323,2170,26,1,
4324,2171,1,3,
4325,2172,24,2,
4326,2173,4,3,
4327,2173,5,1,Đóng gói kỹ
4328,2174,25,3,
4329,2175,29,1,
4330,2175,30,3,
4331,2175,28,3,
4332,2176,20,3,
4333,2177,8,1,
4334,2177,7,3,
4335,2178,15,3,Đóng gói kỹ
4336,2178,13,1,
4337,2178,14,3,
4338,2179,13,3,
4339,2180,24,2,Nhiều hành
4340,2181,2,3,Nhiều hành
4341,2182,26,1,
4342,2183,30,3,
4343,2184,15,1,Đóng gói kỹ
4344,2185,8,3,Ít cay
4345,2186,15,2,
4346,2186,13,2,Ít cay
4347,2187,30,2,Đóng gói kỹ
4348,2188,19,3,Ít cay
4349,2188,20,3,Ít cay
4350,2189,4,2,
4351,2189,6,3,
4352,2190,27,2,Ít cay
4353,2191,21,2,
4354,2191,20,1,
4355,2191,19,3,Ít cay
4356,2192,13,3,Nhiều hành
4357,2193,20,2,
4358,2193,19,1,
4359,2194,15,2,Nhiều hành
4360,2195,27,1,
4361,2195,25,3,Đóng gói kỹ
4362,2195,26,3,Ít cay
4363,2196,24,1,Ít cay
4364,2196,23,3,
4365,2196,22,2,
4366,2197,12,1,Đóng gói kỹ
4367,2198,18,1,
4368,2199,12,1,
4369,2200,11,3,
4370,2200,12,2,
4371,2201,29,3,
4372,2201,30,3,Ít cay
4373,2201,28,1,
4374,2202,28,1,
4375,2202,30,1,
4376,2202,29,1,Nhiều hành
4377,2203,6,2,Ít cay
4378,2203,4,3,
4379,2204,1,1,
4380,2204,3,2,Ít cay
4381,2204,2,3,Ít cay
4382,2205,21,3,
4383,2205,20,2,
4384,2205,19,2,Đóng gói kỹ
4385,2206,18,1,
4386,2206,17,1,
4387,2206,16,2,
4388,2207,7,2,Ít cay
4389,2208,16,1,
4390,2209,6,1,Đóng gói kỹ
4391,2209,5,2,Nhiều hành
4392,2210,16,3,
4393,2211,16,2,
4394,2211,17,2,Nhiều hành
4395,2211,18,1,
4396,2212,5,1,
4397,2212,4,1,
4398,2213,13,3,Đóng gói kỹ
4399,2213,15,1,Đóng gói kỹ
4400,2214,12,1,Nhiều hành
4401,2214,11,1,Đóng gói kỹ
4402,2215,10,3,
4403,2216,4,2,Đóng gói kỹ
4404,2217,7,1,Đóng gói kỹ
4405,2217,9,2,Ít cay
4406,2218,13,3,Đóng gói kỹ
4407,2218,15,3,Đóng gói kỹ
4408,2219,14,2,
4409,2219,15,2,
4410,2220,18,1,
4411,2220,17,1,Ít cay
4412,2220,16,2,
4413,2221,2,3,
4414,2222,12,2,Ít cay
4415,2222,10,3,Đóng gói kỹ
4416,2223,13,2,Nhiều hành
4417,2223,14,1,
4418,2224,18,2,
4419,2225,2,2,
4420,2225,3,2,Ít cay
4421,2225,1,2,
4422,2226,30,3,Ít cay
4423,2226,29,3,Đóng gói kỹ
4424,2226,28,2,Đóng gói kỹ
4425,2227,6,1,Nhiều hành
4426,2228,5,3,
4427,2228,6,2,Ít cay
4428,2229,19,2,
4429,2230,4,2,
4430,2231,2,2,
4431,2231,1,2,
4432,2231,3,2,Ít cay
4433,2232,2,2,Ít cay
4434,2233,20,3,
4435,2234,1,2,Ít cay
4436,2235,24,3,
4437,2235,23,2,Nhiều hành
4438,2236,2,3,
4439,2236,3,2,Đóng gói kỹ
4440,2237,3,2,Đóng gói kỹ
4441,2238,30,3,Nhiều hành
4442,2239,19,3,
4443,2239,21,2,Đóng gói kỹ
4444,2240,3,3,Ít cay
4445,2241,20,1,
4446,2241,19,2,
4447,2242,22,3,
4448,2242,23,2,
4449,2243,10,2,
4450,2244,3,2,
4451,2244,2,2,
4452,2244,1,2,Nhiều hành
4453,2245,4,1,Đóng gói kỹ
4454,2245,6,2,Nhiều hành
4455,2246,28,1,Đóng gói kỹ
4456,2246,30,2,Đóng gói kỹ
4457,2247,27,1,
4458,2247,26,3,Ít cay
4459,2247,25,3,Đóng gói kỹ
4460,2248,27,1,
4461,2248,26,2,Nhiều hành
4462,2249,3,3,
4463,2249,1,1,Ít cay
4464,2250,9,2,Ít cay
4465,2250,8,1,
4466,2250,7,2,Ít cay
4467,2251,28,2,Nhiều hành
4468,2252,24,2,Ít cay
4469,2253,8,3,Ít cay
4470,2253,7,2,
4471,2253,9,3,
4472,2254,25,3,Đóng gói kỹ
4473,2255,15,3,
4474,2256,28,1,
4475,2256,29,2,Ít cay
4476,2256,30,3,
4477,2257,8,2,Đóng gói kỹ
4478,2257,9,3,
4479,2258,16,2,
4480,2258,18,3,
4481,2258,17,1,
4482,2259,27,1,Đóng gói kỹ
4483,2260,30,1,
4484,2260,28,2,Đóng gói kỹ
4485,2260,29,3,
4486,2261,23,3,Đóng gói kỹ
4487,2261,22,3,
4488,2262,3,2,
4489,2262,2,2,
4490,2262,1,3,
4491,2263,17,3,Ít cay
4492,2263,18,2,Ít cay
4493,2263,16,3,
4494,2264,17,2,
4495,2265,29,1,
4496,2265,28,1,
4497,2266,19,1,
4498,2266,20,1,Đóng gói kỹ
4499,2267,6,3,Ít cay
4500,2267,5,1,Nhiều hành
4501,2267,4,3,
4502,2268,22,3,Ít cay
4503,2269,19,2,
4504,2269,21,2,Đóng gói kỹ
4505,2269,20,1,
4506,2270,9,1,Đóng gói kỹ
4507,2270,8,3,
4508,2271,7,2,
4509,2271,9,3,Đóng gói kỹ
4510,2272,19,2,
4511,2273,5,1,
4512,2274,29,1,
4513,2274,30,1,Ít cay
4514,2275,23,2,
4515,2275,24,1,
4516,2275,22,2,Nhiều hành
4517,2276,7,3,
4518,2277,1,2,
4519,2277,3,1,Ít cay
4520,2278,17,1,
4521,2278,16,2,Đóng gói kỹ
4522,2279,12,2,
4523,2280,30,3,
4524,2280,29,3,Đóng gói kỹ
4525,2281,11,2,
4526,2282,28,2,Đóng gói kỹ
4527,2282,29,1,Đóng gói kỹ
4528,2282,30,3,Nhiều hành
4529,2283,21,1,
4530,2284,8,2,
4531,2284,9,3,Nhiều hành
4532,2284,7,1,Ít cay
4533,2285,3,2,Ít cay
4534,2285,1,1,
4535,2286,4,2,
4536,2286,5,1,
4537,2286,6,1,Ít cay
4538,2287,8,3,Đóng gói kỹ
4539,2287,9,3,
4540,2288,6,2,
4541,2289,15,3,Ít cay
4542,2289,14,2,
4543,2290,17,1,Nhiều hành
4544,2290,16,2,
4545,2291,4,3,Ít cay
4546,2291,6,1,Ít cay
4547,2292,27,1,
4548,2292,26,2,
4549,2292,25,3,Ít cay
4550,2293,16,2,Nhiều hành
4551,2293,17,2,
4552,2294,28,1,
4553,2295,11,3,Nhiều hành
4554,2296,2,2,
4555,2297,20,2,
4556,2297,21,1,Nhiều hành
4557,2298,18,1,Đóng gói kỹ
4558,2298,17,3,Đóng gói kỹ
4559,2298,16,2,
4560,2299,30,3,
4561,2300,19,1,Ít cay
4562,2300,21,1,Nhiều hành
4563,2301,7,3,
4564,2302,19,2,
4565,2302,20,1,
4566,2302,21,2,
4567,2303,4,3,
4568,2304,20,1,Đóng gói kỹ
4569,2305,30,3,
4570,2305,28,1,Ít cay
4571,2305,29,2,
4572,2306,21,1,
4573,2306,20,2,Đóng gói kỹ
4574,2306,19,3,Ít cay
4575,2307,24,3,Đóng gói kỹ
4576,2307,23,3,Đóng gói kỹ
4577,2308,4,2,Đóng gói kỹ
4578,2308,6,1,Ít cay
4579,2308,5,2,
4580,2309,20,1,
4581,2309,21,2,Ít cay
4582,2310,6,3,
4583,2310,4,1,
4584,2311,20,1,
4585,2311,21,3,
4586,2311,19,2,
4587,2312,29,1,Đóng gói kỹ
4588,2312,28,3,Nhiều hành
4589,2312,30,3,
4590,2313,5,3,Đóng gói kỹ
4591,2313,6,1,Ít cay
4592,2313,4,1,
4593,2314,1,1,
4594,2314,3,1,Ít cay
4595,2315,6,2,
4596,2316,27,2,Đóng gói kỹ
4597,2316,26,1,Nhiều hành
4598,2316,25,2,Nhiều hành
4599,2317,8,2,
4600,2317,7,3,Nhiều hành
4601,2318,1,1,Đóng gói kỹ
4602,2318,2,1,Ít cay
4603,2319,28,1,Nhiều hành
4604,2319,29,3,Ít cay
4605,2320,23,2,Ít cay
4606,2320,24,1,Ít cay
4607,2320,22,2,Nhiều hành
4608,2321,5,2,
4609,2321,4,2,
4610,2321,6,1,
4611,2322,22,3,
4612,2322,23,1,
4613,2322,24,2,
4614,2323,21,2,Nhiều hành
4615,2324,18,1,
4616,2324,16,3,
4617,2325,19,2,Nhiều hành
4618,2325,20,1,
4619,2326,27,3,
4620,2327,13,2,Nhiều hành
4621,2327,15,2,
4622,2328,28,1,Ít cay
4623,2328,30,2,
4624,2329,11,3,Đóng gói kỹ
4625,2329,10,1,
4626,2330,16,1,
4627,2330,18,2,
4628,2330,17,3,
4629,2331,9,3,
4630,2331,8,1,
4631,2331,7,3,Nhiều hành
4632,2332,20,3,
4633,2333,9,2,
4634,2333,7,2,
4635,2334,7,1,Ít cay
4636,2334,9,2,Ít cay
4637,2334,8,2,Nhiều hành
4638,2335,17,1,
4639,2336,20,1,
4640,2337,5,2,
4641,2338,23,1,
4642,2338,22,3,
4643,2339,23,1,
4644,2339,24,1,
4645,2339,22,2,
4646,2340,6,3,Nhiều hành
4647,2341,1,2,Nhiều hành
4648,2341,2,1,
4649,2342,26,3,
4650,2342,27,3,Nhiều hành
4651,2343,6,2,Đóng gói kỹ
4652,2343,5,2,
4653,2344,25,2,Nhiều hành
4654,2344,26,1,Nhiều hành
4655,2344,27,2,
4656,2345,24,3,
4657,2345,23,3,Đóng gói kỹ
4658,2345,22,2,Ít cay
4659,2346,10,3,
4660,2347,18,1,Đóng gói kỹ
4661,2347,17,2,
4662,2348,12,2,
4663,2348,10,3,Ít cay
4664,2349,27,3,
4665,2349,25,3,Đóng gói kỹ
4666,2349,26,1,Đóng gói kỹ
4667,2350,24,3,
4668,2350,22,1,Đóng gói kỹ
4669,2350,23,3,
4670,2351,28,1,
4671,2352,13,2,
4672,2352,15,3,Nhiều hành
4673,2352,14,1,
4674,2353,17,3,Nhiều hành
4675,2353,18,2,
4676,2353,16,1,Ít cay
4677,2354,23,2,
4678,2355,16,1,
4679,2356,19,3,Đóng gói kỹ
4680,2357,23,3,
4681,2357,24,3,
4682,2357,22,3,Ít cay
4683,2358,5,2,Nhiều hành
4684,2358,4,1,
4685,2358,6,2,
4686,2359,25,1,Nhiều hành
4687,2359,26,1,
4688,2359,27,2,Ít cay
4689,2360,27,3,Đóng gói kỹ
4690,2361,17,2,
4691,2361,16,2,
4692,2361,18,1,Ít cay
4693,2362,15,3,
4694,2362,13,2,
4695,2362,14,2,
4696,2363,2,1,
4697,2363,1,2,Đóng gói kỹ
4698,2364,16,1,Đóng gói kỹ
4699,2364,17,1,Nhiều hành
4700,2365,30,1,Ít cay
4701,2366,4,3,Nhiều hành
4702,2366,5,1,Ít cay
4703,2367,4,3,Nhiều hành
4704,2367,5,1,Ít cay
4705,2367,6,2,Ít cay
4706,2368,30,2,Nhiều hành
4707,2368,29,1,
4708,2368,28,3,Đóng gói kỹ
4709,2369,3,1,Nhiều hành
4710,2370,20,1,Đóng gói kỹ
4711,2370,19,3,Ít cay
4712,2370,21,3,Đóng gói kỹ
4713,2371,26,1,Đóng gói kỹ
4714,2371,25,2,Ít cay
4715,2372,8,3,
4716,2372,7,1,
4717,2373,5,2,
4718,2374,7,3,Đóng gói kỹ
4719,2374,9,2,
4720,2374,8,3,
4721,2375,14,1,Đóng gói kỹ
4722,2375,13,2,
4723,2375,15,1,
4724,2376,15,1,
4725,2377,4,3,
4726,2377,5,2,
4727,2377,6,1,
4728,2378,23,2,
4729,2378,22,3,Nhiều hành
4730,2378,24,1,Đóng gói kỹ
4731,2379,7,3,
4732,2379,9,2,Ít cay
4733,2379,8,3,Ít cay
4734,2380,25,3,Nhiều hành
4735,2380,26,1,Ít cay
4736,2381,1,3,
4737,2381,2,2,
4738,2381,3,3,
4739,2382,20,1,
4740,2382,19,2,Đóng gói kỹ
4741,2383,15,3,Nhiều hành
4742,2383,13,1,
4743,2384,27,2,Đóng gói kỹ
4744,2384,26,2,
4745,2384,25,3,
4746,2385,11,3,Ít cay
4747,2385,12,3,Đóng gói kỹ
4748,2386,1,3,Ít cay
4749,2386,3,3,
4750,2387,1,1,Đóng gói kỹ
4751,2388,7,1,
4752,2388,9,2,Nhiều hành
4753,2389,10,2,Nhiều hành
4754,2389,11,3,Đóng gói kỹ
4755,2389,12,1,Ít cay
4756,2390,21,3,Nhiều hành
4757,2390,19,2,
4758,2390,20,1,Nhiều hành
4759,2391,10,2,Ít cay
4760,2391,12,2,
4761,2391,11,2,Đóng gói kỹ
4762,2392,29,1,
4763,2392,28,3,
4764,2393,6,1,
4765,2394,6,1,
4766,2394,4,2,
4767,2394,5,2,Ít cay
4768,2395,27,3,Đóng gói kỹ
4769,2396,30,3,
4770,2396,28,2,Đóng gói kỹ
4771,2397,7,1,
4772,2397,8,3,Ít cay
4773,2397,9,3,Đóng gói kỹ
4774,2398,25,3,
4775,2398,26,1,
4776,2399,3,3,
4777,2400,24,1,
4778,2401,10,2,
4779,2401,12,3,Đóng gói kỹ
4780,2402,7,2,
4781,2402,9,2,
4782,2402,8,1,
4783,2403,15,3,
4784,2403,13,1,
4785,2403,14,1,Đóng gói kỹ
4786,2404,15,2,
4787,2404,13,1,
4788,2404,14,3,
4789,2405,4,1,Nhiều hành
4790,2405,5,1,
4791,2406,16,1,Đóng gói kỹ
4792,2406,17,3,
4793,2407,10,1,
4794,2407,12,2,
4795,2408,1,1,Nhiều hành
4796,2408,2,2,
4797,2409,11,2,Ít cay
4798,2409,12,3,Nhiều hành
4799,2409,10,3,
4800,2410,19,3,Nhiều hành
4801,2410,21,1,Đóng gói kỹ
4802,2410,20,3,Nhiều hành
4803,2411,10,2,Nhiều hành
4804,2411,12,2,
4805,2412,15,2,
4806,2412,14,1,
4807,2412,13,3,
4808,2413,6,1,Ít cay
4809,2414,21,2,
4810,2415,27,2,
4811,2415,25,3,
4812,2415,26,1,Đóng gói kỹ
4813,2416,12,3,
4814,2417,20,1,
4815,2417,19,1,
4816,2418,20,1,Nhiều hành
4817,2418,21,3,
4818,2419,29,3,Đóng gói kỹ
4819,2420,18,3,
4820,2420,16,1,
4821,2421,3,2,
4822,2421,1,3,
4823,2421,2,1,Đóng gói kỹ
4824,2422,16,3,
4825,2422,17,3,
4826,2423,17,3,
4827,2423,18,1,Ít cay
4828,2423,16,2,Đóng gói kỹ
4829,2424,13,2,
4830,2424,15,1,
4831,2424,14,3,Nhiều hành
4832,2425,11,1,Ít cay
4833,2425,12,3,Nhiều hành
4834,2425,10,2,Đóng gói kỹ
4835,2426,1,2,Ít cay
4836,2426,2,2,
4837,2427,5,1,Nhiều hành
4838,2427,4,2,
4839,2427,6,2,
4840,2428,17,3,Ít cay
4841,2428,18,1,Ít cay
4842,2429,27,1,Đóng gói kỹ
4843,2429,26,3,Đóng gói kỹ
4844,2429,25,2,Ít cay
4845,2430,26,1,
4846,2430,25,2,
4847,2431,22,1,Đóng gói kỹ
4848,2431,23,1,
4849,2432,19,3,
4850,2432,21,1,
4851,2433,27,3,Ít cay
4852,2433,25,3,Nhiều hành
4853,2433,26,3,
4854,2434,11,3,
4855,2435,15,3,Đóng gói kỹ
4856,2436,30,2,
4857,2436,28,2,Đóng gói kỹ
4858,2436,29,2,Nhiều hành
4859,2437,15,2,
4860,2437,13,1,
4861,2437,14,1,Ít cay
4862,2438,21,2,Đóng gói kỹ
4863,2438,20,2,
4864,2439,8,2,
4865,2439,9,3,
4866,2440,27,2,
4867,2441,9,2,
4868,2442,18,3,
4869,2442,17,2,Nhiều hành
4870,2443,2,3,Đóng gói kỹ
4871,2443,3,1,Nhiều hành
4872,2443,1,1,Đóng gói kỹ
4873,2444,22,2,
4874,2445,26,1,Đóng gói kỹ
4875,2445,25,2,
4876,2445,27,3,Đóng gói kỹ
4877,2446,9,2,Ít cay
4878,2446,8,1,Ít cay
4879,2446,7,2,Đóng gói kỹ
4880,2447,6,3,
4881,2447,4,1,Ít cay
4882,2447,5,2,Đóng gói kỹ
4883,2448,24,3,Nhiều hành
4884,2449,11,2,
4885,2449,12,3,Đóng gói kỹ
4886,2449,10,2,Nhiều hành
4887,2450,7,2,Nhiều hành
4888,2450,8,2,
4889,2451,25,2,Ít cay
4890,2451,27,3,
4891,2451,26,2,Ít cay
4892,2452,17,3,
4893,2452,16,1,
4894,2453,20,2,Nhiều hành
4895,2454,14,3,
4896,2454,15,1,Đóng gói kỹ
4897,2454,13,2,
4898,2455,10,2,
4899,2455,12,1,Đóng gói kỹ
4900,2455,11,2,
4901,2456,10,3,Đóng gói kỹ
4902,2456,12,1,
4903,2456,11,2,Nhiều hành
4904,2457,16,1,
4905,2457,17,2,
4906,2458,22,1,Nhiều hành
4907,2458,24,3,
4908,2458,23,3,
4909,2459,30,1,Ít cay
4910,2460,14,3,
4911,2461,24,3,
4912,2461,23,1,
4913,2461,22,2,
4914,2462,1,1,
4915,2462,2,1,Đóng gói kỹ
4916,2463,5,2,Ít cay
4917,2464,6,1,Đóng gói kỹ
4918,2464,4,2,
4919,2464,5,3,
4920,2465,8,3,
4921,2466,11,1,Đóng gói kỹ
4922,2466,10,2,
4923,2466,12,3,Đóng gói kỹ
4924,2467,18,3,
4925,2468,4,1,Đóng gói kỹ
4926,2468,6,2,
4927,2468,5,2,
4928,2469,15,1,
4929,2469,14,1,Ít cay
4930,2470,4,2,Đóng gói kỹ
4931,2470,5,1,Nhiều hành
4932,2471,7,2,
4933,2472,26,2,Nhiều hành
4934,2472,25,3,Nhiều hành
4935,2472,27,3,
4936,2473,23,3,
4937,2473,22,2,
4938,2473,24,1,Nhiều hành
4939,2474,19,3,Ít cay
4940,2474,21,1,Đóng gói kỹ
4941,2474,20,3,Nhiều hành
4942,2475,1,3,
4943,2475,3,3,
4944,2476,7,2,Đóng gói kỹ
4945,2476,8,1,Nhiều hành
4946,2476,9,1,
4947,2477,24,1,
4948,2477,22,2,
4949,2477,23,3,
4950,2478,13,1,Ít cay
4951,2478,15,2,Ít cay
4952,2478,14,1,Nhiều hành
4953,2479,14,3,
4954,2479,15,3,
4955,2480,3,2,Đóng gói kỹ
4956,2480,1,1,
4957,2480,2,2,Ít cay
4958,2481,4,1,Đóng gói kỹ
4959,2481,6,2,
4960,2482,24,2,Nhiều hành
4961,2482,23,2,
4962,2482,22,1,Nhiều hành
4963,2483,16,3,
4964,2483,18,3,Đóng gói kỹ
4965,2484,2,1,
4966,2484,3,2,
4967,2484,1,1,
4968,2485,30,3,Nhiều hành
4969,2485,29,2,
4970,2485,28,1,Nhiều hành
4971,2486,21,3,Nhiều hành
4972,2486,20,2,Đóng gói kỹ
4973,2486,19,1,Ít cay
4974,2487,8,3,Ít cay
4975,2488,21,2,
4976,2488,19,2,
4977,2489,3,3,
4978,2489,1,2,
4979,2489,2,3,Đóng gói kỹ
4980,2490,3,2,
4981,2491,17,1,
4982,2491,16,3,Ít cay
4983,2491,18,1,
4984,2492,5,3,Đóng gói kỹ
4985,2492,6,2,Nhiều hành
4986,2493,8,3,
4987,2493,7,1,
4988,2494,20,3,
4989,2494,21,3,Nhiều hành
4990,2495,5,2,
4991,2495,6,3,Đóng gói kỹ
4992,2496,29,2,Đóng gói kỹ
4993,2497,9,2,
4994,2498,2,2,
4995,2499,22,2,Ít cay
4996,2499,24,2,
4997,2499,23,3,Ít cay
4998,2500,26,2,
4999,2500,25,3,
5000,2501,23,1,
5001,2502,15,3,Ít cay
5002,2502,14,3,Nhiều hành
5003,2503,8,2,
5004,2503,7,1,Đóng gói kỹ
5005,2503,9,1,Ít cay
5006,2504,24,2,
5007,2504,23,2,Nhiều hành
5008,2504,22,1,Ít cay
5009,2505,2,1,
5010,2505,1,1,
5011,2505,3,2,Nhiều hành
5012,2506,30,1,
5013,2507,16,3,
5014,2508,22,2,
5015,2508,24,2,Đóng gói kỹ
5016,2509,24,1,
5017,2510,20,2,
5018,2511,30,2,
5019,2512,18,3,
5020,2513,15,2,
5021,2513,14,3,
5022,2513,13,2,
5023,2514,30,2,
5024,2515,15,2,
5025,2515,14,3,
5026,2515,13,1,Ít cay
5027,2516,19,2,Đóng gói kỹ
5028,2516,20,1,
5029,2516,21,2,
5030,2517,9,2,
5031,2517,7,3,
5032,2517,8,3,
5033,2518,28,1,Đóng gói kỹ
5034,2518,30,2,
5035,2519,21,2,Nhiều hành
5036,2519,19,1,Ít cay
5037,2520,22,3,
5038,2520,24,1,Ít cay
5039,2520,23,1,Đóng gói kỹ
5040,2521,22,3,Đóng gói kỹ
5041,2522,20,1,Đóng gói kỹ
5042,2522,19,1,Ít cay
5043,2523,8,3,
5044,2523,7,1,
5045,2524,14,2,Ít cay
5046,2524,15,2,Đóng gói kỹ
5047,2525,24,1,
5048,2525,22,2,
5049,2525,23,2,Nhiều hành
5050,2526,20,2,
5051,2527,27,1,
5052,2527,25,1,
5053,2528,6,2,Ít cay
5054,2528,5,2,
5055,2528,4,1,
5056,2529,8,3,Đóng gói kỹ
5057,2530,16,2,
5058,2530,18,2,Ít cay
5059,2530,17,1,
5060,2531,18,2,Đóng gói kỹ
5061,2532,8,1,Nhiều hành
5062,2533,8,1,Đóng gói kỹ
5063,2533,9,3,
5064,2534,30,2,
5065,2534,28,1,Ít cay
5066,2534,29,2,
5067,2535,8,1,Nhiều hành
5068,2535,9,2,Ít cay
5069,2536,13,3,Ít cay
5070,2536,14,2,Ít cay
5071,2537,28,1,Nhiều hành
5072,2537,30,3,
5073,2538,13,3,
5074,2538,15,3,
5075,2538,14,3,
5076,2539,25,2,Đóng gói kỹ
5077,2539,27,2,
5078,2540,20,2,
5079,2540,21,3,
5080,2540,19,2,
5081,2541,17,2,
5082,2541,18,1,Đóng gói kỹ
5083,2541,16,2,Ít cay
5084,2542,10,2,
5085,2542,12,3,
5086,2543,1,1,
5087,2543,3,3,
5088,2544,17,2,
5089,2545,9,3,
5090,2545,8,3,
5091,2546,14,3,
5092,2547,2,1,Ít cay
5093,2547,3,1,
5094,2547,1,1,
5095,2548,4,3,Nhiều hành
5096,2548,6,1,Đóng gói kỹ
5097,2548,5,1,
5098,2549,30,1,
5099,2550,3,2,
5100,2550,2,2,
5101,2550,1,1,
5102,2551,15,3,Ít cay
5103,2551,14,2,
5104,2552,6,2,
5105,2552,5,1,
5106,2553,19,1,Nhiều hành
5107,2554,12,2,
5108,2554,11,1,
5109,2555,22,3,Nhiều hành
5110,2555,24,3,
5111,2555,23,1,
5112,2556,1,1,Nhiều hành
5113,2557,24,3,Nhiều hành
5114,2558,20,2,Nhiều hành
5115,2558,19,3,Nhiều hành
5116,2559,25,1,
5117,2559,26,2,
5118,2560,3,2,
5119,2561,14,1,
5120,2562,12,1,
5121,2563,1,2,Đóng gói kỹ
5122,2564,27,2,Ít cay
5123,2565,23,3,
5124,2566,18,2,Nhiều hành
5125,2566,16,1,
5126,2567,3,2,
5127,2567,1,2,
5128,2568,11,2,
5129,2568,10,1,Đóng gói kỹ
5130,2569,28,3,
5131,2569,29,2,
5132,2570,18,1,Đóng gói kỹ
5133,2570,17,3,
5134,2570,16,2,Đóng gói kỹ
5135,2571,27,2,
5136,2571,25,3,Đóng gói kỹ
5137,2571,26,2,
5138,2572,9,1,Nhiều hành
5139,2572,8,3,
5140,2572,7,2,
5141,2573,25,2,Nhiều hành
5142,2573,27,2,Ít cay
5143,2573,26,1,Nhiều hành
5144,2574,17,1,
5145,2575,12,1,
5146,2576,19,2,
5147,2576,21,1,Đóng gói kỹ
5148,2576,20,3,Ít cay
5149,2577,17,2,
5150,2577,16,3,Ít cay
5151,2578,1,1,
5152,2579,8,3,Ít cay
5153,2579,9,1,Đóng gói kỹ
5154,2579,7,1,
5155,2580,5,3,
5156,2580,6,1,
5157,2580,4,2,
5158,2581,24,3,
5159,2581,23,2,
5160,2582,18,2,Nhiều hành
5161,2582,17,2,
5162,2583,28,3,
5163,2584,25,2,
5164,2584,26,2,Ít cay
5165,2584,27,2,
5166,2585,15,3,Đóng gói kỹ
5167,2585,13,3,
5168,2585,14,2,
5169,2586,28,1,
5170,2587,24,2,
5171,2587,22,1,Đóng gói kỹ
5172,2588,8,3,Ít cay
5173,2588,7,3,
5174,2589,4,2,Ít cay
5175,2589,5,2,Nhiều hành
5176,2590,24,2,
5177,2590,23,3,
5178,2590,22,3,
5179,2591,2,3,Ít cay
5180,2592,27,2,Đóng gói kỹ
5181,2593,5,3,
5182,2593,6,3,
5183,2594,22,2,
5184,2594,24,3,
5185,2594,23,3,Ít cay
5186,2595,28,1,
5187,2596,27,3,Ít cay
5188,2596,25,3,Ít cay
5189,2597,16,3,
5190,2597,17,1,Ít cay
5191,2598,26,3,Nhiều hành
5192,2599,30,3,Ít cay
5193,2599,29,2,
5194,2600,14,1,
5195,2600,13,2,Đóng gói kỹ
5196,2600,15,1,
5197,2601,3,1,Ít cay
5198,2601,2,3,
5199,2602,27,1,
5200,2603,7,2,
5201,2603,9,1,
5202,2604,8,1,
5203,2604,9,3,Ít cay
5204,2605,18,3,
5205,2605,16,2,Đóng gói kỹ
5206,2606,27,3,
5207,2606,25,3,
5208,2607,29,2,Ít cay
5209,2607,30,2,
5210,2608,24,1,
5211,2608,22,1,
5212,2609,5,1,
5213,2609,6,3,
5214,2610,3,1,Đóng gói kỹ
5215,2610,1,2,
5216,2611,26,2,
5217,2612,4,1,
5218,2612,5,2,
5219,2612,6,2,
5220,2613,13,1,
5221,2613,15,1,Đóng gói kỹ
5222,2614,30,3,Ít cay
5223,2615,21,2,Ít cay
5224,2615,20,2,
5225,2615,19,2,
5226,2616,29,1,
5227,2616,28,3,Đóng gói kỹ
5228,2617,28,2,
5229,2617,30,2,Đóng gói kỹ
5230,2618,9,3,Ít cay
5231,2619,27,2,
5232,2620,13,3,Đóng gói kỹ
5233,2620,14,3,
5234,2621,3,2,
5235,2621,2,1,Nhiều hành
5236,2622,25,3,
5237,2622,26,3,
5238,2623,8,3,
5239,2623,9,1,Ít cay
5240,2623,7,3,
5241,2624,5,1,Đóng gói kỹ
5242,2625,1,3,
5243,2625,3,3,
5244,2626,24,2,
5245,2626,23,3,
5246,2626,22,2,Đóng gói kỹ
5247,2627,25,1,
5248,2628,4,2,
5249,2628,5,2,
5250,2628,6,3,
5251,2629,22,1,
5252,2629,24,3,Đóng gói kỹ
5253,2630,12,2,
5254,2630,10,2,Ít cay
5255,2631,2,3,
5256,2631,3,3,Đóng gói kỹ
5257,2632,21,2,
5258,2632,20,3,
5259,2632,19,2,
5260,2633,17,2,Đóng gói kỹ
5261,2634,30,3,
5262,2635,6,1,
5263,2636,1,1,
5264,2636,3,2,Nhiều hành
5265,2636,2,3,Đóng gói kỹ
5266,2637,25,3,
5267,2637,26,2,
5268,2637,27,1,
5269,2638,23,1,Nhiều hành
5270,2638,24,2,
5271,2638,22,1,Đóng gói kỹ
5272,2639,8,1,Đóng gói kỹ
5273,2639,9,2,Nhiều hành
5274,2640,10,3,
5275,2641,19,2,Đóng gói kỹ
5276,2641,20,3,
5277,2642,12,2,Đóng gói kỹ
5278,2642,10,3,
5279,2643,5,1,
5280,2643,6,1,
5281,2644,8,1,
5282,2645,7,1,
5283,2645,9,3,Đóng gói kỹ
5284,2646,12,1,Nhiều hành
5285,2646,11,1,Đóng gói kỹ
5286,2647,14,1,
5287,2647,15,1,Nhiều hành
5288,2648,21,1,Nhiều hành
5289,2648,19,3,
5290,2648,20,3,
5291,2649,23,3,
5292,2650,9,2,Ít cay
5293,2650,8,2,
5294,2650,7,1,Nhiều hành
5295,2651,28,1,
5296,2651,29,1,
5297,2652,9,2,Nhiều hành
5298,2652,7,2,
5299,2652,8,2,Ít cay
5300,2653,30,2,
5301,2654,1,3,Nhiều hành
5302,2654,2,1,
5303,2654,3,2,
5304,2655,3,3,
5305,2655,2,2,
5306,2655,1,3,Nhiều hành
5307,2656,21,1,
5308,2656,19,3,
5309,2657,2,2,
5310,2657,1,2,Nhiều hành
5311,2657,3,2,
5312,2658,4,1,Nhiều hành
5313,2658,6,3,
5314,2659,20,2,
5315,2660,3,2,
5316,2660,2,1,
5317,2660,1,2,
5318,2661,1,2,Nhiều hành
5319,2661,3,3,
5320,2661,2,2,Đóng gói kỹ
5321,2662,6,2,Đóng gói kỹ
5322,2663,29,2,Nhiều hành
5323,2663,30,3,
5324,2663,28,1,
5325,2664,24,3,Nhiều hành
5326,2664,23,3,Đóng gói kỹ
5327,2664,22,3,Ít cay
5328,2665,11,3,
5329,2666,5,3,
5330,2666,6,3,Đóng gói kỹ
5331,2666,4,3,Đóng gói kỹ
5332,2667,13,1,
5333,2668,11,3,Ít cay
5334,2668,10,2,Ít cay
5335,2668,12,3,
5336,2669,9,1,
5337,2669,8,2,
5338,2669,7,3,Ít cay
5339,2670,30,2,Đóng gói kỹ
5340,2670,29,2,Nhiều hành
5341,2671,22,1,Ít cay
5342,2671,24,3,
5343,2671,23,1,Ít cay
5344,2672,25,1,
5345,2673,5,3,Ít cay
5346,2673,4,2,Nhiều hành
5347,2674,7,1,Đóng gói kỹ
5348,2675,8,3,
5349,2675,7,3,Đóng gói kỹ
5350,2675,9,2,Ít cay
5351,2676,22,2,
5352,2676,24,3,Nhiều hành
5353,2677,17,2,
5354,2677,16,3,Nhiều hành
5355,2678,17,2,Ít cay
5356,2678,18,3,Nhiều hành
5357,2679,25,1,Ít cay
5358,2679,27,1,
5359,2680,3,1,
5360,2681,6,3,
5361,2681,4,1,
5362,2681,5,3,Nhiều hành
5363,2682,28,2,Đóng gói kỹ
5364,2682,30,1,Đóng gói kỹ
5365,2683,25,2,
5366,2683,27,2,
5367,2684,2,1,Đóng gói kỹ
5368,2685,24,2,Đóng gói kỹ
5369,2685,23,3,
5370,2685,22,3,
5371,2686,27,2,Ít cay
5372,2687,2,3,Nhiều hành
5373,2687,3,3,
5374,2688,27,1,Nhiều hành
5375,2688,25,2,Ít cay
5376,2688,26,1,Nhiều hành
5377,2689,26,1,Nhiều hành
5378,2689,27,1,
5379,2689,25,3,
5380,2690,26,1,
5381,2690,25,1,
5382,2690,27,2,Nhiều hành
5383,2691,27,2,Nhiều hành
5384,2691,26,1,Nhiều hành
5385,2691,25,3,
5386,2692,13,3,
5387,2692,14,2,Nhiều hành
5388,2692,15,1,
5389,2693,3,2,Nhiều hành
5390,2693,2,3,
5391,2694,5,2,Ít cay
5392,2694,6,2,
5393,2695,25,1,
5394,2695,26,1,Ít cay
5395,2696,10,3,
5396,2696,11,1,
5397,2697,25,2,Nhiều hành
5398,2698,18,3,
5399,2699,11,3,
5400,2699,10,2,
5401,2699,12,2,
5402,2700,13,1,
5403,2700,15,2,
5404,2700,14,1,
5405,2701,23,1,
5406,2701,24,2,
5407,2701,22,3,
5408,2702,2,1,Đóng gói kỹ
5409,2702,3,2,Nhiều hành
5410,2703,18,3,
5411,2703,17,1,
5412,2703,16,3,
5413,2704,6,1,Ít cay
5414,2705,8,1,
5415,2705,7,1,
5416,2705,9,1,Nhiều hành
5417,2706,26,3,
5418,2706,25,2,Ít cay
5419,2706,27,2,Đóng gói kỹ
5420,2707,2,2,
5421,2708,24,1,
5422,2708,22,3,Nhiều hành
5423,2708,23,1,
5424,2709,10,3,
5425,2710,25,2,
5426,2710,26,2,
5427,2710,27,1,Ít cay
5428,2711,4,1,Ít cay
5429,2711,6,2,
5430,2711,5,1,
5431,2712,13,3,
5432,2712,14,2,
5433,2712,15,2,
5434,2713,9,3,Ít cay
5435,2714,11,3,
5436,2714,12,2,
5437,2715,20,1,Đóng gói kỹ
5438,2715,19,1,
5439,2716,4,3,
5440,2716,6,1,
5441,2716,5,1,
5442,2717,29,2,
5443,2717,28,1,Đóng gói kỹ
5444,2717,30,1,
5445,2718,4,1,Nhiều hành
5446,2718,6,2,Ít cay
5447,2718,5,1,Nhiều hành
5448,2719,28,1,
5449,2719,30,1,
5450,2720,12,2,
5451,2720,11,2,Ít cay
5452,2720,10,3,Đóng gói kỹ
5453,2721,28,3,
5454,2722,17,3,
5455,2722,16,2,
5456,2723,2,3,
5457,2724,26,2,Ít cay
5458,2724,27,2,Nhiều hành
5459,2725,21,1,
5460,2726,4,3,
5461,2727,3,1,
5462,2727,1,2,
5463,2727,2,2,
5464,2728,29,1,Nhiều hành
5465,2729,17,3,
5466,2729,16,2,
5467,2729,18,3,Nhiều hành
5468,2730,15,1,Đóng gói kỹ
5469,2730,14,3,Ít cay
5470,2731,18,1,
5471,2731,16,2,
5472,2731,17,3,Đóng gói kỹ
5473,2732,11,3,
5474,2732,10,1,Đóng gói kỹ
5475,2733,27,3,
5476,2733,26,2,Đóng gói kỹ
5477,2734,3,2,
5478,2735,29,3,
5479,2735,30,1,Đóng gói kỹ
5480,2735,28,1,Đóng gói kỹ
5481,2736,17,3,Đóng gói kỹ
5482,2737,8,2,
5483,2738,13,1,Nhiều hành
5484,2739,10,2,
5485,2739,12,3,
5486,2740,22,2,
5487,2741,23,2,
5488,2742,9,2,Ít cay
5489,2742,7,1,
5490,2743,5,2,Đóng gói kỹ
5491,2743,4,3,
5492,2743,6,3,
5493,2744,13,3,Ít cay
5494,2744,15,1,
5495,2744,14,1,
5496,2745,6,2,
5497,2745,4,2,
5498,2745,5,3,Đóng gói kỹ
5499,2746,8,1,Ít cay
5500,2747,27,2,
5501,2748,13,3,
5502,2748,14,1,
5503,2748,15,3,Đóng gói kỹ
5504,2749,2,3,
5505,2749,3,2,Nhiều hành
5506,2749,1,1,
5507,2750,19,2,Ít cay
5508,2750,20,1,
5509,2751,9,2,Ít cay
5510,2751,7,3,
5511,2752,25,2,
5512,2752,27,3,
5513,2752,26,3,
5514,2753,16,2,
5515,2753,18,1,Đóng gói kỹ
5516,2753,17,3,Đóng gói kỹ
5517,2754,23,1,
5518,2754,22,2,
5519,2755,28,3,
5520,2755,29,3,Ít cay
5521,2756,9,1,
5522,2756,7,1,Ít cay
5523,2757,10,2,
5524,2758,5,3,
5525,2758,4,2,Nhiều hành
5526,2759,7,3,
5527,2760,20,2,
5528,2761,6,3,
5529,2761,4,3,Đóng gói kỹ
5530,2762,2,2,
5531,2762,1,2,
5532,2763,21,3,Ít cay
5533,2763,19,1,Đóng gói kỹ
5534,2763,20,1,Nhiều hành
5535,2764,27,1,
5536,2764,25,1,
5537,2764,26,2,
5538,2765,2,3,Nhiều hành
5539,2765,1,3,
5540,2766,14,3,
5541,2766,15,3,
5542,2766,13,3,
5543,2767,21,2,
5544,2767,19,1,Đóng gói kỹ
5545,2768,8,1,
5546,2768,9,3,
5547,2768,7,2,
5548,2769,21,1,
5549,2770,26,3,
5550,2770,27,1,
5551,2771,3,2,
5552,2771,2,2,Ít cay
5553,2771,1,1,Nhiều hành
5554,2772,25,2,
5555,2772,27,2,
5556,2772,26,3,
5557,2773,6,2,Đóng gói kỹ
5558,2773,5,1,Đóng gói kỹ
5559,2773,4,2,Nhiều hành
5560,2774,21,1,
5561,2774,20,3,
5562,2774,19,1,Đóng gói kỹ
5563,2775,6,2,
5564,2775,5,1,Đóng gói kỹ
5565,2775,4,3,Ít cay
5566,2776,7,1,
5567,2776,8,2,Ít cay
5568,2776,9,3,Nhiều hành
5569,2777,30,1,Đóng gói kỹ
5570,2777,29,3,
5571,2778,10,3,
5572,2779,18,1,
5573,2779,16,2,
5574,2779,17,2,Nhiều hành
5575,2780,19,2,Đóng gói kỹ
5576,2781,16,1,Ít cay
5577,2781,18,1,
5578,2782,16,1,Nhiều hành
5579,2782,17,2,Nhiều hành
5580,2782,18,3,Nhiều hành
5581,2783,13,2,Nhiều hành
5582,2784,8,2,
5583,2784,9,3,Đóng gói kỹ
5584,2785,14,3,
5585,2786,1,1,Ít cay
5586,2786,3,1,Ít cay
5587,2786,2,2,Ít cay
5588,2787,5,3,
5589,2788,16,2,Đóng gói kỹ
5590,2788,17,1,
5591,2788,18,3,
5592,2789,10,2,
5593,2789,12,3,Nhiều hành
5594,2790,12,1,Ít cay
5595,2790,10,3,
5596,2790,11,1,
5597,2791,26,1,
5598,2791,25,2,
5599,2792,28,3,
5600,2793,27,2,
5601,2793,26,2,
5602,2794,17,1,Ít cay
5603,2795,9,2,
5604,2795,8,3,
5605,2796,10,1,
5606,2796,11,3,
5607,2796,12,1,Ít cay
5608,2797,8,3,Đóng gói kỹ
5609,2797,7,1,
5610,2798,3,1,Ít cay
5611,2798,1,2,Đóng gói kỹ
5612,2798,2,2,Đóng gói kỹ
5613,2799,17,3,Đóng gói kỹ
5614,2799,16,3,
5615,2800,15,1,
5616,2800,14,1,
5617,2801,28,3,Đóng gói kỹ
5618,2802,9,3,Nhiều hành
5619,2802,8,1,
5620,2802,7,3,
5621,2803,30,1,Nhiều hành
5622,2803,29,3,
5623,2803,28,2,
5624,2804,12,3,
5625,2804,10,1,Ít cay
5626,2805,26,2,
5627,2806,25,1,Đóng gói kỹ
5628,2806,27,1,Nhiều hành
5629,2807,23,1,Ít cay
5630,2807,22,3,Đóng gói kỹ
5631,2807,24,1,Ít cay
5632,2808,26,1,
5633,2808,25,2,
5634,2809,19,3,Ít cay
5635,2810,20,1,
5636,2810,19,3,Đóng gói kỹ
5637,2811,2,2,Đóng gói kỹ
5638,2811,3,3,
5639,2812,29,2,
5640,2812,30,1,
5641,2813,1,2,Ít cay
5642,2813,3,1,Ít cay
5643,2813,2,2,
5644,2814,9,1,
5645,2815,17,3,
5646,2815,16,1,Nhiều hành
5647,2816,14,2,Ít cay
5648,2817,18,3,Ít cay
5649,2817,17,1,Nhiều hành
5650,2817,16,1,
5651,2818,19,3,
5652,2818,20,1,Nhiều hành
5653,2818,21,1,Nhiều hành
5654,2819,19,3,
5655,2819,21,3,Nhiều hành
5656,2820,17,1,
5657,2820,16,2,Đóng gói kỹ
5658,2820,18,2,
5659,2821,27,1,Nhiều hành
5660,2821,25,1,
5661,2821,26,3,Ít cay
5662,2822,17,3,
5663,2822,16,3,Nhiều hành
5664,2822,18,3,Nhiều hành
5665,2823,18,3,
5666,2823,16,3,
5667,2823,17,2,
5668,2824,3,3,
5669,2825,26,1,
5670,2825,25,3,Nhiều hành
5671,2825,27,2,
5672,2826,22,3,Nhiều hành
5673,2826,24,1,
5674,2826,23,3,
5675,2827,4,1,Ít cay
5676,2827,6,1,Đóng gói kỹ
5677,2828,18,3,Đóng gói kỹ
5678,2828,16,3,
5679,2829,22,3,
5680,2830,10,3,
5681,2830,12,3,Ít cay
5682,2830,11,2,Ít cay
5683,2831,23,1,
5684,2831,22,3,Nhiều hành
5685,2832,20,1,Nhiều hành
5686,2832,21,2,Đóng gói kỹ
5687,2832,19,2,Ít cay
5688,2833,28,3,Nhiều hành
5689,2834,7,1,Đóng gói kỹ
5690,2835,17,2,Đóng gói kỹ
5691,2835,16,1,
5692,2836,25,2,
5693,2836,27,2,Nhiều hành
5694,2837,17,1,
5695,2837,18,3,
5696,2837,16,1,Đóng gói kỹ
5697,2838,17,3,Nhiều hành
5698,2838,18,3,
5699,2839,9,3,Ít cay
5700,2839,8,2,
5701,2840,20,2,
5702,2840,21,1,Đóng gói kỹ
5703,2841,6,2,Nhiều hành
5704,2842,4,3,
5705,2842,5,2,Ít cay
5706,2842,6,3,
5707,2843,26,2,Ít cay
5708,2843,27,2,Nhiều hành
5709,2844,24,3,Đóng gói kỹ
5710,2844,22,1,Đóng gói kỹ
5711,2844,23,1,
5712,2845,29,2,Đóng gói kỹ
5713,2846,19,2,Nhiều hành
5714,2846,20,1,
5715,2847,27,3,Nhiều hành
5716,2848,12,2,Ít cay
5717,2849,30,3,
5718,2849,29,1,
5719,2849,28,1,Nhiều hành
5720,2850,24,3,Ít cay
5721,2850,23,1,
5722,2850,22,3,
5723,2851,20,3,Ít cay
5724,2851,19,1,
5725,2852,2,3,
5726,2852,3,3,
5727,2853,30,1,Ít cay
5728,2854,25,2,Nhiều hành
5729,2855,8,3,
5730,2856,20,1,
5731,2856,21,2,Đóng gói kỹ
5732,2857,15,3,
5733,2857,13,1,Đóng gói kỹ
5734,2858,9,1,
5735,2858,7,3,
5736,2858,8,2,Đóng gói kỹ
5737,2859,9,3,
5738,2859,8,2,Nhiều hành
5739,2859,7,3,Đóng gói kỹ
5740,2860,18,3,
5741,2860,17,1,Ít cay
5742,2861,21,2,Nhiều hành
5743,2862,9,3,Đóng gói kỹ
5744,2863,29,2,
5745,2863,28,1,
5746,2864,6,1,Đóng gói kỹ
5747,2864,5,2,
5748,2865,24,3,
5749,2866,21,3,
5750,2867,19,3,Đóng gói kỹ
5751,2867,20,2,
5752,2867,21,1,Đóng gói kỹ
5753,2868,18,2,
5754,2868,17,1,
5755,2868,16,3,
5756,2869,8,1,
5757,2869,7,3,Đóng gói kỹ
5758,2870,15,2,
5759,2870,13,3,
5760,2870,14,1,
5761,2871,2,3,
5762,2872,30,2,
5763,2873,12,3,Ít cay
5764,2873,11,3,
5765,2874,6,2,
5766,2874,5,2,
5767,2874,4,1,
5768,2875,5,2,
5769,2875,6,3,Nhiều hành
5770,2876,29,3,
5771,2877,18,1,
5772,2878,16,1,Ít cay
5773,2878,18,3,
5774,2878,17,3,Nhiều hành
5775,2879,17,2,Đóng gói kỹ
5776,2880,22,1,
5777,2880,23,1,
5778,2881,28,1,
5779,2881,29,2,Đóng gói kỹ
5780,2882,10,3,
5781,2882,12,1,
5782,2883,5,3,Ít cay
5783,2883,6,3,
5784,2884,24,2,
5785,2885,16,1,
5786,2886,4,1,
5787,2886,5,2,Nhiều hành
5788,2887,7,3,
5789,2887,8,3,
5790,2887,9,3,
5791,2888,19,2,
5792,2888,20,2,Ít cay
5793,2888,21,2,Đóng gói kỹ
5794,2889,6,2,
5795,2889,5,1,
5796,2890,12,3,
5797,2890,11,2,Nhiều hành
5798,2891,23,1,
5799,2891,22,1,
5800,2892,10,3,
5801,2893,14,3,
5802,2893,15,3,Ít cay
5803,2894,27,1,Nhiều hành
5804,2894,26,2,
5805,2894,25,3,
5806,2895,23,2,Ít cay
5807,2895,22,3,
5808,2895,24,1,Đóng gói kỹ
5809,2896,30,1,
5810,2896,28,1,Ít cay
5811,2897,3,2,Nhiều hành
5812,2898,14,3,
5813,2898,15,1,Đóng gói kỹ
5814,2898,13,1,
5815,2899,24,3,
5816,2899,22,3,
5817,2899,23,3,
5818,2900,6,1,Đóng gói kỹ
5819,2901,16,2,
5820,2901,17,1,Nhiều hành
5821,2901,18,3,Ít cay
5822,2902,4,2,
5823,2902,5,2,
5824,2903,30,3,Ít cay
5825,2903,28,1,Đóng gói kỹ
5826,2903,29,3,
5827,2904,5,1,
5828,2904,4,1,Nhiều hành
5829,2904,6,3,
5830,2905,13,3,
5831,2906,23,2,
5832,2906,22,3,
5833,2906,24,3,Nhiều hành
5834,2907,12,1,
5835,2907,11,2,Nhiều hành
5836,2908,17,2,
5837,2908,18,2,Nhiều hành
5838,2909,1,1,Đóng gói kỹ
5839,2909,3,3,
5840,2910,12,2,Nhiều hành
5841,2910,10,2,
5842,2910,11,3,
5843,2911,6,3,
5844,2911,5,1,
5845,2911,4,3,
5846,2912,3,1,
5847,2912,1,1,Đóng gói kỹ
5848,2912,2,3,
5849,2913,15,3,Ít cay
5850,2913,14,3,
5851,2913,13,1,Nhiều hành
5852,2914,3,3,Đóng gói kỹ
5853,2914,2,1,Đóng gói kỹ
5854,2915,20,3,Nhiều hành
5855,2915,21,2,
5856,2916,16,2,Nhiều hành
5857,2916,17,1,Ít cay
5858,2916,18,3,
5859,2917,25,2,Nhiều hành
5860,2917,27,2,
5861,2917,26,2,
5862,2918,8,2,
5863,2918,9,1,Nhiều hành
5864,2918,7,3,Ít cay
5865,2919,28,2,
5866,2919,29,2,Ít cay
5867,2919,30,1,
5868,2920,21,1,
5869,2920,20,2,
5870,2920,19,1,
5871,2921,26,1,Ít cay
5872,2921,25,3,Nhiều hành
5873,2922,30,2,
5874,2922,29,3,
5875,2923,4,1,Ít cay
5876,2923,6,1,Ít cay
5877,2924,25,3,Ít cay
5878,2924,26,1,Đóng gói kỹ
5879,2924,27,1,
5880,2925,16,1,
5881,2926,23,1,Nhiều hành
5882,2926,24,1,
5883,2927,7,3,
5884,2927,8,2,
5885,2927,9,3,
5886,2928,7,3,
5887,2928,8,3,
5888,2929,23,3,Ít cay
5889,2929,24,3,Đóng gói kỹ
5890,2929,22,2,
5891,2930,26,1,
5892,2931,27,1,Nhiều hành
5893,2931,26,3,
5894,2931,25,3,Ít cay
5895,2932,22,1,Đóng gói kỹ
5896,2933,24,3,Đóng gói kỹ
5897,2933,23,2,Đóng gói kỹ
5898,2934,18,3,Ít cay
5899,2935,12,3,Nhiều hành
5900,2935,11,2,Đóng gói kỹ
5901,2936,25,1,
5902,2936,27,1,
5903,2936,26,2,
5904,2937,16,1,
5905,2937,17,2,Nhiều hành
5906,2938,30,2,Nhiều hành
5907,2938,28,1,Đóng gói kỹ
5908,2938,29,3,Đóng gói kỹ
5909,2939,10,1,
5910,2940,13,2,
5911,2941,3,2,
5912,2941,1,2,
5913,2941,2,2,
5914,2942,10,2,
5915,2942,11,2,Đóng gói kỹ
5916,2943,1,1,Đóng gói kỹ
5917,2943,3,2,Nhiều hành
5918,2944,28,3,Nhiều hành
5919,2945,11,2,Ít cay
5920,2946,2,1,
5921,2946,3,3,Ít cay
5922,2946,1,3,
5923,2947,25,3,Đóng gói kỹ
5924,2948,22,3,
5925,2948,23,1,
5926,2948,24,2,
5927,2949,20,2,
5928,2949,21,1,
5929,2949,19,3,
5930,2950,6,3,
5931,2950,4,2,
5932,2950,5,2,
5933,2951,19,1,Đóng gói kỹ
5934,2952,23,2,
5935,2953,16,3,Ít cay
5936,2953,18,3,Nhiều hành
5937,2954,12,2,
5938,2954,11,3,Đóng gói kỹ
5939,2955,10,3,Đóng gói kỹ
5940,2956,7,1,
5941,2956,8,2,
5942,2957,2,1,Nhiều hành
5943,2958,26,1,
5944,2959,21,3,
5945,2959,19,2,
5946,2959,20,3,Đóng gói kỹ
5947,2960,29,3,Ít cay
5948,2961,3,3,
5949,2961,1,3,Nhiều hành
5950,2962,26,2,Nhiều hành
5951,2963,6,2,Đóng gói kỹ
5952,2963,4,1,
5953,2964,6,1,Ít cay
5954,2964,5,1,Nhiều hành
5955,2964,4,1,Đóng gói kỹ
5956,2965,13,2,Nhiều hành
5957,2965,15,2,Đóng gói kỹ
5958,2966,27,2,
5959,2966,26,1,
5960,2967,28,3,Ít cay
5961,2967,29,2,Nhiều hành
5962,2967,30,3,
5963,2968,1,2,
5964,2969,26,3,
5965,2970,26,2,Nhiều hành
5966,2970,27,1,
5967,2971,24,3,
5968,2972,11,2,
5969,2972,12,2,
5970,2973,25,1,
5971,2974,18,1,
5972,2974,17,2,Đóng gói kỹ
5973,2975,26,2,Ít cay
5974,2975,25,2,Ít cay
5975,2975,27,3,Đóng gói kỹ
5976,2976,13,2,Nhiều hành
5977,2977,1,1,
5978,2977,2,2,Nhiều hành
5979,2978,3,3,
5980,2978,1,3,Đóng gói kỹ
5981,2979,22,2,
5982,2979,23,3,Ít cay
5983,2980,17,2,Ít cay
5984,2980,16,1,Đóng gói kỹ
5985,2981,9,1,
5986,2982,26,2,Ít cay
5987,2982,27,1,Đóng gói kỹ
5988,2983,6,3,
5989,2984,20,2,Nhiều hành
5990,2985,26,1,Đóng gói kỹ
5991,2985,25,1,
5992,2986,4,2,Ít cay
5993,2986,5,3,Ít cay
5994,2987,17,1,
5995,2988,23,1,Ít cay
5996,2988,22,3,Đóng gói kỹ
5997,2989,28,3,
5998,2989,29,1,Đóng gói kỹ
5999,2990,10,3,
6000,2991,18,2,Ít cay
6001,2991,16,1,
6002,2992,7,1,
6003,2993,30,2,
6004,2993,28,1,
6005,2994,17,3,Đóng gói kỹ
6006,2994,16,2,Nhiều hành
6007,2995,29,2,
6008,2995,30,3,Đóng gói kỹ
6009,2996,24,2,
6010,2996,22,1,Nhiều hành
6011,2997,14,3,
6012,2997,13,2,
6013,2998,10,1,
6014,2998,12,1,
6015,2999,8,1,Đóng gói kỹ
6016,2999,9,1,
6017,2999,7,3,Đóng gói kỹ
6018,3000,24,2,
6019,3000,22,3,
6020,3001,2,1,
6021,3001,3,1,
6022,3001,1,1,
6023,3002,4,2,Ít cay
6024,3003,12,2,
6025,3003,10,1,
6026,3004,18,3,
6027,3004,17,2,Ít cay
6028,3004,16,3,
6029,3005,19,3,
6030,3005,20,2,Nhiều hành
6031,3005,21,1,
6032,3006,3,2,
6033,3006,2,1,Đóng gói kỹ
6034,3007,29,1,
6035,3007,30,3,
6036,3007,28,2,
6037,3008,23,1,
6038,3008,24,3,
6039,3008,22,2,Ít cay
6040,3009,2,2,Nhiều hành
6041,3009,3,3,Ít cay
6042,3009,1,2,
6043,3010,29,2,
6044,3010,30,3,
6045,3011,27,3,
6046,3011,25,3,
6047,3011,26,3,
6048,3012,3,2,
6049,3012,2,2,Đóng gói kỹ
6050,3012,1,2,
6051,3013,15,1,Đóng gói kỹ
6052,3014,7,3,
6053,3015,9,3,Nhiều hành
6054,3015,7,3,Ít cay
6055,3016,2,2,Đóng gói kỹ
6056,3016,3,2,
6057,3017,24,2,
6058,3017,22,3,
6059,3017,23,1,
6060,3018,18,2,
6061,3019,12,3,Nhiều hành
6062,3019,10,1,
6063,3020,28,2,Đóng gói kỹ
6064,3020,29,2,Đóng gói kỹ
6065,3020,30,1,
6066,3021,16,2,
6067,3021,17,3,
6068,3022,26,1,Ít cay
6069,3023,25,3,
6070,3023,26,1,
6071,3024,3,1,
6072,3024,2,1,Ít cay
6073,3025,28,3,
6074,3025,29,2,Đóng gói kỹ
6075,3026,5,2,
6076,3026,6,1,
6077,3027,23,2,Đóng gói kỹ
6078,3027,24,3,
6079,3028,26,3,Nhiều hành
6080,3028,27,1,Đóng gói kỹ
6081,3028,25,1,
6082,3029,28,2,
6083,3030,16,3,
6084,3030,17,3,Ít cay
6085,3030,18,1,Ít cay
6086,3031,1,2,
6087,3031,2,1,
6088,3031,3,2,Ít cay
6089,3032,7,3,
6090,3032,9,1,
6091,3033,12,3,
6092,3033,10,3,
6093,3034,3,3,Ít cay
6094,3034,1,1,Nhiều hành
6095,3035,18,2,Đóng gói kỹ
6096,3035,17,2,Ít cay
6097,3036,7,1,
6098,3036,9,1,Đóng gói kỹ
6099,3036,8,1,
6100,3037,18,1,
6101,3037,17,2,
6102,3037,16,1,Ít cay
6103,3038,24,2,Nhiều hành
6104,3039,22,1,Nhiều hành
6105,3040,17,3,Đóng gói kỹ
6106,3040,16,1,
6107,3041,7,1,Đóng gói kỹ
6108,3041,9,2,Ít cay
6109,3042,10,2,Nhiều hành
6110,3043,2,1,Đóng gói kỹ
6111,3043,3,1,
6112,3043,1,2,
6113,3044,3,2,
6114,3044,1,1,
6115,3045,24,1,
6116,3045,22,3,
6117,3046,7,2,
6118,3046,9,3,
6119,3046,8,3,
6120,3047,29,1,
6121,3048,18,3,Đóng gói kỹ
6122,3048,16,1,
6123,3049,7,1,
6124,3049,9,2,
6125,3049,8,1,
6126,3050,16,3,Đóng gói kỹ
6127,3050,17,3,
6128,3051,13,3,
6129,3052,16,2,Nhiều hành
6130,3052,17,2,
6131,3052,18,1,Ít cay
6132,3053,25,3,Ít cay
6133,3053,26,2,
6134,3054,16,1,
6135,3055,6,2,Đóng gói kỹ
6136,3055,4,2,
6137,3055,5,1,
6138,3056,30,3,
6139,3057,28,3,
6140,3057,30,2,Đóng gói kỹ
6141,3057,29,3,
6142,3058,11,3,
6143,3059,4,1,Đóng gói kỹ
6144,3060,22,1,Đóng gói kỹ
6145,3061,28,3,
6146,3061,30,2,
6147,3062,27,1,Đóng gói kỹ
6148,3063,25,3,Đóng gói kỹ
6149,3063,26,2,Ít cay
6150,3063,27,2,Đóng gói kỹ
6151,3064,30,3,
6152,3065,28,1,
6153,3065,29,2,Đóng gói kỹ
6154,3065,30,1,Đóng gói kỹ
6155,3066,16,1,Đóng gói kỹ
6156,3067,10,1,
6157,3068,21,1,
6158,3069,6,2,Ít cay
6159,3070,2,3,
6160,3070,1,2,Nhiều hành
6161,3070,3,2,
6162,3071,12,1,Đóng gói kỹ
6163,3071,11,3,Nhiều hành
6164,3071,10,1,Nhiều hành
6165,3072,8,1,
6166,3072,9,3,
6167,3073,21,3,
6168,3073,19,3,
6169,3073,20,3,
6170,3074,29,2,Nhiều hành
6171,3074,30,1,
6172,3075,13,2,
6173,3075,15,2,Đóng gói kỹ
6174,3076,7,1,Ít cay
6175,3076,8,2,
6176,3076,9,2,Đóng gói kỹ
6177,3077,4,1,Đóng gói kỹ
6178,3077,6,1,Đóng gói kỹ
6179,3077,5,1,Ít cay
6180,3078,26,3,
6181,3078,25,3,
6182,3078,27,1,Đóng gói kỹ
6183,3079,17,1,
6184,3080,14,1,
6185,3080,15,1,Nhiều hành
6186,3081,28,1,
6187,3082,18,3,
6188,3082,16,3,
6189,3083,12,1,
6190,3083,11,1,
6191,3083,10,2,Nhiều hành
6192,3084,17,3,Đóng gói kỹ
6193,3085,16,1,
6194,3085,18,3,
6195,3086,12,3,
6196,3086,11,1,
6197,3086,10,3,
6198,3087,30,1,
6199,3088,18,3,
6200,3088,17,3,
6201,3088,16,3,Nhiều hành
6202,3089,11,1,
6203,3089,12,2,
6204,3089,10,2,
6205,3090,15,2,Ít cay
6206,3090,13,2,
6207,3090,14,1,
6208,3091,7,2,
6209,3091,8,1,
6210,3092,16,2,Ít cay
6211,3092,18,1,Nhiều hành
6212,3092,17,2,Đóng gói kỹ
6213,3093,14,1,
6214,3093,13,3,Đóng gói kỹ
6215,3093,15,3,
6216,3094,13,3,
6217,3094,15,1,
6218,3095,29,1,
6219,3095,30,3,
6220,3095,28,3,Ít cay
6221,3096,12,2,
6222,3097,30,3,Ít cay
6223,3097,28,1,Ít cay
6224,3098,9,1,
6225,3098,8,1,
6226,3098,7,3,Ít cay
6227,3099,8,2,
6228,3099,9,2,
6229,3099,7,1,
6230,3100,18,3,Đóng gói kỹ
6231,3100,17,2,
6232,3100,16,3,
6233,3101,22,1,Ít cay
6234,3102,27,2,Đóng gói kỹ
6235,3102,25,2,
6236,3103,26,2,
6237,3104,19,3,Nhiều hành
6238,3104,20,3,
6239,3104,21,3,Đóng gói kỹ
6240,3105,25,3,Nhiều hành
6241,3105,26,1,
6242,3106,12,2,Đóng gói kỹ
6243,3106,11,2,
6244,3106,10,2,
6245,3107,28,2,
6246,3107,30,2,
6247,3108,25,3,
6248,3108,27,2,
6249,3109,22,2,Nhiều hành
6250,3109,24,3,Ít cay
6251,3110,29,2,
6252,3110,30,3,Ít cay
6253,3110,28,1,
6254,3111,6,1,
6255,3112,2,1,
6256,3112,3,3,
6257,3113,27,3,Ít cay
6258,3113,25,2,
6259,3113,26,1,
6260,3114,3,2,Ít cay
6261,3115,22,3,
6262,3116,3,3,
6263,3116,2,3,Nhiều hành
6264,3116,1,1,
6265,3117,25,1,
6266,3117,26,3,Nhiều hành
6267,3118,21,3,
6268,3118,19,1,Ít cay
6269,3119,23,3,Ít cay
6270,3120,15,2,
6271,3120,14,3,Nhiều hành
6272,3121,16,1,
6273,3122,28,2,
6274,3123,6,1,Ít cay
6275,3123,4,1,Ít cay
6276,3123,5,1,
6277,3124,22,3,
6278,3124,24,2,
6279,3124,23,2,
6280,3125,12,1,
6281,3126,21,1,
6282,3126,20,3,Ít cay
6283,3126,19,1,Nhiều hành
6284,3127,26,3,Ít cay
6285,3127,25,3,
6286,3128,7,3,
6287,3128,9,3,Ít cay
6288,3129,7,1,
6289,3129,8,3,Đóng gói kỹ
6290,3129,9,3,Đóng gói kỹ
6291,3130,12,2,
6292,3131,30,2,Ít cay
6293,3131,28,2,Nhiều hành
6294,3132,5,2,Ít cay
6295,3132,6,3,Ít cay
6296,3132,4,3,Nhiều hành
6297,3133,2,3,Ít cay
6298,3134,4,2,
6299,3135,26,1,
6300,3135,27,2,Ít cay
6301,3135,25,1,
6302,3136,3,2,
6303,3136,1,3,Ít cay
6304,3137,1,3,
6305,3138,5,2,
6306,3138,4,1,Ít cay
6307,3138,6,3,Ít cay
6308,3139,23,2,
6309,3140,30,2,
6310,3141,16,1,Nhiều hành
6311,3141,17,2,Ít cay
6312,3141,18,3,
6313,3142,26,3,
6314,3143,11,1,
6315,3144,10,1,
6316,3144,11,1,
6317,3144,12,1,Nhiều hành
6318,3145,5,1,Đóng gói kỹ
6319,3146,22,3,Nhiều hành
6320,3147,22,3,Nhiều hành
6321,3147,24,1,Đóng gói kỹ
6322,3147,23,3,Ít cay
6323,3148,25,3,
6324,3148,27,1,
6325,3149,5,3,Đóng gói kỹ
6326,3149,4,2,
6327,3150,20,1,Đóng gói kỹ
6328,3151,25,1,
6329,3152,6,3,Ít cay
6330,3152,5,3,Nhiều hành
6331,3152,4,2,
6332,3153,5,3,
6333,3153,4,1,Ít cay
6334,3154,22,1,
6335,3154,23,2,Đóng gói kỹ
6336,3155,15,3,
6337,3156,12,2,
6338,3157,1,3,
6339,3157,2,1,
6340,3158,10,2,Nhiều hành
6341,3159,5,2,Nhiều hành
6342,3159,4,2,Nhiều hành
6343,3160,5,2,Ít cay
6344,3161,19,1,Nhiều hành
6345,3161,20,3,Đóng gói kỹ
6346,3162,19,2,Đóng gói kỹ
6347,3162,21,3,Ít cay
6348,3162,20,2,Nhiều hành
6349,3163,14,3,Nhiều hành
6350,3164,30,2,
6351,3164,29,2,Nhiều hành
6352,3164,28,1,Ít cay
6353,3165,6,2,Nhiều hành
6354,3166,19,2,Đóng gói kỹ
6355,3166,20,1,Đóng gói kỹ
6356,3166,21,3,Đóng gói kỹ
6357,3167,24,1,
6358,3167,23,3,
6359,3168,22,1,
6360,3169,15,1,
6361,3169,14,3,
6362,3169,13,3,
6363,3170,17,3,Nhiều hành
6364,3171,24,2,Ít cay
6365,3172,14,3,Nhiều hành
6366,3172,13,2,Đóng gói kỹ
6367,3172,15,3,Ít cay
6368,3173,23,1,
6369,3174,7,2,Đóng gói kỹ
6370,3174,8,3,
6371,3174,9,2,Ít cay
6372,3175,13,1,
6373,3175,15,1,
6374,3176,6,3,Nhiều hành
6375,3176,5,3,Đóng gói kỹ
6376,3177,12,3,
6377,3177,11,2,Đóng gói kỹ
6378,3177,10,1,
6379,3178,20,3,
6380,3178,21,1,
6381,3179,13,3,
6382,3179,15,2,Ít cay
6383,3180,17,3,
6384,3180,16,3,Đóng gói kỹ
6385,3181,30,2,Đóng gói kỹ
6386,3181,28,3,Ít cay
6387,3181,29,1,
6388,3182,12,2,Đóng gói kỹ
6389,3182,10,2,Nhiều hành
6390,3183,25,2,Nhiều hành
6391,3183,27,2,
6392,3183,26,3,Nhiều hành
6393,3184,14,2,
6394,3184,13,3,Nhiều hành
6395,3184,15,3,
6396,3185,22,2,
6397,3185,23,2,Ít cay
6398,3185,24,3,Đóng gói kỹ
6399,3186,13,1,
6400,3186,14,1,
6401,3187,28,1,
6402,3187,29,3,Đóng gói kỹ
6403,3187,30,1,
6404,3188,1,3,
6405,3188,2,1,Ít cay
6406,3188,3,2,
6407,3189,3,2,
6408,3190,6,2,
6409,3190,5,1,
6410,3191,22,2,
6411,3191,23,1,
6412,3191,24,2,Đóng gói kỹ
6413,3192,24,1,
6414,3192,22,3,
6415,3193,23,3,
6416,3193,22,1,
6417,3194,18,2,Ít cay
6418,3194,17,1,Ít cay
6419,3195,25,3,
6420,3195,27,2,Ít cay
6421,3195,26,1,
6422,3196,28,3,
6423,3196,29,2,
6424,3196,30,1,
6425,3197,20,1,Ít cay
6426,3197,21,2,
6427,3197,19,3,
6428,3198,26,2,
6429,3198,27,2,
6430,3199,12,1,
6431,3199,11,1,
6432,3200,15,2,
6433,3201,18,3,
6434,3201,16,2,Ít cay
6435,3201,17,3,Ít cay
6436,3202,4,1,Đóng gói kỹ
6437,3202,5,2,
6438,3203,16,3,
6439,3203,17,2,
6440,3204,12,1,Nhiều hành
6441,3204,11,3,Đóng gói kỹ
6442,3205,4,1,
6443,3206,6,3,
6444,3206,5,3,Đóng gói kỹ
6445,3207,15,3,Ít cay
6446,3207,13,1,Đóng gói kỹ
6447,3207,14,2,
6448,3208,19,3,
6449,3208,20,1,
6450,3208,21,2,Đóng gói kỹ
6451,3209,12,3,
6452,3209,11,2,Đóng gói kỹ
6453,3209,10,3,
6454,3210,21,2,Đóng gói kỹ
6455,3211,3,1,Nhiều hành
6456,3212,10,2,
6457,3213,8,2,Ít cay
6458,3214,14,1,
6459,3214,13,2,
6460,3214,15,2,Ít cay
6461,3215,25,3,Nhiều hành
6462,3216,28,2,
6463,3217,20,2,Ít cay
6464,3218,17,1,
6465,3218,18,2,
6466,3219,4,3,
6467,3219,6,2,Ít cay
6468,3219,5,3,Ít cay
6469,3220,30,2,
6470,3220,29,2,
6471,3221,24,2,
6472,3222,1,3,Nhiều hành
6473,3222,2,1,Ít cay
6474,3222,3,2,
6475,3223,9,2,
6476,3223,8,1,
6477,3223,7,1,
6478,3224,24,3,
6479,3225,4,1,Nhiều hành
6480,3226,11,2,
6481,3227,25,2,
6482,3227,27,2,Nhiều hành
6483,3227,26,3,
6484,3228,25,3,
6485,3228,27,1,
6486,3228,26,1,Đóng gói kỹ
6487,3229,7,2,
6488,3230,6,2,
6489,3230,4,3,
6490,3231,3,1,Nhiều hành
6491,3231,1,3,Đóng gói kỹ
6492,3231,2,1,
6493,3232,17,3,Đóng gói kỹ
6494,3232,16,2,Đóng gói kỹ
6495,3232,18,3,
6496,3233,15,1,
6497,3233,13,3,Ít cay
6498,3234,12,1,
6499,3234,11,3,
6500,3234,10,3,Ít cay
6501,3235,24,2,
6502,3236,14,2,Ít cay
6503,3237,19,2,
6504,3237,21,2,Nhiều hành
6505,3238,18,3,Ít cay
6506,3239,2,1,
6507,3240,19,2,
6508,3241,19,1,
6509,3241,21,3,
6510,3242,12,3,
6511,3243,5,3,
6512,3243,6,3,
6513,3244,27,3,
6514,3245,12,2,Đóng gói kỹ
6515,3245,11,3,
6516,3246,30,1,Ít cay
6517,3246,28,2,
6518,3247,17,3,Nhiều hành
6519,3247,16,1,Ít cay
6520,3247,18,1,
6521,3248,25,1,Ít cay
6522,3249,25,2,Nhiều hành
6523,3250,4,3,
6524,3250,5,2,
6525,3251,20,2,
6526,3251,19,2,
6527,3251,21,3,Đóng gói kỹ
6528,3252,21,2,
6529,3252,20,2,Đóng gói kỹ
6530,3253,9,1,
6531,3253,7,3,
6532,3254,28,1,
6533,3254,29,1,
6534,3255,17,2,Nhiều hành
6535,3255,18,3,
6536,3255,16,2,
6537,3256,14,3,
6538,3256,15,3,
6539,3256,13,3,Ít cay
6540,3257,28,1,Nhiều hành
6541,3257,29,1,Nhiều hành
6542,3258,16,2,Đóng gói kỹ
6543,3259,23,3,
6544,3259,22,1,Ít cay
6545,3259,24,1,Ít cay
6546,3260,9,2,
6547,3261,14,3,Đóng gói kỹ
6548,3261,15,2,Đóng gói kỹ
6549,3262,10,2,
6550,3263,20,2,
6551,3263,21,2,Ít cay
6552,3263,19,3,Nhiều hành
6553,3264,16,1,
6554,3264,18,2,Nhiều hành
6555,3265,21,1,
6556,3265,19,1,Nhiều hành
6557,3265,20,2,Đóng gói kỹ
6558,3266,8,3,Ít cay
6559,3266,7,2,Nhiều hành
6560,3266,9,2,Nhiều hành
6561,3267,8,3,
6562,3268,24,3,Đóng gói kỹ
6563,3269,22,2,
6564,3270,4,3,Đóng gói kỹ
6565,3270,5,1,Nhiều hành
6566,3270,6,2,Đóng gói kỹ
6567,3271,24,2,
6568,3271,22,3,Nhiều hành
6569,3271,23,1,
6570,3272,12,2,Nhiều hành
6571,3272,11,3,
6572,3273,7,1,
6573,3273,8,3,Ít cay
6574,3273,9,3,
6575,3274,19,3,
6576,3274,21,2,
6577,3275,16,2,Đóng gói kỹ
6578,3275,17,1,Đóng gói kỹ
6579,3275,18,1,Đóng gói kỹ
6580,3276,2,2,
6581,3276,3,2,
6582,3276,1,2,Đóng gói kỹ
6583,3277,2,1,
6584,3277,1,3,Nhiều hành
6585,3277,3,3,
6586,3278,23,2,
6587,3278,22,1,
6588,3279,26,1,Ít cay
6589,3279,25,2,
6590,3280,12,1,Ít cay
6591,3280,10,3,
6592,3280,11,3,
6593,3281,2,2,
6594,3281,3,1,Đóng gói kỹ
6595,3281,1,3,Ít cay
6596,3282,16,3,Đóng gói kỹ
6597,3283,6,1,Đóng gói kỹ
6598,3284,13,1,
6599,3284,14,3,
6600,3285,30,1,
6601,3285,29,2,Ít cay
6602,3285,28,2,Ít cay
6603,3286,7,1,
6604,3286,9,2,
6605,3287,4,1,
6606,3287,5,1,Đóng gói kỹ
6607,3288,19,3,
6608,3288,21,1,Ít cay
6609,3288,20,2,
6610,3289,10,3,
6611,3290,7,2,
6612,3290,9,2,Đóng gói kỹ
6613,3290,8,3,
6614,3291,19,2,
6615,3291,20,1,
6616,3292,27,2,Đóng gói kỹ
6617,3292,25,1,
6618,3293,12,3,
6619,3293,11,2,
6620,3293,10,2,Đóng gói kỹ
6621,3294,11,3,
6622,3294,12,3,
6623,3294,10,1,
6624,3295,15,3,
6625,3295,13,1,Ít cay
6626,3295,14,1,
6627,3296,4,2,Ít cay
6628,3297,1,2,Đóng gói kỹ
6629,3298,6,1,Đóng gói kỹ
6630,3298,4,2,Ít cay
6631,3299,17,1,Đóng gói kỹ
6632,3299,16,1,Nhiều hành
6633,3299,18,2,
6634,3300,28,2,
6635,3300,30,1,Nhiều hành
6636,3301,16,3,
6637,3302,15,2,
6638,3302,13,3,
6639,3303,8,1,Nhiều hành
6640,3304,2,2,
6641,3304,3,3,
6642,3304,1,2,Ít cay
6643,3305,2,3,Đóng gói kỹ
6644,3305,1,3,Ít cay
6645,3306,13,2,Đóng gói kỹ
6646,3306,15,2,Nhiều hành
6647,3307,19,2,
6648,3307,21,3,
6649,3308,12,1,Ít cay
6650,3308,11,2,
6651,3308,10,2,
6652,3309,12,2,
6653,3309,11,2,Nhiều hành
6654,3310,14,3,
6655,3310,15,2,Nhiều hành
6656,3311,7,2,Đóng gói kỹ
6657,3311,8,2,
6658,3311,9,1,
6659,3312,11,1,
6660,3312,10,2,
6661,3312,12,1,Nhiều hành
6662,3313,23,1,
6663,3314,25,1,Nhiều hành
6664,3314,27,2,Ít cay
6665,3315,6,3,
6666,3315,5,3,Đóng gói kỹ
6667,3316,14,1,Ít cay
6668,3317,23,1,
6669,3318,20,2,Ít cay
6670,3318,19,1,
6671,3318,21,2,
6672,3319,29,2,
6673,3319,30,1,
6674,3319,28,1,
6675,3320,5,2,Ít cay
6676,3320,4,1,
6677,3321,1,2,Đóng gói kỹ
6678,3321,2,1,
6679,3321,3,2,
6680,3322,23,1,
6681,3322,22,1,
6682,3323,8,1,
6683,3323,7,1,Ít cay
6684,3324,12,3,
6685,3324,11,3,
6686,3325,30,2,Nhiều hành
6687,3325,28,3,
6688,3325,29,1,Ít cay
6689,3326,16,2,Nhiều hành
6690,3326,18,3,
6691,3327,17,3,Đóng gói kỹ
6692,3327,16,3,Đóng gói kỹ
6693,3328,5,3,Đóng gói kỹ
6694,3328,4,1,Đóng gói kỹ
6695,3329,20,2,
6696,3329,19,2,Ít cay
6697,3329,21,1,Nhiều hành
6698,3330,26,2,
6699,3330,25,2,Ít cay
6700,3330,27,1,
6701,3331,2,1,
6702,3332,15,1,
6703,3333,23,1,
6704,3334,9,1,
6705,3334,8,2,
6706,3335,4,1,
6707,3335,5,1,
6708,3336,1,2,Đóng gói kỹ
6709,3337,17,2,Đóng gói kỹ
6710,3338,12,3,Ít cay
6711,3338,10,1,
6712,3338,11,2,
6713,3339,4,2,
6714,3339,5,1,Đóng gói kỹ
6715,3340,23,3,
6716,3340,22,3,
6717,3340,24,1,Ít cay
6718,3341,18,2,Nhiều hành
6719,3341,17,2,Đóng gói kỹ
6720,3342,22,1,Ít cay
6721,3343,5,2,Nhiều hành
6722,3343,4,2,
6723,3344,13,2,
6724,3344,14,1,
6725,3345,9,1,Đóng gói kỹ
6726,3345,8,2,
6727,3345,7,2,
6728,3346,6,1,
6729,3346,4,1,
6730,3346,5,2,
6731,3347,29,3,
6732,3348,3,3,
6733,3348,2,1,
6734,3349,23,1,Nhiều hành
6735,3349,24,2,Đóng gói kỹ
6736,3350,6,2,
6737,3351,14,1,Nhiều hành
6738,3352,2,1,
6739,3353,25,2,Đóng gói kỹ
6740,3353,27,3,Ít cay
6741,3353,26,1,
6742,3354,28,1,
6743,3354,29,2,Nhiều hành
6744,3354,30,3,
6745,3355,7,3,
6746,3356,20,1,Ít cay
6747,3356,19,2,
6748,3357,17,2,Ít cay
6749,3357,16,2,
6750,3357,18,2,
6751,3358,4,2,Nhiều hành
6752,3359,7,1,
6753,3359,9,3,
6754,3359,8,3,
6755,3360,8,3,
6756,3360,7,2,Ít cay
6757,3360,9,3,
6758,3361,6,3,Ít cay
6759,3362,24,1,Đóng gói kỹ
6760,3362,22,1,
6761,3362,23,1,Ít cay
6762,3363,24,3,Đóng gói kỹ
6763,3363,22,1,
6764,3364,3,3,
6765,3364,2,3,Đóng gói kỹ
6766,3365,19,3,
6767,3366,30,3,
6768,3366,29,1,
6769,3367,14,1,Đóng gói kỹ
6770,3367,15,3,Nhiều hành
6771,3368,10,1,
6772,3368,11,3,
6773,3369,15,3,Nhiều hành
6774,3370,27,3,
6775,3370,26,3,Nhiều hành
6776,3371,15,1,
6777,3371,14,1,
6778,3372,14,3,
6779,3372,15,2,Ít cay
6780,3373,9,1,
6781,3374,6,2,
6782,3375,19,2,Ít cay
6783,3375,21,3,
6784,3376,26,3,Ít cay
6785,3377,21,1,Nhiều hành
6786,3377,19,2,Đóng gói kỹ
6787,3378,26,2,
6788,3378,27,1,
6789,3378,25,3,
6790,3379,21,2,Đóng gói kỹ
6791,3379,20,1,
6792,3380,7,1,
6793,3380,8,1,
6794,3381,11,3,Ít cay
6795,3381,10,2,Đóng gói kỹ
6796,3381,12,3,Đóng gói kỹ
6797,3382,8,2,Đóng gói kỹ
6798,3382,9,1,
6799,3383,6,3,Ít cay
6800,3384,5,1,Nhiều hành
6801,3385,17,1,
6802,3385,18,2,Ít cay
6803,3386,29,3,Nhiều hành
6804,3387,27,1,Nhiều hành
6805,3387,26,2,Đóng gói kỹ
6806,3387,25,1,Đóng gói kỹ
6807,3388,21,2,Nhiều hành
6808,3389,18,3,Nhiều hành
6809,3389,16,3,
6810,3389,17,3,
6811,3390,27,2,Ít cay
6812,3390,26,3,Đóng gói kỹ
6813,3391,12,1,
6814,3392,5,3,Nhiều hành
6815,3392,6,1,
6816,3393,2,1,Ít cay
6817,3393,3,1,
6818,3394,19,1,Nhiều hành
6819,3394,20,3,
6820,3395,29,2,
6821,3395,30,1,
6822,3396,18,2,
6823,3396,17,1,Đóng gói kỹ
6824,3397,4,1,Ít cay
6825,3397,6,3,Đóng gói kỹ
6826,3398,25,1,Đóng gói kỹ
6827,3398,26,3,Nhiều hành
6828,3399,17,3,Đóng gói kỹ
6829,3399,18,1,Đóng gói kỹ
6830,3400,18,1,Đóng gói kỹ
6831,3400,17,1,
6832,3401,9,3,Ít cay
6833,3402,13,3,Đóng gói kỹ
6834,3402,14,2,Ít cay
6835,3402,15,1,
6836,3403,29,2,
6837,3403,30,3,
6838,3403,28,1,
6839,3404,6,1,Ít cay
6840,3404,5,2,
6841,3405,13,3,
6842,3405,14,1,
6843,3405,15,1,
6844,3406,23,1,
6845,3406,24,2,Đóng gói kỹ
6846,3407,18,2,Đóng gói kỹ
6847,3407,16,2,
6848,3407,17,1,
6849,3408,26,2,Ít cay
6850,3409,25,2,Nhiều hành
6851,3409,26,1,
6852,3409,27,3,Đóng gói kỹ
6853,3410,6,2,Đóng gói kỹ
6854,3411,6,3,
6855,3412,8,1,
6856,3413,28,2,
6857,3413,30,1,
6858,3413,29,2,
6859,3414,16,2,
6860,3414,17,3,
6861,3414,18,2,
6862,3415,10,3,
6863,3415,11,2,Nhiều hành
6864,3416,8,2,Ít cay
6865,3416,9,2,Đóng gói kỹ
6866,3416,7,1,
6867,3417,22,2,
6868,3417,23,3,
6869,3417,24,3,
6870,3418,10,1,
6871,3419,7,2,Nhiều hành
6872,3419,9,2,
6873,3419,8,3,
6874,3420,7,2,Đóng gói kỹ
6875,3420,9,1,Ít cay
6876,3421,9,1,Ít cay
6877,3421,8,1,
6878,3421,7,1,
6879,3422,13,2,
6880,3423,21,2,Nhiều hành
6881,3423,19,3,
6882,3424,21,3,Ít cay
6883,3425,21,3,
6884,3426,2,3,Ít cay
6885,3427,13,2,
6886,3427,14,1,Nhiều hành
6887,3427,15,3,
6888,3428,18,1,
6889,3429,29,3,Nhiều hành
6890,3430,14,2,Ít cay
6891,3430,13,1,Nhiều hành
6892,3431,30,2,
6893,3431,29,2,Nhiều hành
6894,3431,28,2,Ít cay
6895,3432,5,3,
6896,3433,18,2,
6897,3433,16,3,Đóng gói kỹ
6898,3433,17,1,Đóng gói kỹ
6899,3434,18,3,
6900,3434,16,3,
6901,3435,30,2,Nhiều hành
6902,3436,6,1,
6903,3436,4,3,Nhiều hành
6904,3437,23,2,
6905,3438,9,2,Ít cay
6906,3438,8,1,
6907,3439,18,3,Nhiều hành
6908,3439,16,3,
6909,3440,12,1,
6910,3441,28,3,Đóng gói kỹ
6911,3442,5,1,Ít cay
6912,3442,6,3,Nhiều hành
6913,3442,4,2,
6914,3443,8,2,Ít cay
6915,3444,30,1,
6916,3444,29,3,
6917,3444,28,2,
6918,3445,23,1,
6919,3445,22,2,
6920,3446,18,3,
6921,3446,16,1,Ít cay
6922,3447,28,2,Ít cay
6923,3447,30,3,
6924,3448,24,3,
6925,3448,23,2,
6926,3448,22,2,
6927,3449,12,1,
6928,3449,11,3,Nhiều hành
6929,3450,3,2,
6930,3450,2,3,
6931,3450,1,1,
6932,3451,7,3,Nhiều hành
6933,3451,9,1,Nhiều hành
6934,3452,4,2,
6935,3453,9,2,
6936,3453,8,2,Nhiều hành
6937,3453,7,1,
6938,3454,11,2,Nhiều hành
6939,3454,12,2,Đóng gói kỹ
6940,3454,10,1,Ít cay
6941,3455,6,3,Ít cay
6942,3455,5,2,
6943,3456,23,2,Ít cay
6944,3456,22,2,Ít cay
6945,3456,24,2,
6946,3457,6,1,Đóng gói kỹ
6947,3457,4,2,
6948,3458,19,1,
6949,3458,20,1,
6950,3458,21,3,Đóng gói kỹ
6951,3459,19,1,Ít cay
6952,3460,17,1,Ít cay
6953,3461,3,3,Ít cay
6954,3461,1,2,Đóng gói kỹ
6955,3461,2,2,Nhiều hành
6956,3462,21,3,
6957,3462,20,1,Ít cay
6958,3463,3,2,
6959,3463,1,1,
6960,3464,3,1,Đóng gói kỹ
6961,3465,2,1,
6962,3465,1,2,
6963,3466,24,2,
6964,3466,22,3,Ít cay
6965,3466,23,3,Ít cay
6966,3467,16,2,
6967,3468,26,3,
6968,3468,25,2,
6969,3468,27,2,
6970,3469,27,1,
6971,3469,25,1,
6972,3470,7,3,
6973,3471,3,2,
6974,3471,2,2,
6975,3472,16,3,Ít cay
6976,3472,18,2,Đóng gói kỹ
6977,3472,17,1,
6978,3473,10,2,
6979,3473,12,1,Đóng gói kỹ
6980,3473,11,1,Đóng gói kỹ
6981,3474,28,1,
6982,3474,29,1,Ít cay
6983,3474,30,1,
6984,3475,26,2,Ít cay
6985,3475,25,1,
6986,3475,27,3,
6987,3476,7,1,
6988,3476,8,1,Nhiều hành
6989,3476,9,2,Đóng gói kỹ
6990,3477,5,3,
6991,3477,4,2,Ít cay
6992,3477,6,1,
6993,3478,30,2,Nhiều hành
6994,3479,11,1,Ít cay
6995,3479,10,1,
6996,3479,12,2,Nhiều hành
6997,3480,17,2,Ít cay
6998,3480,16,1,Nhiều hành
6999,3481,20,2,Ít cay
7000,3481,21,2,
7001,3482,18,2,Ít cay
7002,3482,16,3,
7003,3482,17,2,Nhiều hành
7004,3483,7,2,Đóng gói kỹ
7005,3483,9,1,Ít cay
7006,3483,8,2,Ít cay
7007,3484,25,3,
7008,3484,26,3,
7009,3485,8,2,Đóng gói kỹ
7010,3485,9,2,Đóng gói kỹ
7011,3485,7,2,
7012,3486,30,2,
7013,3486,29,2,Nhiều hành
7014,3487,25,3,
7015,3487,26,2,Nhiều hành
7016,3487,27,3,
7017,3488,14,1,Nhiều hành
7018,3488,15,2,Ít cay
7019,3488,13,3,Nhiều hành
7020,3489,6,2,Ít cay
7021,3489,4,1,
7022,3490,15,2,Đóng gói kỹ
7023,3490,14,1,
7024,3491,15,3,Đóng gói kỹ
7025,3491,13,3,Nhiều hành
7026,3491,14,1,Nhiều hành
7027,3492,26,3,
7028,3492,27,3,Nhiều hành
7029,3492,25,3,Ít cay
7030,3493,29,3,
7031,3493,30,2,
7032,3493,28,1,
7033,3494,5,2,Nhiều hành
7034,3494,4,1,
7035,3495,2,3,
7036,3495,3,3,Ít cay
7037,3496,23,2,
7038,3497,21,2,Đóng gói kỹ
7039,3497,20,3,Đóng gói kỹ
7040,3498,28,2,
7041,3498,30,1,Đóng gói kỹ
7042,3499,13,2,
7043,3499,15,1,
7044,3500,18,3,Ít cay
7045,3501,18,2,
7046,3501,16,2,
7047,3501,17,1,
7048,3502,18,3,
7049,3502,17,1,Nhiều hành
7050,3502,16,2,Ít cay
7051,3503,25,2,Đóng gói kỹ
7052,3503,27,1,
7053,3504,22,1,
7054,3505,29,2,Đóng gói kỹ
7055,3505,30,3,Ít cay
7056,3506,29,3,Đóng gói kỹ
7057,3506,28,2,
7058,3506,30,2,
7059,3507,22,3,Ít cay
7060,3507,23,1,Đóng gói kỹ
7061,3507,24,3,Nhiều hành
7062,3508,12,2,Nhiều hành
7063,3509,9,3,Đóng gói kỹ
7064,3510,17,2,Nhiều hành
7065,3510,16,1,Đóng gói kỹ
7066,3510,18,1,
7067,3511,10,3,Nhiều hành
7068,3512,22,2,
7069,3513,16,3,Ít cay
7070,3514,15,1,
7071,3514,13,3,
7072,3515,17,3,Ít cay
7073,3515,18,2,
7074,3515,16,2,Nhiều hành
7075,3516,7,2,Ít cay
7076,3516,8,2,Nhiều hành
7077,3517,20,1,Ít cay
7078,3518,12,3,Nhiều hành
7079,3518,10,2,Ít cay
7080,3518,11,2,
7081,3519,20,1,Nhiều hành
7082,3519,21,1,Ít cay
7083,3519,19,1,
7084,3520,30,3,
7085,3521,10,3,
7086,3521,11,3,Đóng gói kỹ
7087,3522,30,2,
7088,3523,15,1,
7089,3523,13,1,Nhiều hành
7090,3524,15,2,
7091,3524,13,1,Nhiều hành
7092,3524,14,2,Ít cay
7093,3525,9,3,Ít cay
7094,3526,23,1,Ít cay
7095,3526,22,3,Ít cay
7096,3526,24,3,Đóng gói kỹ
7097,3527,17,2,
7098,3528,2,3,Nhiều hành
7099,3529,6,2,Nhiều hành
7100,3529,5,2,Ít cay
7101,3529,4,2,Nhiều hành
7102,3530,21,2,
7103,3531,9,2,Nhiều hành
7104,3531,8,3,
7105,3532,21,1,
7106,3533,29,1,
7107,3534,1,1,
7108,3534,2,3,
7109,3535,24,3,
7110,3536,19,3,
7111,3536,20,3,
7112,3536,21,2,
7113,3537,10,1,
7114,3537,12,3,Ít cay
7115,3537,11,2,
7116,3538,17,1,
7117,3539,26,3,Nhiều hành
7118,3540,26,3,Nhiều hành
7119,3540,27,2,Đóng gói kỹ
7120,3541,22,3,
7121,3541,23,2,Nhiều hành
7122,3542,25,1,
7123,3543,13,3,Nhiều hành
7124,3543,14,2,Nhiều hành
7125,3543,15,1,Đóng gói kỹ
7126,3544,23,2,
7127,3545,10,3,
7128,3546,27,1,
7129,3547,11,1,Ít cay
7130,3547,10,1,Đóng gói kỹ
7131,3547,12,3,
7132,3548,16,3,
7133,3548,17,2,
7134,3549,23,1,
7135,3550,22,1,Nhiều hành
7136,3551,30,3,
7137,3552,10,3,
7138,3553,22,1,Ít cay
7139,3553,24,3,
7140,3553,23,3,
7141,3554,16,1,
7142,3554,17,1,
7143,3554,18,3,
7144,3555,20,2,Nhiều hành
7145,3555,19,3,Nhiều hành
7146,3556,21,1,
7147,3556,19,2,Ít cay
7148,3556,20,1,Đóng gói kỹ
7149,3557,7,2,Ít cay
7150,3558,12,1,
7151,3558,10,3,Ít cay
7152,3558,11,2,
7153,3559,1,3,
7154,3559,2,3,
7155,3560,25,2,
7156,3561,5,3,
7157,3562,8,1,
7158,3562,7,2,
7159,3562,9,3,Ít cay
7160,3563,15,2,Đóng gói kỹ
7161,3563,13,2,
7162,3563,14,3,
7163,3564,6,2,Đóng gói kỹ
7164,3564,5,2,
7165,3564,4,3,Nhiều hành
7166,3565,21,2,
7167,3565,20,1,Ít cay
7168,3565,19,1,
7169,3566,25,3,
7170,3567,26,3,
7171,3568,26,3,
7172,3568,27,1,Ít cay
7173,3569,25,2,Ít cay
7174,3569,27,2,
7175,3570,1,3,
7176,3570,3,1,
7177,3571,16,1,
7178,3571,18,3,Ít cay
7179,3572,11,2,
7180,3573,21,1,Đóng gói kỹ
7181,3574,6,3,
7182,3575,9,1,Đóng gói kỹ
7183,3576,18,2,Nhiều hành
7184,3576,16,2,Ít cay
7185,3577,10,2,
7186,3577,12,2,Nhiều hành
7187,3577,11,3,Nhiều hành
7188,3578,7,2,
7189,3578,8,3,Đóng gói kỹ
7190,3578,9,1,Ít cay
7191,3579,1,2,
7192,3579,2,3,Nhiều hành
7193,3579,3,3,
7194,3580,14,3,
7195,3581,18,3,
7196,3582,22,3,
7197,3582,23,1,
7198,3582,24,1,
7199,3583,11,2,
7200,3584,21,2,Ít cay
7201,3584,20,1,Đóng gói kỹ
7202,3584,19,3,
7203,3585,14,2,
7204,3585,15,1,
7205,3586,2,2,
7206,3586,3,2,
7207,3586,1,1,
7208,3587,5,2,
7209,3587,4,2,Nhiều hành
7210,3587,6,1,Nhiều hành
7211,3588,25,3,Nhiều hành
7212,3588,27,2,
7213,3589,22,1,
7214,3589,23,1,
7215,3590,12,2,Nhiều hành
7216,3591,6,3,
7217,3592,24,1,
7218,3593,29,1,
7219,3593,30,1,Ít cay
7220,3593,28,3,
7221,3594,22,1,Nhiều hành
7222,3594,23,2,
7223,3594,24,1,
7224,3595,29,2,
7225,3595,28,3,Nhiều hành
7226,3596,24,1,
7227,3596,23,3,
7228,3596,22,3,Đóng gói kỹ
7229,3597,10,3,
7230,3597,12,1,Đóng gói kỹ
7231,3597,11,2,
7232,3598,5,2,
7233,3599,27,1,
7234,3600,24,2,Ít cay
7235,3600,23,3,
7236,3600,22,3,
7237,3601,6,1,Nhiều hành
7238,3601,5,2,Đóng gói kỹ
7239,3602,1,1,Nhiều hành
7240,3603,2,2,Ít cay
7241,3603,3,1,
7242,3604,16,1,Đóng gói kỹ
7243,3604,18,1,Nhiều hành
7244,3604,17,2,Đóng gói kỹ
7245,3605,3,3,Ít cay
7246,3606,11,2,Ít cay
7247,3607,1,3,
7248,3607,3,3,Đóng gói kỹ
7249,3608,18,2,
7250,3608,16,3,
7251,3608,17,2,Nhiều hành
7252,3609,29,3,Ít cay
7253,3610,23,3,
7254,3611,21,2,
7255,3611,19,2,Đóng gói kỹ
7256,3612,9,1,
7257,3612,8,3,Ít cay
7258,3613,3,2,
7259,3614,21,2,Nhiều hành
7260,3615,20,2,
7261,3615,19,3,Đóng gói kỹ
7262,3615,21,1,Đóng gói kỹ
7263,3616,20,3,
7264,3616,21,1,Ít cay
7265,3616,19,3,
7266,3617,14,1,Nhiều hành
7267,3617,15,3,
7268,3617,13,2,
7269,3618,24,1,Đóng gói kỹ
7270,3618,22,3,
7271,3619,18,3,Nhiều hành
7272,3619,17,1,Nhiều hành
7273,3619,16,2,
7274,3620,21,1,
7275,3621,13,3,Ít cay
7276,3621,15,1,
7277,3621,14,2,
7278,3622,29,3,Đóng gói kỹ
7279,3622,28,3,Nhiều hành
7280,3623,6,3,
7281,3623,4,1,Đóng gói kỹ
7282,3624,27,3,Đóng gói kỹ
7283,3624,26,2,
7284,3625,5,2,
7285,3625,6,2,
7286,3626,30,1,Nhiều hành
7287,3627,23,2,
7288,3628,1,3,
7289,3628,2,3,Nhiều hành
7290,3629,7,3,
7291,3630,4,2,
7292,3630,5,2,Đóng gói kỹ
7293,3630,6,3,Ít cay
7294,3631,6,2,
7295,3631,5,1,
7296,3632,9,3,
7297,3632,7,1,Đóng gói kỹ
7298,3632,8,1,Ít cay
7299,3633,17,3,Nhiều hành
7300,3633,18,2,
7301,3634,6,3,
7302,3635,22,1,Đóng gói kỹ
7303,3636,12,2,Đóng gói kỹ
7304,3636,11,3,Nhiều hành
7305,3636,10,3,
7306,3637,29,3,
7307,3637,28,2,
7308,3638,21,2,Nhiều hành
7309,3638,20,2,
7310,3638,19,3,
7311,3639,30,1,Đóng gói kỹ
7312,3639,28,2,
7313,3639,29,1,
7314,3640,20,3,Nhiều hành
7315,3640,19,3,Ít cay
7316,3641,4,3,Nhiều hành
7317,3641,5,3,Ít cay
7318,3642,29,1,Nhiều hành
7319,3643,23,1,
7320,3643,24,1,
7321,3643,22,1,
7322,3644,4,2,Ít cay
7323,3645,24,2,
7324,3646,1,2,Nhiều hành
7325,3646,2,2,Đóng gói kỹ
7326,3646,3,3,Đóng gói kỹ
7327,3647,14,2,Đóng gói kỹ
7328,3647,15,3,
7329,3648,6,2,Nhiều hành
7330,3649,6,3,Đóng gói kỹ
7331,3649,5,3,
7332,3650,12,2,
7333,3650,11,1,Ít cay
7334,3650,10,3,Đóng gói kỹ
7335,3651,2,2,
7336,3652,29,3,Đóng gói kỹ
7337,3653,30,2,
7338,3653,29,2,Đóng gói kỹ
7339,3654,13,3,
7340,3654,14,1,
7341,3654,15,1,Ít cay
7342,3655,26,3,
7343,3655,27,1,
7344,3655,25,1,
7345,3656,14,2,
7346,3656,15,3,Ít cay
7347,3657,22,2,Nhiều hành
7348,3657,24,2,
7349,3658,13,3,Đóng gói kỹ
7350,3659,17,3,
7351,3660,11,3,Nhiều hành
7352,3661,20,3,
7353,3661,19,2,Đóng gói kỹ
7354,3661,21,2,
7355,3662,10,3,Nhiều hành
7356,3663,15,2,
7357,3663,14,3,
7358,3664,30,1,Nhiều hành
7359,3664,29,2,
7360,3665,4,1,
7361,3665,6,3,
7362,3665,5,2,
7363,3666,11,2,Nhiều hành
7364,3666,12,3,
7365,3666,10,3,
7366,3667,9,2,Đóng gói kỹ
7367,3667,8,1,
7368,3668,28,3,
7369,3668,29,3,
7370,3669,25,3,Nhiều hành
7371,3669,26,1,Đóng gói kỹ
7372,3670,22,2,
7373,3670,23,1,
7374,3670,24,3,Ít cay
7375,3671,18,1,
7376,3671,16,3,
7377,3672,13,2,
7378,3672,15,1,Nhiều hành
7379,3673,2,3,
7380,3674,20,2,
7381,3674,19,3,
7382,3674,21,2,
7383,3675,11,2,
7384,3675,12,3,
7385,3676,16,1,
7386,3677,20,3,Ít cay
7387,3678,22,3,Ít cay
7388,3679,5,1,
7389,3680,8,2,Đóng gói kỹ
7390,3681,27,2,Nhiều hành
7391,3681,26,1,
7392,3682,26,3,Nhiều hành
7393,3683,24,3,Nhiều hành
7394,3683,23,1,
7395,3684,30,3,
7396,3685,22,3,Nhiều hành
7397,3685,24,3,Đóng gói kỹ
7398,3685,23,3,
7399,3686,22,3,Đóng gói kỹ
7400,3686,23,3,Ít cay
7401,3686,24,2,
7402,3687,28,2,
7403,3688,17,3,
7404,3688,16,1,Ít cay
7405,3688,18,1,Nhiều hành
7406,3689,9,1,
7407,3689,8,1,
7408,3689,7,1,
7409,3690,30,2,
7410,3691,15,1,Ít cay
7411,3691,14,1,
7412,3692,12,3,Ít cay
7413,3693,1,3,
7414,3693,3,3,
7415,3693,2,3,Đóng gói kỹ
7416,3694,5,3,
7417,3694,4,1,
7418,3694,6,1,Đóng gói kỹ
7419,3695,21,2,Đóng gói kỹ
7420,3695,20,2,Ít cay
7421,3696,17,1,
7422,3697,24,2,
7423,3698,28,1,
7424,3699,17,2,
7425,3700,30,1,Nhiều hành
7426,3700,28,1,
7427,3701,30,2,
7428,3702,8,2,Đóng gói kỹ
7429,3702,7,1,
7430,3703,18,2,Ít cay
7431,3703,16,3,
7432,3704,2,1,Ít cay
7433,3704,1,2,
7434,3704,3,2,Nhiều hành
7435,3705,8,2,Nhiều hành
7436,3706,6,1,
7437,3706,4,2,
7438,3706,5,2,Nhiều hành
7439,3707,4,2,Nhiều hành
7440,3707,6,1,Nhiều hành
7441,3707,5,3,
7442,3708,23,3,Nhiều hành
7443,3709,14,3,
7444,3709,13,1,
7445,3709,15,2,
7446,3710,20,2,
7447,3711,22,1,Nhiều hành
7448,3711,24,2,Đóng gói kỹ
7449,3711,23,3,
7450,3712,1,3,
7451,3712,2,3,
7452,3712,3,3,
7453,3713,13,2,Đóng gói kỹ
7454,3713,15,3,
7455,3713,14,3,
7456,3714,14,1,
7457,3715,13,1,
7458,3716,16,3,Nhiều hành
7459,3716,18,2,
7460,3716,17,1,
7461,3717,30,1,Nhiều hành
7462,3717,28,1,
7463,3717,29,1,Ít cay
7464,3718,18,2,
7465,3718,16,3,Ít cay
7466,3719,4,1,Nhiều hành
7467,3719,5,1,
7468,3720,11,2,
7469,3720,12,3,Nhiều hành
7470,3721,12,2,
7471,3722,6,1,
7472,3722,4,2,Đóng gói kỹ
7473,3723,6,2,Nhiều hành
7474,3723,5,2,
7475,3724,20,2,Nhiều hành
7476,3724,19,3,
7477,3724,21,3,Đóng gói kỹ
7478,3725,14,3,
7479,3725,15,1,Ít cay
7480,3725,13,3,Đóng gói kỹ
7481,3726,24,1,Ít cay
7482,3726,22,3,
7483,3726,23,1,
7484,3727,25,3,
7485,3727,27,1,Nhiều hành
7486,3728,15,3,
7487,3728,13,1,
7488,3728,14,2,
7489,3729,6,3,
7490,3730,20,3,Ít cay
7491,3731,16,2,
7492,3731,17,2,Ít cay
7493,3732,22,1,
7494,3733,14,3,Nhiều hành
7495,3733,13,1,
7496,3734,5,3,Ít cay
7497,3735,8,3,Đóng gói kỹ
7498,3735,9,2,
7499,3736,20,3,
7500,3736,19,3,Ít cay
7501,3736,21,2,
7502,3737,8,2,Đóng gói kỹ
7503,3738,13,2,
7504,3739,12,2,
7505,3739,11,1,Ít cay
7506,3739,10,2,Nhiều hành
7507,3740,29,2,
7508,3741,10,1,
7509,3741,11,1,Ít cay
7510,3742,23,1,Ít cay
7511,3742,22,2,Nhiều hành
7512,3743,2,3,Đóng gói kỹ
7513,3743,3,1,Nhiều hành
7514,3743,1,3,
7515,3744,24,2,
7516,3744,22,1,Đóng gói kỹ
7517,3745,28,2,
7518,3745,30,3,
7519,3745,29,2,
7520,3746,7,2,
7521,3746,8,2,
7522,3747,13,3,Đóng gói kỹ
7523,3748,1,3,Ít cay
7524,3748,2,3,Nhiều hành
7525,3749,5,1,Ít cay
7526,3749,6,1,
7527,3750,21,2,Ít cay
7528,3750,20,2,
7529,3750,19,1,Nhiều hành
7530,3751,29,1,
7531,3751,30,2,
7532,3752,17,1,
7533,3752,18,2,Đóng gói kỹ
7534,3753,16,1,
7535,3753,18,3,
7536,3754,8,3,
7537,3755,27,3,Đóng gói kỹ
7538,3755,26,3,
7539,3756,25,3,Ít cay
7540,3756,27,1,
7541,3756,26,1,
7542,3757,4,3,
7543,3757,5,1,Nhiều hành
7544,3758,2,1,
7545,3758,3,3,
7546,3759,24,3,
7547,3759,22,1,
7548,3760,9,1,
7549,3761,11,3,Ít cay
7550,3761,12,1,
7551,3761,10,1,
7552,3762,29,3,
7553,3762,30,2,
7554,3762,28,3,
7555,3763,13,1,
7556,3763,15,3,Ít cay
7557,3763,14,3,
7558,3764,27,3,Ít cay
7559,3764,25,1,
7560,3765,16,2,
7561,3765,17,2,Ít cay
7562,3765,18,1,Nhiều hành
7563,3766,1,3,
7564,3766,3,1,
7565,3767,22,1,
7566,3768,11,2,Nhiều hành
7567,3768,12,3,
7568,3768,10,1,Ít cay
7569,3769,21,2,
7570,3769,19,2,Đóng gói kỹ
7571,3769,20,2,
7572,3770,8,1,
7573,3770,9,2,Ít cay
7574,3771,5,3,Ít cay
7575,3771,6,2,
7576,3772,2,2,Nhiều hành
7577,3772,1,2,Đóng gói kỹ
7578,3773,19,3,Ít cay
7579,3774,12,3,Nhiều hành
7580,3774,11,3,
7581,3774,10,2,Ít cay
7582,3775,14,1,Nhiều hành
7583,3775,15,2,
7584,3776,10,3,
7585,3777,26,1,
7586,3777,27,3,
7587,3778,15,3,
7588,3778,14,3,Đóng gói kỹ
7589,3778,13,3,
7590,3779,2,2,
7591,3779,3,2,
7592,3780,8,2,Nhiều hành
7593,3780,7,3,
7594,3781,12,2,Nhiều hành
7595,3782,18,2,
7596,3782,17,1,Ít cay
7597,3782,16,2,Ít cay
7598,3783,11,3,
7599,3784,26,2,Nhiều hành
7600,3784,27,3,
7601,3784,25,1,
7602,3785,23,1,
7603,3785,24,3,
7604,3786,12,1,
7605,3787,28,1,
7606,3788,6,2,
7607,3788,4,2,Đóng gói kỹ
7608,3788,5,3,
7609,3789,5,2,
7610,3790,25,3,Đóng gói kỹ
7611,3791,13,3,Ít cay
7612,3792,24,2,
7613,3792,22,1,
7614,3793,29,3,Ít cay
7615,3794,12,3,Đóng gói kỹ
7616,3795,3,2,
7617,3795,1,3,Ít cay
7618,3795,2,3,
7619,3796,17,1,
7620,3796,16,2,Đóng gói kỹ
7621,3796,18,3,Nhiều hành
7622,3797,5,3,Đóng gói kỹ
7623,3798,11,3,Đóng gói kỹ
7624,3798,10,1,
7625,3799,22,1,
7626,3800,19,3,
7627,3800,20,3,
7628,3800,21,3,
7629,3801,13,2,
7630,3801,15,3,
7631,3802,26,3,
7632,3803,2,1,
7633,3804,23,1,
7634,3805,27,2,Nhiều hành
7635,3806,17,3,
7636,3806,18,3,Nhiều hành
7637,3806,16,1,Nhiều hành
7638,3807,20,3,Đóng gói kỹ
7639,3807,19,3,
7640,3808,25,1,
7641,3808,27,1,
7642,3808,26,1,Ít cay
7643,3809,4,3,Đóng gói kỹ
7644,3810,13,2,
7645,3810,15,3,
7646,3811,10,3,
7647,3811,11,1,
7648,3811,12,1,Ít cay
7649,3812,2,2,Đóng gói kỹ
7650,3812,3,1,
7651,3812,1,2,
7652,3813,28,3,Ít cay
7653,3814,8,1,Ít cay
7654,3814,9,2,
7655,3815,20,2,Nhiều hành
7656,3815,21,1,
7657,3816,29,3,Nhiều hành
7658,3816,28,1,
7659,3816,30,3,
7660,3817,11,3,
7661,3818,26,1,
7662,3819,15,2,
7663,3819,13,2,Ít cay
7664,3819,14,3,Nhiều hành
7665,3820,24,3,Nhiều hành
7666,3821,18,1,
7667,3822,30,3,
7668,3823,21,2,Ít cay
7669,3823,19,2,Ít cay
7670,3823,20,2,Nhiều hành
7671,3824,13,2,
7672,3824,15,1,
7673,3824,14,2,
7674,3825,27,2,
7675,3825,26,3,
7676,3826,3,1,Nhiều hành
7677,3826,1,2,Ít cay
7678,3827,9,3,Đóng gói kỹ
7679,3827,8,2,
7680,3827,7,1,Ít cay
7681,3828,6,2,Ít cay
7682,3829,8,3,
7683,3829,7,1,Ít cay
7684,3830,28,3,Nhiều hành
7685,3831,5,2,Nhiều hành
7686,3831,4,1,
7687,3831,6,2,
7688,3832,8,3,
7689,3832,7,1,Ít cay
7690,3832,9,3,Nhiều hành
7691,3833,10,1,
7692,3834,30,3,
7693,3834,28,2,
7694,3835,16,1,
7695,3835,18,1,Đóng gói kỹ
7696,3835,17,1,
7697,3836,10,1,Ít cay
7698,3837,30,2,
7699,3837,28,2,Ít cay
7700,3837,29,3,
7701,3838,23,3,
7702,3839,4,3,
7703,3839,5,1,Nhiều hành
7704,3840,23,2,Nhiều hành
7705,3840,24,1,
7706,3840,22,2,
7707,3841,11,1,
7708,3841,10,2,Nhiều hành
7709,3841,12,1,
7710,3842,16,2,Ít cay
7711,3843,19,3,Nhiều hành
7712,3843,21,1,
7713,3844,21,3,Đóng gói kỹ
7714,3845,26,3,
7715,3846,23,1,Ít cay
7716,3846,24,2,
7717,3846,22,2,Đóng gói kỹ
7718,3847,27,1,Nhiều hành
7719,3847,26,1,Đóng gói kỹ
7720,3848,1,2,Nhiều hành
7721,3848,2,3,Đóng gói kỹ
7722,3848,3,3,Ít cay
7723,3849,14,3,
7724,3849,15,3,Ít cay
7725,3850,25,2,Nhiều hành
7726,3850,27,3,
7727,3851,7,3,Đóng gói kỹ
7728,3852,10,1,Nhiều hành
7729,3853,6,3,
7730,3854,29,1,Đóng gói kỹ
7731,3854,30,2,Ít cay
7732,3855,21,2,Đóng gói kỹ
7733,3855,19,3,
7734,3855,20,3,
7735,3856,12,1,
7736,3856,11,2,
7737,3856,10,3,
7738,3857,9,1,
7739,3857,7,3,
7740,3858,22,2,
7741,3859,15,1,Đóng gói kỹ
7742,3860,11,2,Đóng gói kỹ
7743,3861,5,2,Đóng gói kỹ
7744,3861,6,3,
7745,3862,7,1,Đóng gói kỹ
7746,3862,9,2,Ít cay
7747,3863,17,1,Nhiều hành
7748,3863,16,3,Đóng gói kỹ
7749,3864,27,2,
7750,3865,23,1,
7751,3865,22,3,
7752,3866,1,1,
7753,3866,2,2,
7754,3866,3,2,
7755,3867,20,1,Đóng gói kỹ
7756,3867,19,2,Đóng gói kỹ
7757,3867,21,3,
7758,3868,30,3,
7759,3868,29,2,
7760,3868,28,1,
7761,3869,4,1,
7762,3870,4,2,
7763,3871,3,1,Ít cay
7764,3871,2,3,
7765,3871,1,3,
7766,3872,28,1,Đóng gói kỹ
7767,3872,29,3,
7768,3873,6,2,Đóng gói kỹ
7769,3873,4,1,
7770,3874,2,2,Đóng gói kỹ
7771,3874,3,1,
7772,3874,1,3,Đóng gói kỹ
7773,3875,26,1,
7774,3876,23,2,Đóng gói kỹ
7775,3876,24,1,
7776,3877,3,3,
7777,3877,2,2,Nhiều hành
7778,3877,1,1,Nhiều hành
7779,3878,11,1,Nhiều hành
7780,3879,21,1,
7781,3880,7,2,Ít cay
7782,3881,1,2,
7783,3882,25,2,Nhiều hành
7784,3883,3,2,Đóng gói kỹ
7785,3883,2,1,
7786,3884,15,2,
7787,3884,14,2,
7788,3884,13,3,
7789,3885,25,3,
7790,3885,26,1,Ít cay
7791,3885,27,3,Đóng gói kỹ
7792,3886,5,2,
7793,3887,10,1,Nhiều hành
7794,3887,11,2,
7795,3888,19,2,
7796,3889,6,3,Nhiều hành
7797,3890,26,1,
7798,3890,25,2,
7799,3890,27,1,
7800,3891,15,1,
7801,3891,13,2,
7802,3892,30,2,
7803,3892,28,2,
7804,3892,29,3,
7805,3893,18,3,
7806,3894,22,1,
7807,3894,24,1,
7808,3895,25,3,Đóng gói kỹ
7809,3895,27,2,
7810,3895,26,1,Nhiều hành
7811,3896,4,1,
7812,3897,5,2,
7813,3897,6,2,
7814,3898,30,1,Đóng gói kỹ
7815,3898,28,3,
7816,3899,8,1,Nhiều hành
7817,3899,9,3,
7818,3900,19,3,Nhiều hành
7819,3901,11,1,Ít cay
7820,3901,10,2,
7821,3901,12,2,Ít cay
7822,3902,10,3,Ít cay
7823,3903,12,1,Đóng gói kỹ
7824,3903,11,1,
7825,3904,27,2,
7826,3904,26,1,Đóng gói kỹ
7827,3904,25,1,Đóng gói kỹ
7828,3905,27,3,Ít cay
7829,3906,22,3,
7830,3906,23,1,Ít cay
7831,3907,17,2,
7832,3907,16,3,
7833,3907,18,2,
7834,3908,18,2,
7835,3908,17,3,Nhiều hành
7836,3909,14,2,
7837,3909,15,1,
7838,3909,13,1,Ít cay
7839,3910,17,1,
7840,3910,16,3,
7841,3911,14,2,Đóng gói kỹ
7842,3912,22,2,Nhiều hành
7843,3913,13,1,
7844,3913,15,1,
7845,3914,20,2,Nhiều hành
7846,3915,16,2,Nhiều hành
7847,3916,1,3,
7848,3917,27,3,
7849,3917,26,2,Nhiều hành
7850,3918,17,1,
7851,3918,16,2,Đóng gói kỹ
7852,3919,25,2,
7853,3919,27,1,
7854,3920,26,3,
7855,3921,17,3,
7856,3922,15,3,Nhiều hành
7857,3922,14,1,
7858,3922,13,3,
7859,3923,29,1,Nhiều hành
7860,3924,5,3,Đóng gói kỹ
7861,3925,29,2,Nhiều hành
7862,3926,3,3,
7863,3926,2,3,Nhiều hành
7864,3926,1,1,Ít cay
7865,3927,5,3,
7866,3927,4,3,
7867,3927,6,2,Nhiều hành
7868,3928,7,3,
7869,3929,2,1,
7870,3929,1,2,Ít cay
7871,3930,27,1,
7872,3930,26,1,
7873,3930,25,2,
7874,3931,23,2,
7875,3932,17,2,
7876,3932,16,1,
7877,3933,15,3,
7878,3933,13,2,
7879,3934,5,1,Đóng gói kỹ
7880,3934,6,1,Ít cay
7881,3934,4,3,
7882,3935,6,2,
7883,3935,5,3,Nhiều hành
7884,3935,4,3,
7885,3936,14,3,
7886,3936,15,2,Ít cay
7887,3936,13,2,Nhiều hành
7888,3937,24,1,Đóng gói kỹ
7889,3937,22,2,Đóng gói kỹ
7890,3937,23,2,
7891,3938,16,3,
7892,3938,18,1,Ít cay
7893,3938,17,1,
7894,3939,10,1,Nhiều hành
7895,3939,12,1,
7896,3940,18,2,Đóng gói kỹ
7897,3940,16,1,Ít cay
7898,3941,20,2,
7899,3942,1,1,
7900,3943,30,2,
7901,3943,28,2,
7902,3943,29,2,Ít cay
7903,3944,23,3,
7904,3944,24,1,Ít cay
7905,3945,26,1,
7906,3945,25,2,
7907,3945,27,3,Ít cay
7908,3946,27,2,Ít cay
7909,3946,26,2,
7910,3947,14,2,
7911,3947,13,2,
7912,3947,15,3,
7913,3948,17,2,
7914,3949,21,1,
7915,3949,19,3,
7916,3950,12,3,
7917,3950,11,2,Đóng gói kỹ
7918,3951,25,1,Nhiều hành
7919,3951,26,1,
7920,3951,27,1,
7921,3952,14,1,Đóng gói kỹ
7922,3953,1,3,Ít cay
7923,3954,6,2,Đóng gói kỹ
7924,3954,4,1,
7925,3955,6,3,
7926,3956,6,3,Nhiều hành
7927,3956,4,1,Đóng gói kỹ
7928,3956,5,2,Đóng gói kỹ
7929,3957,23,2,Ít cay
7930,3957,24,2,
7931,3958,12,3,
7932,3958,10,3,
7933,3959,1,2,Nhiều hành
7934,3959,2,1,
7935,3959,3,2,
7936,3960,28,3,
7937,3961,24,2,Nhiều hành
7938,3961,22,3,
7939,3962,25,2,
7940,3962,27,3,
7941,3963,19,2,
7942,3963,21,3,Ít cay
7943,3963,20,1,Đóng gói kỹ
7944,3964,21,3,Nhiều hành
7945,3964,20,1,Nhiều hành
7946,3965,12,2,
7947,3965,11,3,
7948,3966,25,1,
7949,3966,27,2,
7950,3966,26,3,Nhiều hành
7951,3967,5,1,
7952,3967,4,3,Nhiều hành
7953,3968,24,2,
7954,3968,22,2,Nhiều hành
7955,3969,24,2,Nhiều hành
7956,3969,23,2,Ít cay
7957,3969,22,3,
7958,3970,20,2,
7959,3970,21,1,Ít cay
7960,3971,21,2,
7961,3972,11,3,Ít cay
7962,3973,22,3,
7963,3974,22,1,
7964,3974,23,3,
7965,3975,18,2,
7966,3975,16,1,
7967,3976,1,3,
7968,3976,2,3,
7969,3976,3,3,Đóng gói kỹ
7970,3977,14,2,
7971,3977,13,2,Đóng gói kỹ
7972,3977,15,3,Ít cay
7973,3978,19,2,
7974,3979,10,2,
7975,3979,11,2,Đóng gói kỹ
7976,3979,12,2,
7977,3980,6,2,Đóng gói kỹ
7978,3980,4,3,
7979,3980,5,3,
7980,3981,4,1,
7981,3981,5,2,
7982,3982,30,2,Đóng gói kỹ
7983,3982,29,3,
7984,3982,28,1,Nhiều hành
7985,3983,29,2,Ít cay
7986,3983,28,3,
7987,3983,30,2,Đóng gói kỹ
7988,3984,17,1,
7989,3985,10,1,Đóng gói kỹ
7990,3985,12,3,Ít cay
7991,3986,12,3,Đóng gói kỹ
7992,3986,10,3,
7993,3986,11,1,Nhiều hành
7994,3987,28,2,Nhiều hành
7995,3987,29,1,
7996,3988,18,2,Ít cay
7997,3988,17,3,Đóng gói kỹ
7998,3989,25,2,
7999,3989,27,1,Ít cay
8000,3990,17,1,
8001,3991,6,3,Ít cay
8002,3991,4,2,
8003,3992,18,1,
8004,3992,17,1,
8005,3992,16,3,
8006,3993,18,1,
8007,3993,16,1,
8008,3993,17,2,Ít cay
8009,3994,17,1,
8010,3995,27,3,
8011,3995,25,3,
8012,3996,12,3,
8013,3997,2,3,
8014,3998,1,1,
8015,3998,3,1,
8016,3998,2,1,
8017,3999,21,2,
8018,3999,20,1,Nhiều hành
8019,4000,3,3,
8020,4000,1,1,
8021,4001,1,3,
8022,4001,2,1,
8023,4001,3,3,Nhiều hành
8024,4002,5,2,Nhiều hành
8025,4003,9,1,
8026,4004,13,2,
8027,4005,26,1,
8028,4005,25,3,
8029,4005,27,2,
8030,4006,13,2,
8031,4006,14,2,Ít cay
8032,4006,15,2,Đóng gói kỹ
8033,4007,20,3,
8034,4007,19,1,Nhiều hành
8035,4008,3,1,
8036,4009,24,1,Nhiều hành
8037,4009,22,3,
8038,4009,23,1,
8039,4010,10,3,
8040,4011,5,3,
8041,4011,4,1,
8042,4011,6,2,Ít cay
8043,4012,21,2,
8044,4013,14,3,Nhiều hành
8045,4014,13,3,
8046,4014,15,1,Nhiều hành
8047,4014,14,1,Ít cay
8048,4015,20,1,Nhiều hành
8049,4015,21,3,Ít cay
8050,4016,10,3,
8051,4016,12,3,
8052,4016,11,3,Đóng gói kỹ
8053,4017,12,1,Nhiều hành
8054,4017,11,2,Nhiều hành
8055,4018,17,1,Nhiều hành
8056,4019,28,3,
8057,4020,7,3,
8058,4020,8,1,Đóng gói kỹ
8059,4020,9,3,Nhiều hành
8060,4021,1,1,
8061,4022,14,2,
8062,4022,15,3,Ít cay
8063,4022,13,2,
8064,4023,23,1,Ít cay
8065,4023,24,2,
8066,4024,30,1,
8067,4024,28,3,
8068,4025,22,3,Nhiều hành
8069,4025,24,1,Đóng gói kỹ
8070,4026,7,3,
8071,4026,9,3,
8072,4027,6,1,
8073,4027,4,2,
8074,4027,5,2,
8075,4028,21,1,Đóng gói kỹ
8076,4028,20,2,
8077,4029,3,1,
8078,4030,23,3,Đóng gói kỹ
8079,4030,24,1,Đóng gói kỹ
8080,4030,22,2,
8081,4031,20,2,
8082,4031,19,1,Ít cay
8083,4032,22,1,Ít cay
8084,4032,23,2,
8085,4032,24,3,
8086,4033,22,3,
8087,4033,24,2,Đóng gói kỹ
8088,4034,15,2,
8089,4035,11,2,Đóng gói kỹ
8090,4036,25,3,Nhiều hành
8091,4037,5,2,
8092,4037,4,1,Ít cay
8093,4038,12,1,Ít cay
8094,4039,9,3,Nhiều hành
8095,4039,7,1,Nhiều hành
8096,4039,8,3,Nhiều hành
8097,4040,1,2,Nhiều hành
8098,4041,6,2,Đóng gói kỹ
8099,4041,5,1,
8100,4042,27,2,
8101,4043,11,3,
8102,4043,12,1,
8103,4043,10,3,Đóng gói kỹ
8104,4044,26,3,Nhiều hành
8105,4045,20,3,Ít cay
8106,4045,21,3,
8107,4045,19,1,
8108,4046,26,3,
8109,4047,18,3,
8110,4048,8,3,Ít cay
8111,4049,27,2,
8112,4049,26,3,
8113,4049,25,3,Nhiều hành
8114,4050,29,2,
8115,4050,30,1,
8116,4050,28,1,
8117,4051,6,3,Đóng gói kỹ
8118,4051,5,1,Nhiều hành
8119,4052,16,2,Nhiều hành
8120,4052,17,3,
8121,4053,22,2,
8122,4053,23,3,
8123,4053,24,1,
8124,4054,27,1,
8125,4055,20,2,
8126,4056,19,2,Ít cay
8127,4057,26,2,Nhiều hành
8128,4058,26,1,
8129,4058,25,3,
8130,4059,3,1,Ít cay
8131,4059,1,2,Nhiều hành
8132,4060,6,2,Nhiều hành
8133,4061,29,2,
8134,4062,15,2,Ít cay
8135,4062,14,2,Ít cay
8136,4062,13,2,
8137,4063,2,2,
8138,4063,1,1,
8139,4063,3,3,
8140,4064,20,2,
8141,4064,21,1,
8142,4064,19,1,Nhiều hành
8143,4065,7,2,
8144,4066,4,1,
8145,4066,6,2,
8146,4067,20,1,
8147,4068,3,1,Nhiều hành
8148,4068,2,2,
8149,4069,29,2,
8150,4069,30,1,
8151,4070,8,2,Đóng gói kỹ
8152,4070,7,3,
8153,4070,9,1,Nhiều hành
8154,4071,28,2,Ít cay
8155,4072,14,1,
8156,4072,13,2,
8157,4072,15,2,
8158,4073,12,2,Nhiều hành
8159,4074,21,1,Đóng gói kỹ
8160,4074,19,2,Nhiều hành
8161,4075,13,3,Nhiều hành
8162,4075,14,2,
8163,4076,3,2,
8164,4076,2,3,
8165,4077,6,1,
8166,4077,5,1,
8167,4077,4,2,Đóng gói kỹ
8168,4078,11,2,Ít cay
8169,4078,10,1,
8170,4079,30,2,
8171,4079,29,1,
8172,4080,30,1,Ít cay
8173,4081,1,3,Đóng gói kỹ
8174,4081,2,2,Ít cay
8175,4082,24,3,Ít cay
8176,4083,19,3,
8177,4083,20,3,Ít cay
8178,4083,21,3,Ít cay
8179,4084,26,3,
8180,4084,27,2,
8181,4084,25,3,
8182,4085,30,1,
8183,4085,28,2,Nhiều hành
8184,4086,18,1,
8185,4086,17,3,Nhiều hành
8186,4086,16,1,Nhiều hành
8187,4087,11,1,Nhiều hành
8188,4088,10,2,Ít cay
8189,4088,12,2,
8190,4088,11,3,Ít cay
8191,4089,6,2,Đóng gói kỹ
8192,4090,13,3,Ít cay
8193,4090,14,2,
8194,4091,19,2,Nhiều hành
8195,4091,20,2,
8196,4091,21,3,Nhiều hành
8197,4092,27,3,
8198,4093,7,1,
8199,4093,8,1,Nhiều hành
8200,4094,10,1,Đóng gói kỹ
8201,4095,18,1,
8202,4095,17,3,
8203,4096,12,1,Đóng gói kỹ
8204,4097,26,2,
8205,4098,14,2,
8206,4099,26,2,Đóng gói kỹ
8207,4100,13,2,
8208,4100,14,3,
8209,4101,2,1,Ít cay
8210,4101,3,1,
8211,4102,8,3,
8212,4102,9,3,
8213,4102,7,1,
8214,4103,3,1,
8215,4103,2,3,Ít cay
8216,4103,1,3,Đóng gói kỹ
8217,4104,26,2,Đóng gói kỹ
8218,4104,25,1,
8219,4104,27,3,
8220,4105,25,3,
8221,4106,14,1,
8222,4107,23,2,
8223,4108,10,3,
8224,4108,11,3,
8225,4108,12,3,
8226,4109,25,1,
8227,4110,7,1,
8228,4110,8,2,Nhiều hành
8229,4110,9,1,
8230,4111,26,2,
8231,4112,2,3,
8232,4112,3,2,
8233,4112,1,3,
8234,4113,20,3,Ít cay
8235,4113,21,1,
8236,4113,19,3,
8237,4114,11,2,Nhiều hành
8238,4115,25,2,Đóng gói kỹ
8239,4115,27,2,
8240,4116,5,2,Nhiều hành
8241,4117,25,1,
8242,4117,26,3,
8243,4118,22,3,
8244,4118,23,1,Ít cay
8245,4119,4,3,
8246,4120,21,3,Ít cay
8247,4121,11,1,
8248,4121,12,3,
8249,4122,15,1,
8250,4122,13,3,
8251,4123,14,3,Đóng gói kỹ
8252,4124,18,3,Ít cay
8253,4125,14,1,Nhiều hành
8254,4125,15,1,
8255,4125,13,3,Nhiều hành
8256,4126,18,1,
8257,4127,14,2,Ít cay
8258,4127,15,1,
8259,4128,29,3,
8260,4128,30,1,
8261,4128,28,2,
8262,4129,18,1,
8263,4130,14,1,Ít cay
8264,4130,13,3,
8265,4130,15,1,
8266,4131,6,2,Đóng gói kỹ
8267,4131,4,2,
8268,4131,5,2,
8269,4132,18,3,
8270,4132,16,2,Đóng gói kỹ
8271,4133,5,3,
8272,4133,6,3,Ít cay
8273,4134,4,1,
8274,4134,6,3,Ít cay
8275,4134,5,3,Đóng gói kỹ
8276,4135,6,1,
8277,4135,4,1,Nhiều hành
8278,4135,5,1,Ít cay
8279,4136,19,2,Nhiều hành
8280,4137,24,1,Nhiều hành
8281,4137,22,2,Ít cay
8282,4138,21,2,Nhiều hành
8283,4139,28,3,Ít cay
8284,4139,30,2,Đóng gói kỹ
8285,4139,29,2,Đóng gói kỹ
8286,4140,20,1,
8287,4141,19,1,
8288,4141,20,3,
8289,4142,6,3,
8290,4143,19,3,
8291,4144,29,3,Ít cay
8292,4145,5,3,Nhiều hành
8293,4145,6,1,Đóng gói kỹ
8294,4146,21,1,
8295,4146,19,2,
8296,4146,20,2,
8297,4147,5,3,Nhiều hành
8298,4147,4,2,Đóng gói kỹ
8299,4147,6,1,Nhiều hành
8300,4148,25,3,Đóng gói kỹ
8301,4148,27,1,
8302,4149,29,2,Ít cay
8303,4149,30,2,Ít cay
8304,4150,23,3,Đóng gói kỹ
8305,4151,4,1,Đóng gói kỹ
8306,4151,6,3,Đóng gói kỹ
8307,4152,19,2,Đóng gói kỹ
8308,4152,20,3,
8309,4152,21,3,
8310,4153,4,2,
8311,4153,5,2,
8312,4153,6,3,
8313,4154,30,2,
8314,4155,15,2,
8315,4155,13,2,
8316,4156,2,2,
8317,4156,1,3,Đóng gói kỹ
8318,4157,18,3,
8319,4157,16,2,
8320,4157,17,2,Ít cay
8321,4158,2,2,Đóng gói kỹ
8322,4159,16,1,Ít cay
8323,4159,17,2,Đóng gói kỹ
8324,4159,18,2,
8325,4160,11,2,
8326,4160,10,2,Nhiều hành
8327,4161,9,2,Nhiều hành
8328,4162,8,1,
8329,4163,19,3,
8330,4163,20,3,
8331,4163,21,2,Đóng gói kỹ
8332,4164,15,3,
8333,4164,13,2,
8334,4165,12,3,
8335,4165,11,3,Nhiều hành
8336,4165,10,1,
8337,4166,2,2,
8338,4166,1,2,Nhiều hành
8339,4167,13,3,
8340,4167,15,2,
8341,4168,10,3,
8342,4169,12,1,Nhiều hành
8343,4169,10,3,
8344,4170,5,2,Đóng gói kỹ
8345,4171,1,3,
8346,4171,3,2,Ít cay
8347,4171,2,3,
8348,4172,10,1,
8349,4173,5,3,Nhiều hành
8350,4173,4,2,Nhiều hành
8351,4174,17,1,Đóng gói kỹ
8352,4174,16,2,Nhiều hành
8353,4175,15,1,Đóng gói kỹ
8354,4175,14,3,Đóng gói kỹ
8355,4176,6,1,
8356,4176,5,3,Nhiều hành
8357,4177,25,1,Nhiều hành
8358,4178,25,1,Ít cay
8359,4179,18,3,
8360,4179,16,3,
8361,4179,17,2,
8362,4180,24,1,
8363,4180,23,3,Đóng gói kỹ
8364,4180,22,3,Ít cay
8365,4181,24,1,
8366,4181,23,1,Ít cay
8367,4182,8,1,Nhiều hành
8368,4182,7,2,Nhiều hành
8369,4182,9,1,
8370,4183,12,1,
8371,4183,10,3,Ít cay
8372,4184,3,3,
8373,4184,1,3,
8374,4185,2,2,
8375,4185,1,3,Nhiều hành
8376,4186,10,1,
8377,4186,12,1,
8378,4186,11,1,
8379,4187,22,1,Đóng gói kỹ
8380,4187,24,2,Nhiều hành
8381,4187,23,3,
8382,4188,18,1,Nhiều hành
8383,4189,30,3,
8384,4190,19,3,Đóng gói kỹ
8385,4190,21,2,Ít cay
8386,4191,11,2,Nhiều hành
8387,4191,10,1,
8388,4191,12,3,Ít cay
8389,4192,5,1,
8390,4192,6,2,
8391,4192,4,3,Nhiều hành
8392,4193,18,3,Ít cay
8393,4194,16,3,Ít cay
8394,4194,17,1,
8395,4194,18,3,
8396,4195,6,3,Nhiều hành
8397,4195,5,1,
8398,4195,4,1,
8399,4196,30,1,Ít cay
8400,4196,28,1,Ít cay
8401,4197,2,1,
8402,4198,8,1,Đóng gói kỹ
8403,4198,9,1,
8404,4199,14,2,
8405,4199,13,1,
8406,4199,15,3,
8407,4200,27,1,
8408,4201,16,3,Đóng gói kỹ
8409,4202,15,3,Đóng gói kỹ
8410,4202,13,2,
8411,4202,14,2,
8412,4203,10,1,Đóng gói kỹ
8413,4203,12,1,
8414,4203,11,1,
8415,4204,23,1,Đóng gói kỹ
8416,4205,8,2,
8417,4205,7,2,
8418,4205,9,1,
8419,4206,8,1,Ít cay
8420,4207,14,1,Đóng gói kỹ
8421,4208,30,2,
8422,4208,28,2,Đóng gói kỹ
8423,4209,12,2,Ít cay
8424,4210,28,3,Đóng gói kỹ
8425,4210,29,3,Ít cay
8426,4211,19,1,
8427,4211,21,3,
8428,4211,20,2,
8429,4212,30,2,Đóng gói kỹ
8430,4213,19,1,
8431,4213,20,1,
8432,4213,21,2,Đóng gói kỹ
8433,4214,19,3,Nhiều hành
8434,4214,20,2,Đóng gói kỹ
8435,4215,26,2,
8436,4215,27,1,
8437,4216,18,3,
8438,4216,17,2,
8439,4217,20,2,Ít cay
8440,4218,16,3,
8441,4218,17,1,
8442,4219,1,2,Nhiều hành
8443,4219,3,3,Nhiều hành
8444,4219,2,1,
8445,4220,2,2,
8446,4221,21,1,Nhiều hành
8447,4221,20,2,
8448,4221,19,1,Đóng gói kỹ
8449,4222,3,3,
8450,4222,1,2,
8451,4222,2,1,
8452,4223,30,1,Nhiều hành
8453,4223,28,2,Ít cay
8454,4223,29,2,
8455,4224,10,3,Ít cay
8456,4224,11,3,Đóng gói kỹ
8457,4225,21,3,Nhiều hành
8458,4225,19,1,Đóng gói kỹ
8459,4226,14,3,
8460,4227,19,3,
8461,4227,21,2,
8462,4227,20,3,
8463,4228,3,2,
8464,4228,1,1,
8465,4229,5,2,
8466,4229,6,1,Nhiều hành
8467,4229,4,2,Nhiều hành
8468,4230,30,3,
8469,4230,29,2,
8470,4231,29,1,
8471,4231,30,1,Đóng gói kỹ
8472,4231,28,3,
8473,4232,1,2,Nhiều hành
8474,4233,10,1,
8475,4234,22,1,
8476,4234,24,2,
8477,4234,23,1,
8478,4235,29,2,Nhiều hành
8479,4235,30,2,Nhiều hành
8480,4235,28,2,Nhiều hành
8481,4236,21,2,Ít cay
8482,4236,19,1,
8483,4237,16,1,
8484,4237,17,3,Đóng gói kỹ
8485,4238,24,2,
8486,4238,22,3,
8487,4238,23,2,Đóng gói kỹ
8488,4239,25,2,
8489,4239,26,1,Nhiều hành
8490,4239,27,1,
8491,4240,21,2,Nhiều hành
8492,4241,19,3,Đóng gói kỹ
8493,4241,20,3,
8494,4241,21,1,
8495,4242,10,2,
8496,4242,12,1,
8497,4243,3,1,
8498,4243,1,3,
8499,4243,2,1,Ít cay
8500,4244,1,2,
8501,4244,3,1,Nhiều hành
8502,4244,2,3,
8503,4245,19,1,Ít cay
8504,4245,21,1,
8505,4246,22,2,
8506,4247,4,2,
8507,4248,28,3,Ít cay
8508,4248,29,2,Nhiều hành
8509,4249,16,3,Ít cay
8510,4249,18,3,
8511,4249,17,2,Nhiều hành
8512,4250,14,1,Nhiều hành
8513,4250,13,2,
8514,4251,24,3,
8515,4252,21,3,
8516,4253,17,2,
8517,4253,18,3,Ít cay
8518,4254,4,3,
8519,4254,6,2,
8520,4254,5,3,
8521,4255,17,3,Ít cay
8522,4255,16,1,
8523,4256,22,2,Đóng gói kỹ
8524,4257,3,3,Đóng gói kỹ
8525,4257,1,3,
8526,4257,2,2,Ít cay
8527,4258,17,2,
8528,4258,18,3,Nhiều hành
8529,4259,22,3,Nhiều hành
8530,4259,23,2,
8531,4260,19,3,Ít cay
8532,4260,21,2,
8533,4260,20,3,
8534,4261,13,3,
8535,4262,27,1,
8536,4263,8,1,
8537,4263,7,3,Ít cay
8538,4263,9,1,
8539,4264,24,1,
8540,4265,22,3,
8541,4266,7,3,Nhiều hành
8542,4266,8,2,
8543,4267,24,1,Đóng gói kỹ
8544,4267,23,2,
8545,4268,28,1,Đóng gói kỹ
8546,4268,29,3,
8547,4268,30,3,Ít cay
8548,4269,10,3,
8549,4269,11,3,
8550,4269,12,1,Đóng gói kỹ
8551,4270,3,3,
8552,4270,2,1,
8553,4270,1,3,Nhiều hành
8554,4271,13,3,
8555,4272,15,3,Ít cay
8556,4272,13,3,Ít cay
8557,4272,14,2,
8558,4273,30,2,
8559,4273,28,3,Ít cay
8560,4274,6,3,
8561,4274,5,2,Nhiều hành
8562,4275,30,3,Nhiều hành
8563,4275,28,3,Đóng gói kỹ
8564,4275,29,1,
8565,4276,22,3,
8566,4276,23,1,
8567,4277,11,2,
8568,4277,12,3,
8569,4278,22,2,
8570,4278,24,3,Ít cay
8571,4279,13,3,
8572,4280,9,2,
8573,4281,11,2,Đóng gói kỹ
8574,4282,11,2,
8575,4282,10,3,
8576,4282,12,3,
8577,4283,16,2,
8578,4283,17,3,Đóng gói kỹ
8579,4283,18,3,Ít cay
8580,4284,26,2,
8581,4284,25,2,Nhiều hành
8582,4285,7,2,Đóng gói kỹ
8583,4286,30,3,
8584,4287,13,3,
8585,4288,30,2,Ít cay
8586,4288,29,1,
8587,4289,18,2,Đóng gói kỹ
8588,4289,16,2,
8589,4290,9,3,
8590,4290,8,1,Đóng gói kỹ
8591,4291,9,1,
8592,4291,8,1,
8593,4291,7,3,Ít cay
8594,4292,2,1,
8595,4292,3,2,
8596,4292,1,2,
8597,4293,20,1,
8598,4293,19,2,
8599,4293,21,3,Đóng gói kỹ
8600,4294,4,3,
8601,4295,27,1,
8602,4295,25,3,Ít cay
8603,4295,26,1,
8604,4296,24,3,Đóng gói kỹ
8605,4296,22,1,
8606,4296,23,1,
8607,4297,26,3,Đóng gói kỹ
8608,4297,25,2,Nhiều hành
8609,4297,27,3,
8610,4298,27,2,Nhiều hành
8611,4298,25,2,
8612,4298,26,3,
8613,4299,20,3,
8614,4299,21,2,
8615,4300,26,2,Ít cay
8616,4301,12,1,Nhiều hành
8617,4301,11,3,Nhiều hành
8618,4301,10,1,
8619,4302,2,2,Ít cay
8620,4302,3,3,
8621,4303,28,1,
8622,4303,29,2,Ít cay
8623,4304,5,2,
8624,4305,18,2,Đóng gói kỹ
8625,4306,30,2,
8626,4307,1,3,
8627,4307,3,3,Ít cay
8628,4308,3,1,
8629,4308,1,1,
8630,4309,22,3,
8631,4309,24,1,
8632,4310,8,3,Đóng gói kỹ
8633,4311,20,1,Ít cay
8634,4311,19,2,
8635,4312,5,1,
8636,4312,6,2,
8637,4313,29,2,
8638,4313,30,3,
8639,4313,28,1,
8640,4314,6,3,
8641,4314,5,3,
8642,4314,4,3,Nhiều hành
8643,4315,17,2,
8644,4315,16,3,
8645,4316,10,3,
8646,4316,11,2,
8647,4317,8,2,Nhiều hành
8648,4318,27,1,Nhiều hành
8649,4318,26,2,
8650,4319,3,3,Đóng gói kỹ
8651,4319,2,3,
8652,4320,6,3,
8653,4321,4,3,Ít cay
8654,4322,3,3,Ít cay
8655,4322,2,3,
8656,4322,1,2,Nhiều hành
8657,4323,17,2,
8658,4323,18,1,Nhiều hành
8659,4323,16,3,
8660,4324,7,2,
8661,4324,8,2,Đóng gói kỹ
8662,4325,22,2,Ít cay
8663,4326,21,3,Ít cay
8664,4326,20,2,Đóng gói kỹ
8665,4326,19,3,
8666,4327,23,3,
8667,4327,22,1,
8668,4328,7,3,Nhiều hành
8669,4328,8,2,Ít cay
8670,4328,9,1,Đóng gói kỹ
8671,4329,22,3,
8672,4330,9,2,
8673,4330,8,2,
8674,4331,22,3,
8675,4331,24,3,
8676,4332,20,2,Ít cay
8677,4333,2,2,Đóng gói kỹ
8678,4334,17,2,
8679,4334,16,2,Ít cay
8680,4334,18,1,
8681,4335,8,3,
8682,4335,7,2,Đóng gói kỹ
8683,4335,9,2,
8684,4336,19,1,Ít cay
8685,4336,21,1,
8686,4336,20,2,
8687,4337,6,1,
8688,4338,22,2,Nhiều hành
8689,4338,23,3,
8690,4339,29,1,Ít cay
8691,4340,19,2,
8692,4340,21,2,
8693,4341,27,2,Đóng gói kỹ
8694,4341,26,1,Ít cay
8695,4342,7,2,
8696,4342,9,2,
8697,4343,27,2,Nhiều hành
8698,4343,26,2,Nhiều hành
8699,4343,25,2,
8700,4344,25,3,Ít cay
8701,4344,27,3,
8702,4344,26,3,
8703,4345,29,1,
8704,4345,28,2,
8705,4345,30,3,
8706,4346,27,1,
8707,4346,26,1,
8708,4347,23,2,
8709,4347,24,3,Nhiều hành
8710,4348,28,1,
8711,4348,29,2,
8712,4349,7,3,Nhiều hành
8713,4350,26,3,
8714,4351,4,3,
8715,4351,6,1,
8716,4351,5,3,
8717,4352,18,2,
8718,4353,13,2,Ít cay
8719,4353,15,3,
8720,4353,14,3,Đóng gói kỹ
8721,4354,23,2,Ít cay
8722,4354,22,3,
8723,4354,24,2,Đóng gói kỹ
8724,4355,8,1,Ít cay
8725,4355,9,2,Ít cay
8726,4356,14,2,Ít cay
8727,4356,15,3,Ít cay
8728,4357,14,3,Nhiều hành
8729,4358,13,1,Ít cay
8730,4359,18,3,
8731,4359,16,2,
8732,4360,14,2,Nhiều hành
8733,4361,9,2,Nhiều hành
8734,4361,7,3,
8735,4361,8,2,
8736,4362,1,1,
8737,4362,3,3,
8738,4362,2,1,Ít cay
8739,4363,22,2,
8740,4363,24,3,
8741,4363,23,3,
8742,4364,6,1,
8743,4365,17,2,Nhiều hành
8744,4365,18,3,Nhiều hành
8745,4366,12,2,
8746,4366,10,3,Đóng gói kỹ
8747,4367,27,1,
8748,4367,25,3,
8749,4367,26,1,
8750,4368,30,2,
8751,4368,29,3,Ít cay
8752,4368,28,3,
8753,4369,15,3,Đóng gói kỹ
8754,4369,13,3,
8755,4370,19,1,
8756,4370,20,1,Đóng gói kỹ
8757,4370,21,3,Nhiều hành
8758,4371,15,2,Đóng gói kỹ
8759,4371,13,1,
8760,4371,14,2,Đóng gói kỹ
8761,4372,6,1,
8762,4372,4,2,
8763,4373,29,3,
8764,4373,28,3,Ít cay
8765,4373,30,3,
8766,4374,15,3,
8767,4374,14,1,
8768,4374,13,1,Ít cay
8769,4375,10,1,Nhiều hành
8770,4376,12,2,
8771,4376,11,1,Ít cay
8772,4377,2,3,
8773,4377,1,3,
8774,4378,21,3,Nhiều hành
8775,4378,20,2,
8776,4379,20,1,
8777,4379,19,1,Đóng gói kỹ
8778,4380,21,1,
8779,4380,20,1,
8780,4380,19,3,Ít cay
8781,4381,5,2,
8782,4382,20,3,Nhiều hành
8783,4383,9,3,Nhiều hành
8784,4384,11,1,
8785,4384,12,1,
8786,4384,10,1,Nhiều hành
8787,4385,29,3,
8788,4385,28,3,
8789,4385,30,1,
8790,4386,8,1,
8791,4386,9,3,Ít cay
8792,4387,13,3,
8793,4387,14,2,Nhiều hành
8794,4387,15,2,Nhiều hành
8795,4388,6,3,
8796,4388,4,2,
8797,4389,11,1,Nhiều hành
8798,4390,14,1,Nhiều hành
8799,4391,9,2,
8800,4391,7,3,
8801,4391,8,1,Đóng gói kỹ
8802,4392,22,2,
8803,4392,23,1,Nhiều hành
8804,4392,24,3,
8805,4393,4,3,
8806,4394,16,2,Ít cay
8807,4395,3,3,Đóng gói kỹ
8808,4396,15,2,Đóng gói kỹ
8809,4397,7,2,Ít cay
8810,4397,9,3,
8811,4397,8,1,
8812,4398,20,3,
8813,4398,19,2,Ít cay
8814,4399,4,3,Ít cay
8815,4400,17,3,
8816,4401,10,1,
8817,4401,11,2,
8818,4401,12,3,
8819,4402,2,3,
8820,4402,1,2,Đóng gói kỹ
8821,4403,28,3,
8822,4404,15,1,Nhiều hành
8823,4404,14,3,
8824,4405,22,3,
8825,4406,16,3,
8826,4407,5,3,
8827,4407,4,1,Đóng gói kỹ
8828,4407,6,2,
8829,4408,8,1,
8830,4408,9,3,
8831,4408,7,1,Nhiều hành
8832,4409,18,1,Nhiều hành
8833,4409,17,1,Nhiều hành
8834,4410,25,2,Ít cay
8835,4410,27,1,
8836,4410,26,1,Đóng gói kỹ
8837,4411,1,1,
8838,4411,3,2,Ít cay
8839,4411,2,3,Nhiều hành
8840,4412,20,3,Ít cay
8841,4412,19,3,Đóng gói kỹ
8842,4413,23,3,
8843,4414,8,1,Ít cay
8844,4415,28,1,
8845,4415,29,3,
8846,4415,30,3,Nhiều hành
8847,4416,25,2,
8848,4416,27,2,
8849,4417,28,3,Nhiều hành
8850,4417,30,2,Ít cay
8851,4418,11,2,
8852,4419,17,1,Ít cay
8853,4419,18,3,Ít cay
8854,4420,25,2,Ít cay
8855,4420,26,3,
8856,4421,24,3,
8857,4421,22,3,
8858,4422,14,2,
8859,4422,15,3,
8860,4423,19,3,Nhiều hành
8861,4423,20,2,Nhiều hành
8862,4423,21,2,Đóng gói kỹ
8863,4424,3,3,
8864,4424,1,3,
8865,4425,9,1,
8866,4425,8,2,
8867,4426,8,1,Nhiều hành
8868,4427,8,1,Đóng gói kỹ
8869,4427,7,2,
8870,4428,29,1,
8871,4428,30,1,
8872,4429,6,2,
8873,4429,5,1,Ít cay
8874,4429,4,1,
8875,4430,20,2,
8876,4431,13,3,
8877,4431,15,1,
8878,4432,29,2,
8879,4433,20,2,
8880,4433,19,1,Nhiều hành
8881,4433,21,3,
8882,4434,22,1,Nhiều hành
8883,4435,16,3,Đóng gói kỹ
8884,4435,17,1,
8885,4435,18,1,Đóng gói kỹ
8886,4436,5,1,Nhiều hành
8887,4436,4,1,
8888,4437,26,2,Nhiều hành
8889,4437,27,2,
8890,4437,25,1,Đóng gói kỹ
8891,4438,5,1,
8892,4438,6,2,Nhiều hành
8893,4438,4,3,Ít cay
8894,4439,29,3,Ít cay
8895,4439,30,3,
8896,4440,21,1,
8897,4441,22,3,Ít cay
8898,4442,13,3,
8899,4442,14,1,
8900,4443,23,1,
8901,4443,22,1,Đóng gói kỹ
8902,4444,15,1,Đóng gói kỹ
8903,4445,29,3,Đóng gói kỹ
8904,4445,28,2,
8905,4445,30,2,Nhiều hành
8906,4446,11,3,Ít cay
8907,4446,12,3,
8908,4446,10,1,Ít cay
8909,4447,6,2,
8910,4447,4,3,Ít cay
8911,4447,5,3,
8912,4448,30,3,Đóng gói kỹ
8913,4448,29,3,
8914,4449,6,1,
8915,4450,13,1,
8916,4450,15,2,
8917,4451,6,3,Ít cay
8918,4452,21,3,Đóng gói kỹ
8919,4453,7,1,
8920,4454,9,1,
8921,4454,7,3,Đóng gói kỹ
8922,4454,8,3,
8923,4455,14,1,
8924,4455,15,2,Đóng gói kỹ
8925,4456,8,1,
8926,4456,9,1,
8927,4456,7,2,
8928,4457,10,2,
8929,4457,11,2,Ít cay
8930,4458,1,1,Ít cay
8931,4459,30,2,Ít cay
8932,4459,29,2,Đóng gói kỹ
8933,4459,28,2,
8934,4460,17,1,
8935,4460,18,2,Đóng gói kỹ
8936,4460,16,3,
8937,4461,22,1,
8938,4461,23,3,
8939,4462,26,3,Nhiều hành
8940,4462,27,2,
8941,4463,10,2,
8942,4464,28,2,Nhiều hành
8943,4465,6,3,
8944,4465,4,2,
8945,4465,5,2,
8946,4466,29,2,
8947,4467,23,3,
8948,4468,1,3,Nhiều hành
8949,4468,2,3,Đóng gói kỹ
8950,4468,3,1,Ít cay
8951,4469,27,2,
8952,4469,25,2,
8953,4470,27,2,Ít cay
8954,4470,25,2,
8955,4471,27,1,Nhiều hành
8956,4471,26,1,Đóng gói kỹ
8957,4472,5,3,Nhiều hành
8958,4472,4,1,
8959,4472,6,3,
8960,4473,17,3,
8961,4473,18,2,Nhiều hành
8962,4474,4,2,
8963,4474,6,2,
8964,4474,5,3,
8965,4475,9,2,
8966,4476,26,2,Ít cay
8967,4476,27,3,Ít cay
8968,4477,27,1,Ít cay
8969,4477,26,2,Ít cay
8970,4478,13,3,
8971,4479,17,2,Ít cay
8972,4479,16,2,
8973,4479,18,2,Ít cay
8974,4480,24,2,
8975,4480,23,1,
8976,4480,22,1,
8977,4481,12,1,
8978,4481,11,3,Đóng gói kỹ
8979,4482,25,3,Ít cay
8980,4482,26,1,Đóng gói kỹ
8981,4483,19,1,Ít cay
8982,4483,21,3,Nhiều hành
8983,4484,17,1,
8984,4485,16,2,
8985,4485,18,3,
8986,4485,17,2,Ít cay
8987,4486,28,2,Ít cay
8988,4486,29,2,
8989,4486,30,2,
8990,4487,13,1,
8991,4488,19,1,
8992,4488,20,3,
8993,4488,21,1,Ít cay
8994,4489,5,3,
8995,4489,6,3,Ít cay
8996,4489,4,3,
8997,4490,22,3,
8998,4490,23,1,Nhiều hành
8999,4491,17,1,Ít cay
9000,4491,18,3,Nhiều hành
9001,4491,16,1,
9002,4492,5,3,Ít cay
9003,4492,6,3,
9004,4493,13,3,
9005,4494,20,1,Ít cay
9006,4494,19,3,Nhiều hành
9007,4495,17,1,
9008,4495,16,2,
9009,4496,30,3,Ít cay
9010,4497,14,1,Nhiều hành
9011,4498,14,3,
9012,4499,29,3,Đóng gói kỹ
9013,4500,10,1,Nhiều hành
9014,4501,6,3,Nhiều hành
9015,4501,4,3,Ít cay
9016,4502,28,3,Nhiều hành
9017,4502,30,2,
9018,4502,29,2,Nhiều hành
9019,4503,28,2,Đóng gói kỹ
9020,4504,14,3,
9021,4504,15,2,Nhiều hành
9022,4504,13,2,
9023,4505,21,2,Nhiều hành
9024,4506,28,2,
9025,4506,29,2,Nhiều hành
9026,4507,4,2,Nhiều hành
9027,4507,6,3,Đóng gói kỹ
9028,4508,9,2,Đóng gói kỹ
9029,4509,2,2,
9030,4510,4,3,Ít cay
9031,4510,6,3,
9032,4511,22,2,
9033,4512,25,2,
9034,4512,27,1,
9035,4512,26,2,
9036,4513,1,3,Ít cay
9037,4513,3,3,
9038,4514,1,3,Đóng gói kỹ
9039,4514,3,2,
9040,4515,9,2,
9041,4515,7,3,
9042,4515,8,1,
9043,4516,18,3,Nhiều hành
9044,4516,17,3,
9045,4517,22,3,
9046,4518,9,3,Ít cay
9047,4519,5,3,
9048,4519,4,1,
9049,4519,6,1,
9050,4520,1,2,
9051,4521,28,2,
9052,4522,4,2,
9053,4522,6,2,
9054,4523,8,3,
9055,4523,7,3,Nhiều hành
9056,4523,9,1,
9057,4524,11,1,
9058,4524,12,3,
9059,4525,12,2,
9060,4526,27,2,
9061,4526,26,3,Nhiều hành
9062,4526,25,3,
9063,4527,15,3,Ít cay
9064,4527,14,2,Đóng gói kỹ
9065,4527,13,2,
9066,4528,25,3,
9067,4529,8,1,Ít cay
9068,4529,7,3,
9069,4530,10,3,
9070,4530,12,2,
9071,4531,26,3,Đóng gói kỹ
9072,4531,25,2,
9073,4531,27,2,
9074,4532,2,2,
9075,4532,1,1,Đóng gói kỹ
9076,4533,20,2,
9077,4533,21,1,
9078,4534,9,2,Ít cay
9079,4534,7,3,Đóng gói kỹ
9080,4535,19,2,Nhiều hành
9081,4535,20,2,Ít cay
9082,4535,21,3,Nhiều hành
9083,4536,16,1,
9084,4537,6,2,
9085,4537,4,2,
9086,4538,13,1,
9087,4538,15,3,
9088,4539,5,3,Nhiều hành
9089,4539,6,2,
9090,4539,4,3,
9091,4540,16,1,Ít cay
9092,4541,20,1,
9093,4542,14,2,Ít cay
9094,4542,13,1,Ít cay
9095,4543,16,1,
9096,4543,17,2,Ít cay
9097,4543,18,1,Ít cay
9098,4544,29,1,
9099,4544,30,2,Nhiều hành
9100,4544,28,3,Nhiều hành
9101,4545,7,2,Đóng gói kỹ
9102,4546,7,3,Ít cay
9103,4547,6,3,
9104,4547,5,3,Ít cay
9105,4548,21,1,
9106,4549,14,3,Ít cay
9107,4550,18,3,
9108,4550,17,3,Đóng gói kỹ
9109,4550,16,3,
9110,4551,29,1,
9111,4551,30,3,
9112,4552,14,3,Đóng gói kỹ
9113,4552,13,2,Ít cay
9114,4553,14,3,
9115,4554,3,1,Nhiều hành
9116,4555,25,1,
9117,4556,4,3,Nhiều hành
9118,4557,29,2,
9119,4558,11,2,
9120,4558,10,3,
9121,4558,12,3,Đóng gói kỹ
9122,4559,15,2,Ít cay
9123,4560,8,2,
9124,4561,14,3,
9125,4561,15,2,
9126,4562,14,3,Đóng gói kỹ
9127,4563,21,2,
9128,4563,20,2,Đóng gói kỹ
9129,4563,19,3,Đóng gói kỹ
9130,4564,30,2,Ít cay
9131,4565,12,1,
9132,4565,11,2,Đóng gói kỹ
9133,4565,10,3,Ít cay
9134,4566,27,3,
9135,4566,26,1,
9136,4566,25,3,Đóng gói kỹ
9137,4567,30,2,
9138,4567,28,3,Nhiều hành
9139,4567,29,1,Nhiều hành
9140,4568,23,2,Ít cay
9141,4569,19,1,
9142,4570,10,1,Ít cay
9143,4570,11,3,Đóng gói kỹ
9144,4570,12,1,Ít cay
9145,4571,18,3,
9146,4571,17,2,Nhiều hành
9147,4572,20,3,
9148,4573,2,3,Ít cay
9149,4574,12,3,
9150,4575,28,1,
9151,4575,30,1,
9152,4575,29,3,Nhiều hành
9153,4576,27,1,
9154,4577,7,3,
9155,4578,8,3,
9156,4578,9,3,
9157,4579,16,1,
9158,4580,27,2,Ít cay
9159,4581,25,3,
9160,4582,7,3,Đóng gói kỹ
9161,4583,5,3,Nhiều hành
9162,4583,4,1,
9163,4584,28,3,
9164,4585,7,3,Nhiều hành
9165,4585,8,3,
9166,4585,9,3,
9167,4586,1,1,
9168,4587,27,3,Nhiều hành
9169,4587,25,2,Nhiều hành
9170,4587,26,1,Đóng gói kỹ
9171,4588,11,3,
9172,4588,12,1,Nhiều hành
9173,4588,10,3,Ít cay
9174,4589,26,1,Nhiều hành
9175,4589,27,2,Nhiều hành
9176,4590,3,1,
9177,4590,1,3,Đóng gói kỹ
9178,4590,2,2,Ít cay
9179,4591,11,3,Đóng gói kỹ
9180,4591,12,3,
9181,4591,10,2,
9182,4592,17,1,Ít cay
9183,4592,18,1,
9184,4593,4,1,Đóng gói kỹ
9185,4593,5,2,
9186,4593,6,3,
9187,4594,3,2,
9188,4594,1,2,Đóng gói kỹ
9189,4594,2,3,Đóng gói kỹ
9190,4595,16,1,Nhiều hành
9191,4596,6,1,Nhiều hành
9192,4596,5,2,
9193,4597,19,1,Ít cay
9194,4597,20,3,
9195,4597,21,1,
9196,4598,2,1,Nhiều hành
9197,4599,30,3,Đóng gói kỹ
9198,4599,29,3,
9199,4600,10,2,Đóng gói kỹ
9200,4601,26,1,Nhiều hành
9201,4601,27,2,
9202,4602,14,2,Ít cay
9203,4602,13,3,Đóng gói kỹ
9204,4602,15,3,Nhiều hành
9205,4603,16,1,Nhiều hành
9206,4604,7,2,
9207,4604,8,2,
9208,4605,14,3,
9209,4605,13,3,Đóng gói kỹ
9210,4606,30,3,Ít cay
9211,4606,29,2,Nhiều hành
9212,4607,27,1,
9213,4607,26,1,Ít cay
9214,4607,25,3,Nhiều hành
9215,4608,21,1,
9216,4609,16,2,Đóng gói kỹ
9217,4610,23,1,
9218,4611,16,2,
9219,4611,18,2,Đóng gói kỹ
9220,4611,17,3,
9221,4612,8,3,
9222,4612,9,1,
9223,4612,7,3,
9224,4613,24,2,
9225,4613,22,2,
9226,4614,4,2,Đóng gói kỹ
9227,4615,23,2,
9228,4615,24,2,Nhiều hành
9229,4616,22,2,Đóng gói kỹ
9230,4616,24,2,
9231,4617,28,3,
9232,4618,23,2,
9233,4619,30,2,Ít cay
9234,4619,29,2,
9235,4620,18,1,
9236,4621,6,3,
9237,4622,30,1,
9238,4623,14,2,Đóng gói kỹ
9239,4623,13,1,Ít cay
9240,4623,15,1,
9241,4624,14,3,Đóng gói kỹ
9242,4625,3,1,
9243,4625,1,3,Ít cay
9244,4626,21,1,
9245,4626,19,2,
9246,4626,20,3,Ít cay
9247,4627,7,2,
9248,4627,9,3,
9249,4628,7,3,Ít cay
9250,4629,27,1,
9251,4630,21,2,Nhiều hành
9252,4630,20,2,
9253,4631,1,3,
9254,4631,3,3,Nhiều hành
9255,4632,22,1,
9256,4633,1,1,Nhiều hành
9257,4633,3,2,
9258,4633,2,3,
9259,4634,7,2,Đóng gói kỹ
9260,4634,8,3,
9261,4634,9,1,
9262,4635,8,1,
9263,4635,9,3,
9264,4636,26,3,
9265,4637,23,3,
9266,4637,22,1,
9267,4638,6,1,Đóng gói kỹ
9268,4638,5,1,
9269,4638,4,1,
9270,4639,7,1,Đóng gói kỹ
9271,4640,6,3,
9272,4640,5,2,Đóng gói kỹ
9273,4640,4,1,Đóng gói kỹ
9274,4641,3,3,
9275,4641,1,2,
9276,4642,15,3,Nhiều hành
9277,4642,13,1,
9278,4643,19,1,
9279,4643,21,3,
9280,4644,11,1,
9281,4644,12,1,Đóng gói kỹ
9282,4645,23,3,
9283,4645,22,1,
9284,4646,10,1,
9285,4646,11,1,
9286,4647,3,3,
9287,4647,1,1,Đóng gói kỹ
9288,4648,6,3,
9289,4648,5,2,
9290,4648,4,3,
9291,4649,29,3,
9292,4649,30,2,Nhiều hành
9293,4649,28,2,
9294,4650,19,1,Ít cay
9295,4650,21,1,
9296,4650,20,3,Ít cay
9297,4651,23,3,
9298,4652,5,3,
9299,4653,28,3,
9300,4654,24,2,
9301,4654,22,2,
9302,4655,27,1,Ít cay
9303,4656,22,3,
9304,4656,24,3,
9305,4656,23,1,
9306,4657,5,3,
9307,4657,4,1,Đóng gói kỹ
9308,4657,6,3,
9309,4658,29,3,
9310,4658,30,2,
9311,4659,18,1,
9312,4659,17,3,Nhiều hành
9313,4660,25,2,
9314,4661,21,1,
9315,4661,20,3,
9316,4661,19,3,
9317,4662,8,1,Đóng gói kỹ
9318,4663,22,3,Đóng gói kỹ
9319,4663,24,2,
9320,4664,11,1,Ít cay
9321,4664,12,1,
9322,4665,15,3,
9323,4665,13,1,
9324,4666,18,2,Đóng gói kỹ
9325,4666,17,1,
9326,4666,16,2,Nhiều hành
9327,4667,13,3,Đóng gói kỹ
9328,4668,23,1,Đóng gói kỹ
9329,4668,24,2,
9330,4668,22,1,Nhiều hành
9331,4669,12,3,Ít cay
9332,4669,10,2,Ít cay
9333,4670,1,2,
9334,4670,2,1,
9335,4670,3,1,Nhiều hành
9336,4671,16,1,Nhiều hành
9337,4671,17,3,
9338,4671,18,2,Đóng gói kỹ
9339,4672,28,1,Ít cay
9340,4672,30,2,
9341,4673,12,2,
9342,4673,10,1,Ít cay
9343,4674,22,3,
9344,4674,23,3,
9345,4675,10,3,
9346,4676,23,1,Nhiều hành
9347,4677,11,3,
9348,4677,10,3,Đóng gói kỹ
9349,4677,12,3,
9350,4678,21,3,Đóng gói kỹ
9351,4678,19,3,
9352,4678,20,2,
9353,4679,21,3,
9354,4679,19,2,Đóng gói kỹ
9355,4680,28,2,
9356,4680,30,2,
9357,4681,19,1,Đóng gói kỹ
9358,4681,20,3,
9359,4682,19,3,Nhiều hành
9360,4682,20,1,Ít cay
9361,4682,21,2,Ít cay
9362,4683,26,1,Nhiều hành
9363,4683,27,1,
9364,4683,25,1,
9365,4684,7,1,Ít cay
9366,4685,14,1,
9367,4685,13,2,
9368,4686,2,3,Ít cay
9369,4687,25,3,Đóng gói kỹ
9370,4687,26,2,
9371,4688,23,3,Nhiều hành
9372,4689,19,3,Nhiều hành
9373,4690,4,3,
9374,4691,5,3,Nhiều hành
9375,4691,4,3,Nhiều hành
9376,4691,6,3,
9377,4692,3,2,Nhiều hành
9378,4692,1,1,
9379,4692,2,1,
9380,4693,29,3,
9381,4693,30,2,
9382,4693,28,3,Ít cay
9383,4694,15,1,Ít cay
9384,4694,14,1,
9385,4695,13,3,Ít cay
9386,4696,12,1,Ít cay
9387,4697,3,1,
9388,4697,2,2,Ít cay
9389,4697,1,2,Ít cay
9390,4698,4,3,Đóng gói kỹ
9391,4698,6,3,Đóng gói kỹ
9392,4698,5,3,Đóng gói kỹ
9393,4699,2,2,Nhiều hành
9394,4699,3,1,
9395,4699,1,2,
9396,4700,25,3,
9397,4700,26,2,
9398,4701,28,2,Ít cay
9399,4701,29,3,Đóng gói kỹ
9400,4701,30,1,
9401,4702,16,1,Đóng gói kỹ
9402,4702,18,3,
9403,4702,17,1,Ít cay
9404,4703,23,2,
9405,4703,24,3,
9406,4703,22,1,Đóng gói kỹ
9407,4704,21,3,
9408,4704,19,3,
9409,4704,20,3,
9410,4705,27,1,Đóng gói kỹ
9411,4705,25,1,Đóng gói kỹ
9412,4706,17,2,
9413,4706,18,1,Nhiều hành
9414,4707,4,3,Đóng gói kỹ
9415,4707,6,2,Ít cay
9416,4707,5,2,
9417,4708,18,3,
9418,4708,17,1,
9419,4708,16,1,Nhiều hành
9420,4709,4,2,Nhiều hành
9421,4710,20,2,Ít cay
9422,4711,16,1,
9423,4712,12,1,Đóng gói kỹ
9424,4712,11,2,
9425,4712,10,2,
9426,4713,9,1,
9427,4713,8,2,
9428,4713,7,3,Đóng gói kỹ
9429,4714,2,2,
9430,4715,26,3,
9431,4715,27,3,Nhiều hành
9432,4715,25,3,
9433,4716,3,2,Nhiều hành
9434,4717,8,1,
9435,4717,9,2,Nhiều hành
9436,4717,7,3,Nhiều hành
9437,4718,26,3,
9438,4719,14,3,
9439,4719,15,2,
9440,4720,19,1,
9441,4721,14,3,Ít cay
9442,4721,13,1,
9443,4722,26,3,
9444,4722,27,3,
9445,4723,20,1,Nhiều hành
9446,4723,21,3,
9447,4723,19,2,
9448,4724,6,1,Đóng gói kỹ
9449,4724,4,1,
9450,4725,9,1,
9451,4726,11,2,Đóng gói kỹ
9452,4726,12,2,Ít cay
9453,4727,4,3,
9454,4728,3,3,Ít cay
9455,4729,9,1,Nhiều hành
9456,4729,7,2,Ít cay
9457,4729,8,3,
9458,4730,24,2,Nhiều hành
9459,4730,23,3,
9460,4731,30,2,
9461,4731,28,1,
9462,4732,14,1,
9463,4733,9,2,
9464,4734,25,1,Nhiều hành
9465,4735,25,2,
9466,4736,1,3,Đóng gói kỹ
9467,4736,2,3,Ít cay
9468,4736,3,1,
9469,4737,3,2,
9470,4737,2,3,Đóng gói kỹ
9471,4737,1,1,Đóng gói kỹ
9472,4738,18,1,Đóng gói kỹ
9473,4738,16,3,Đóng gói kỹ
9474,4739,18,3,Nhiều hành
9475,4739,16,3,
9476,4740,2,2,
9477,4740,3,1,
9478,4740,1,2,
9479,4741,9,3,
9480,4741,7,3,
9481,4742,28,3,Nhiều hành
9482,4742,29,2,
9483,4742,30,3,
9484,4743,23,3,Đóng gói kỹ
9485,4743,22,1,
9486,4743,24,3,Nhiều hành
9487,4744,28,2,Ít cay
9488,4745,25,2,
9489,4745,26,2,Nhiều hành
9490,4746,20,2,
9491,4746,19,3,
9492,4746,21,2,
9493,4747,3,3,Ít cay
9494,4748,26,1,Nhiều hành
9495,4748,25,3,
9496,4749,9,1,
9497,4749,7,3,Nhiều hành
9498,4749,8,3,Đóng gói kỹ
9499,4750,13,1,Nhiều hành
9500,4750,15,2,Nhiều hành
9501,4750,14,3,
9502,4751,29,3,Ít cay
9503,4751,28,2,
9504,4752,19,1,Đóng gói kỹ
9505,4752,20,3,
9506,4753,13,3,
9507,4754,15,1,
9508,4754,14,1,Đóng gói kỹ
9509,4755,18,1,
9510,4756,20,3,Ít cay
9511,4756,19,3,Nhiều hành
9512,4756,21,1,Ít cay
9513,4757,7,2,
9514,4757,9,1,Nhiều hành
9515,4757,8,2,Ít cay
9516,4758,7,1,
9517,4758,8,1,
9518,4759,17,1,Ít cay
9519,4759,16,1,
9520,4759,18,3,
9521,4760,15,1,Đóng gói kỹ
9522,4761,1,2,Đóng gói kỹ
9523,4761,3,3,
9524,4762,8,2,Ít cay
9525,4762,9,1,
9526,4762,7,2,
9527,4763,16,1,Nhiều hành
9528,4763,17,3,
9529,4763,18,3,Nhiều hành
9530,4764,3,2,
9531,4764,1,2,Ít cay
9532,4764,2,2,Đóng gói kỹ
9533,4765,8,2,
9534,4765,9,1,
9535,4766,1,3,
9536,4767,1,2,
9537,4767,3,2,
9538,4767,2,1,Đóng gói kỹ
9539,4768,11,2,
9540,4769,20,1,
9541,4769,19,1,
9542,4770,8,3,
9543,4770,9,3,
9544,4770,7,3,
9545,4771,1,2,
9546,4772,26,2,Nhiều hành
9547,4772,27,1,
9548,4773,6,1,
9549,4773,4,3,Ít cay
9550,4774,14,1,
9551,4774,13,2,
9552,4775,1,1,
9553,4775,3,1,
9554,4776,14,2,
9555,4776,13,3,
9556,4776,15,3,
9557,4777,10,2,
9558,4777,12,1,
9559,4777,11,1,
9560,4778,11,1,Đóng gói kỹ
9561,4778,10,2,
9562,4778,12,1,
9563,4779,6,2,
9564,4780,6,2,
9565,4780,5,3,Đóng gói kỹ
9566,4780,4,1,Nhiều hành
9567,4781,16,1,
9568,4781,18,3,
9569,4781,17,3,
9570,4782,19,2,
9571,4782,20,2,
9572,4783,8,1,
9573,4784,25,1,
9574,4784,27,3,
9575,4785,4,1,
9576,4785,5,1,Đóng gói kỹ
9577,4785,6,1,
9578,4786,13,2,Ít cay
9579,4786,15,1,Ít cay
9580,4786,14,3,
9581,4787,22,3,Ít cay
9582,4787,24,3,
9583,4787,23,1,
9584,4788,19,3,Đóng gói kỹ
9585,4789,26,1,Đóng gói kỹ
9586,4789,27,1,
9587,4790,12,2,
9588,4791,24,1,Đóng gói kỹ
9589,4791,23,3,Ít cay
9590,4791,22,1,
9591,4792,28,3,
9592,4792,30,1,
9593,4793,15,1,
9594,4793,13,1,
9595,4793,14,2,
9596,4794,7,1,
9597,4795,15,3,Nhiều hành
9598,4796,29,1,Ít cay
9599,4796,30,1,Nhiều hành
9600,4797,9,2,Đóng gói kỹ
9601,4797,8,2,
9602,4798,1,3,Nhiều hành
9603,4799,19,1,Nhiều hành
9604,4799,21,1,
9605,4800,4,2,
9606,4801,10,3,
9607,4801,12,1,
9608,4801,11,1,
9609,4802,1,2,Nhiều hành
9610,4802,3,2,Đóng gói kỹ
9611,4803,13,3,
9612,4803,15,3,Đóng gói kỹ
9613,4804,12,3,Đóng gói kỹ
9614,4804,10,2,
9615,4804,11,3,Đóng gói kỹ
9616,4805,20,3,Ít cay
9617,4805,21,3,
9618,4806,22,2,
9619,4806,24,1,Ít cay
9620,4806,23,1,Đóng gói kỹ
9621,4807,20,3,Đóng gói kỹ
9622,4807,21,3,
9623,4808,19,3,Ít cay
9624,4808,21,1,Ít cay
9625,4809,2,1,Đóng gói kỹ
9626,4809,1,2,Nhiều hành
9627,4810,13,3,
9628,4811,24,3,
9629,4811,22,1,
9630,4812,27,2,Nhiều hành
9631,4812,25,2,
9632,4812,26,1,Ít cay
9633,4813,23,3,Nhiều hành
9634,4813,24,1,Ít cay
9635,4813,22,3,
9636,4814,5,1,
9637,4814,6,1,
9638,4814,4,2,
9639,4815,16,3,Nhiều hành
9640,4816,23,1,
9641,4816,24,3,
9642,4816,22,1,Đóng gói kỹ
9643,4817,25,1,
9644,4817,26,2,Đóng gói kỹ
9645,4818,13,1,
9646,4818,15,1,
9647,4819,16,2,Ít cay
9648,4819,18,1,Ít cay
9649,4820,28,3,
9650,4820,30,2,
9651,4821,12,3,
9652,4822,26,3,
9653,4823,25,1,
9654,4824,7,1,Đóng gói kỹ
9655,4824,8,2,Nhiều hành
9656,4824,9,1,
9657,4825,29,1,Ít cay
9658,4825,30,2,
9659,4826,26,1,
9660,4827,9,2,
9661,4828,7,2,
9662,4829,10,1,Ít cay
9663,4830,11,1,Đóng gói kỹ
9664,4831,4,2,
9665,4831,5,1,
9666,4831,6,2,
9667,4832,21,3,
9668,4832,20,3,Đóng gói kỹ
9669,4832,19,3,
9670,4833,20,2,Nhiều hành
9671,4834,16,1,Nhiều hành
9672,4835,28,2,
9673,4835,30,2,Nhiều hành
9674,4835,29,2,Đóng gói kỹ
9675,4836,29,2,
9676,4837,10,1,
9677,4837,12,1,Nhiều hành
9678,4837,11,3,Ít cay
9679,4838,23,2,
9680,4838,22,2,Ít cay
9681,4839,14,3,Ít cay
9682,4840,30,2,
9683,4841,23,2,
9684,4841,24,3,Ít cay
9685,4841,22,1,
9686,4842,18,1,
9687,4843,12,1,Đóng gói kỹ
9688,4844,18,2,
9689,4844,17,3,
9690,4844,16,1,Ít cay
9691,4845,3,2,Ít cay
9692,4846,12,3,Nhiều hành
9693,4847,9,1,Đóng gói kỹ
9694,4847,8,1,
9695,4847,7,3,Nhiều hành
9696,4848,18,2,
9697,4848,17,2,Nhiều hành
9698,4849,15,3,Nhiều hành
9699,4849,13,1,Đóng gói kỹ
9700,4849,14,2,
9701,4850,19,3,
9702,4850,21,1,Ít cay
9703,4850,20,3,
9704,4851,26,2,Ít cay
9705,4852,1,2,
9706,4852,3,3,Nhiều hành
9707,4852,2,3,
9708,4853,29,1,
9709,4853,28,3,Ít cay
9710,4853,30,1,
9711,4854,11,2,
9712,4854,10,3,Ít cay
9713,4854,12,3,
9714,4855,22,3,Đóng gói kỹ
9715,4855,23,2,Đóng gói kỹ
9716,4855,24,1,Đóng gói kỹ
9717,4856,25,2,Ít cay
9718,4857,18,3,
9719,4857,16,2,
9720,4858,28,3,Đóng gói kỹ
9721,4858,30,3,Đóng gói kỹ
9722,4859,15,3,
9723,4859,14,3,
9724,4860,26,1,Nhiều hành
9725,4860,25,1,
9726,4861,14,2,
9727,4862,25,2,Đóng gói kỹ
9728,4862,27,2,
9729,4863,11,1,
9730,4863,10,3,
9731,4864,23,3,
9732,4864,24,1,
9733,4864,22,3,
9734,4865,15,3,
9735,4865,13,3,
9736,4866,6,2,Nhiều hành
9737,4867,21,1,
9738,4867,20,1,
9739,4868,26,2,
9740,4868,25,1,
9741,4869,15,1,Ít cay
9742,4869,13,1,Ít cay
9743,4870,7,2,Nhiều hành
9744,4870,9,2,Ít cay
9745,4870,8,1,Nhiều hành
9746,4871,28,3,
9747,4872,9,1,
9748,4872,8,2,
9749,4872,7,3,
9750,4873,16,3,
9751,4873,18,1,Nhiều hành
9752,4874,2,1,Đóng gói kỹ
9753,4874,3,3,Ít cay
9754,4874,1,2,
9755,4875,19,1,
9756,4875,21,3,
9757,4875,20,2,Nhiều hành
9758,4876,11,2,Ít cay
9759,4876,12,2,
9760,4877,6,3,Đóng gói kỹ
9761,4877,4,3,
9762,4877,5,1,
9763,4878,27,1,
9764,4879,12,2,Ít cay
9765,4879,11,3,
9766,4880,3,1,
9767,4880,2,3,
9768,4880,1,2,Đóng gói kỹ
9769,4881,1,3,
9770,4881,3,1,
9771,4882,6,2,
9772,4883,10,3,
9773,4884,13,2,Ít cay
9774,4885,9,2,Đóng gói kỹ
9775,4885,8,3,Đóng gói kỹ
9776,4885,7,1,
9777,4886,1,1,
9778,4886,3,3,
9779,4887,25,1,
9780,4888,3,3,
9781,4888,2,1,Đóng gói kỹ
9782,4889,9,1,Nhiều hành
9783,4889,7,3,Ít cay
9784,4890,4,2,
9785,4891,22,1,
9786,4891,23,1,Nhiều hành
9787,4892,5,2,Đóng gói kỹ
9788,4893,25,3,
9789,4894,24,2,
9790,4894,23,2,Ít cay
9791,4895,8,3,
9792,4895,7,3,Nhiều hành
9793,4896,27,3,
9794,4897,27,2,Đóng gói kỹ
9795,4897,26,2,
9796,4897,25,2,
9797,4898,11,3,Nhiều hành
9798,4898,10,1,
9799,4899,30,1,Ít cay
9800,4899,28,1,Đóng gói kỹ
9801,4900,29,1,
9802,4901,24,1,
9803,4901,22,1,
9804,4901,23,1,
9805,4902,18,3,Ít cay
9806,4903,16,3,
9807,4904,5,2,Nhiều hành
9808,4905,16,3,
9809,4905,17,1,Ít cay
9810,4906,13,1,Nhiều hành
9811,4907,9,3,
9812,4908,25,1,
9813,4909,23,2,Đóng gói kỹ
9814,4910,25,3,
9815,4910,26,1,
9816,4911,18,1,
9817,4911,16,1,Đóng gói kỹ
9818,4912,20,3,
9819,4912,19,2,
9820,4913,24,2,Nhiều hành
9821,4913,23,2,
9822,4914,25,2,Ít cay
9823,4914,27,3,Nhiều hành
9824,4914,26,1,
9825,4915,30,2,Ít cay
9826,4915,29,2,
9827,4915,28,1,
9828,4916,6,2,Nhiều hành
9829,4917,18,1,
9830,4917,17,1,
9831,4918,1,1,
9832,4918,2,2,
9833,4919,8,1,
9834,4919,7,3,
9835,4920,22,2,
9836,4920,24,2,
9837,4920,23,3,
9838,4921,30,2,
9839,4921,29,1,
9840,4921,28,2,
9841,4922,30,2,
9842,4923,16,2,
9843,4923,17,2,
9844,4923,18,1,
9845,4924,14,2,Đóng gói kỹ
9846,4925,25,3,
9847,4926,18,3,
9848,4927,22,2,Đóng gói kỹ
9849,4927,24,2,
9850,4927,23,2,
9851,4928,22,2,
9852,4928,23,3,
9853,4929,23,3,
9854,4929,24,2,
9855,4930,15,2,
9856,4930,14,1,Đóng gói kỹ
9857,4930,13,3,
9858,4931,21,2,
9859,4931,20,3,
9860,4931,19,3,Đóng gói kỹ
9861,4932,3,2,Nhiều hành
9862,4933,4,1,Nhiều hành
9863,4934,7,2,
9864,4934,8,2,
9865,4935,15,2,Nhiều hành
9866,4935,13,3,Nhiều hành
9867,4936,11,1,Ít cay
9868,4937,7,2,
9869,4938,13,3,
9870,4939,26,2,
9871,4939,25,2,
9872,4940,8,3,Nhiều hành
9873,4940,7,2,
9874,4940,9,2,
9875,4941,19,1,
9876,4941,20,2,
9877,4941,21,3,
9878,4942,10,2,
9879,4942,11,2,Ít cay
9880,4943,19,1,Nhiều hành
9881,4943,20,2,Nhiều hành
9882,4944,10,1,Đóng gói kỹ
9883,4944,11,3,
9884,4945,24,1,
9885,4946,11,1,
9886,4947,20,3,
9887,4948,3,2,Đóng gói kỹ
9888,4948,1,1,Đóng gói kỹ
9889,4948,2,2,Nhiều hành
9890,4949,8,2,
9891,4949,9,3,
9892,4950,28,1,Nhiều hành
9893,4950,29,1,Nhiều hành
9894,4951,14,1,
9895,4952,26,1,
9896,4952,27,1,
9897,4952,25,1,
9898,4953,14,2,
9899,4953,13,1,
9900,4953,15,3,
9901,4954,22,1,Đóng gói kỹ
9902,4954,24,1,
9903,4955,21,3,Ít cay
9904,4955,20,2,Nhiều hành
9905,4955,19,1,Ít cay
9906,4956,5,2,Ít cay
9907,4957,12,2,
9908,4958,30,3,Ít cay
9909,4959,1,1,Đóng gói kỹ
9910,4960,30,1,
9911,4960,28,2,
9912,4960,29,3,Nhiều hành
9913,4961,4,2,Ít cay
9914,4961,6,1,Đóng gói kỹ
9915,4962,26,2,
9916,4963,8,3,
9917,4964,14,3,Ít cay
9918,4964,15,1,
9919,4965,19,2,
9920,4965,20,1,
9921,4966,28,3,
9922,4967,28,3,
9923,4967,29,1,
9924,4967,30,3,
9925,4968,26,3,Ít cay
9926,4969,24,3,Ít cay
9927,4969,22,3,
9928,4969,23,1,
9929,4970,15,3,Nhiều hành
9930,4970,13,1,
9931,4971,9,3,
9932,4971,7,1,
9933,4971,8,3,
9934,4972,9,3,Nhiều hành
9935,4973,17,3,Đóng gói kỹ
9936,4974,12,3,Ít cay
9937,4975,21,1,
9938,4976,4,1,Ít cay
9939,4976,6,1,
9940,4977,26,2,
9941,4977,25,3,Ít cay
9942,4978,5,3,
9943,4978,6,1,
9944,4978,4,2,Nhiều hành
9945,4979,6,2,
9946,4979,5,3,Ít cay
9947,4979,4,2,Đóng gói kỹ
9948,4980,17,3,Ít cay
9949,4981,10,2,
9950,4981,12,2,Đóng gói kỹ
9951,4981,11,3,
9952,4982,6,2,
9953,4983,3,1,Đóng gói kỹ
9954,4984,25,2,Nhiều hành
9955,4985,23,3,Nhiều hành
9956,4985,24,2,Ít cay
9957,4986,21,2,
9958,4986,20,3,Đóng gói kỹ
9959,4987,19,2,
9960,4988,30,3,Ít cay
9961,4988,29,3,
9962,4989,19,2,
9963,4989,21,2,
9964,4989,20,1,
9965,4990,12,1,
9966,4990,11,2,Đóng gói kỹ
9967,4991,28,2,Ít cay
9968,4992,12,3,Nhiều hành
9969,4992,11,1,
9970,4992,10,3,Ít cay
9971,4993,23,2,
9972,4993,24,1,Đóng gói kỹ
9973,4993,22,1,
9974,4994,14,3,
9975,4994,13,3,Ít cay
9976,4994,15,1,Ít cay
9977,4995,15,3,
9978,4995,14,1,Nhiều hành
9979,4996,21,3,Đóng gói kỹ
9980,4997,26,3,Đóng gói kỹ
9981,4997,25,2,Ít cay
9982,4997,27,3,Nhiều hành
9983,4998,26,2,Nhiều hành
9984,4998,25,1,
9985,4998,27,3,Nhiều hành
9986,4999,10,1,
9987,4999,12,2,
9988,4999,11,3,Ít cay
9989,5000,13,1,Nhiều hành
