order_id,user_id,restaurant_id,voucher_id,total_price,status,created_at
1,44,10,,310000.0,DELIVERED,2026-05-11 12:32:01.300168
2,46,4,,1101000.0,PENDING,2026-04-27 08:08:01.300168
3,20,1,1.0,255000.0,DELIVERED,2026-04-23 09:21:01.300168
4,72,7,3.0,21000.0,CANCELLED,2026-05-04 00:06:01.300168
5,91,5,,159000.0,CANCELLED,2026-05-03 15:55:01.300168
6,35,9,,210000.0,DELIVERED,2026-05-01 09:35:01.300168
7,24,1,,65000.0,DELIVERED,2026-05-15 04:48:01.300168
8,78,5,3.0,40000.0,DELIVERED,2026-04-29 12:56:01.300168
9,17,3,3.0,125000.0,DELIVERED,2026-04-24 14:55:01.300168
10,38,8,1.0,166500.0,PENDING,2026-04-25 03:49:01.300168
11,68,7,,21000.0,DELIVERED,2026-05-02 11:30:01.300168
12,75,6,3.0,84000.0,DELIVERED,2026-05-18 06:17:01.300168
13,100,1,1.0,72000.0,DELIVERED,2026-04-28 16:08:01.300168
14,54,10,,607000.0,DELIVERED,2026-04-28 02:09:01.300168
15,61,9,3.0,65000.0,DELIVERED,2026-05-17 09:40:01.300168
16,41,6,,15000.0,DELIVERED,2026-04-23 23:39:01.300168
17,64,7,2.0,167200.0,CANCELLED,2026-05-06 07:58:01.300168
18,33,3,,195000.0,DELIVERED,2026-05-07 08:15:01.300168
19,51,8,,275000.0,DELIVERED,2026-05-14 09:31:01.300168
20,82,3,,180000.0,DELIVERED,2026-05-19 13:53:01.300168
21,37,2,,296000.0,DELIVERED,2026-05-04 19:09:01.300168
22,54,1,,215000.0,CANCELLED,2026-05-18 16:50:01.300168
23,69,3,1.0,121500.0,DELIVERED,2026-04-22 13:22:01.300168
24,17,8,3.0,165000.0,DELIVERED,2026-05-14 05:27:01.300168
25,46,7,2.0,85600.0,DELIVERED,2026-05-15 19:44:01.300168
26,34,8,,195000.0,DELIVERED,2026-05-11 01:35:01.300168
27,13,5,3.0,95000.0,DELIVERED,2026-05-16 18:10:01.300168
28,69,4,2.0,118400.0,CANCELLED,2026-05-05 14:48:01.300168
29,3,8,3.0,80000.0,DELIVERED,2026-04-26 12:40:01.300168
30,98,6,,41000.0,DELIVERED,2026-05-12 17:33:01.300168
31,37,5,,164000.0,DELIVERED,2026-04-19 20:06:01.300168
32,83,8,,270000.0,DELIVERED,2026-04-30 23:11:01.300168
33,71,7,3.0,195000.0,CANCELLED,2026-04-26 02:29:01.300168
34,89,8,3.0,35000.0,DELIVERED,2026-05-18 22:16:01.300168
35,94,8,,175000.0,DELIVERED,2026-05-10 05:31:01.300168
36,18,6,,104000.0,CANCELLED,2026-05-18 20:09:01.300168
37,92,1,,345000.0,CANCELLED,2026-04-20 20:42:01.300168
38,61,8,,170000.0,PENDING,2026-04-27 07:16:01.300168
39,75,5,3.0,272000.0,DELIVERED,2026-05-07 09:29:01.300168
40,35,2,,325000.0,DELIVERED,2026-05-09 18:38:01.300168
41,33,8,,15000.0,CANCELLED,2026-05-05 03:01:01.300168
42,18,10,,768000.0,DELIVERED,2026-05-15 02:22:01.300168
43,51,2,3.0,52000.0,DELIVERED,2026-05-18 19:13:01.300168
44,29,8,,155000.0,CANCELLED,2026-05-12 22:35:01.300168
45,8,7,1.0,49500.0,DELIVERED,2026-05-01 16:35:01.300168
46,84,8,,30000.0,DELIVERED,2026-04-30 02:30:01.300168
47,59,2,2.0,196000.0,DELIVERED,2026-05-03 12:39:01.300168
48,73,4,,147000.0,DELIVERED,2026-05-09 12:14:01.300168
49,55,5,,55000.0,DELIVERED,2026-04-28 21:55:01.300168
50,61,10,,270000.0,DELIVERED,2026-05-08 15:21:01.300168
51,51,3,,5000.0,DELIVERED,2026-04-23 07:12:01.300168
52,55,5,,329000.0,CANCELLED,2026-04-23 00:42:01.300168
53,71,5,3.0,149000.0,CANCELLED,2026-05-19 14:33:01.300168
54,64,1,,140000.0,DELIVERED,2026-05-15 18:34:01.300168
55,52,7,,155000.0,CANCELLED,2026-05-14 12:50:01.300168
56,85,6,,111000.0,DELIVERED,2026-05-03 14:18:01.300168
57,35,5,,52000.0,DELIVERED,2026-05-11 15:30:01.300168
58,70,3,,250000.0,CANCELLED,2026-05-15 11:45:01.300168
59,20,9,,90000.0,DELIVERED,2026-05-18 09:19:01.300168
60,26,7,,172000.0,DELIVERED,2026-05-17 03:23:01.300168
61,48,4,,564000.0,DELIVERED,2026-04-25 19:29:01.300168
62,5,1,,215000.0,DELIVERED,2026-05-07 18:40:01.300168
63,100,2,,175000.0,DELIVERED,2026-05-12 01:12:01.300168
64,40,7,,106000.0,CANCELLED,2026-05-10 03:13:01.300168
65,18,6,,92000.0,DELIVERED,2026-05-19 13:43:01.300168
66,65,4,,635000.0,DELIVERED,2026-05-04 16:02:01.300168
67,59,6,2.0,92800.0,DELIVERED,2026-05-03 15:18:01.300168
68,17,4,,657000.0,CANCELLED,2026-05-18 13:17:01.300168
69,100,9,,135000.0,DELIVERED,2026-05-17 14:38:01.300168
70,81,10,,468000.0,CANCELLED,2026-04-24 14:47:01.300168
71,60,4,,614000.0,DELIVERED,2026-04-28 13:21:01.300168
72,97,1,,205000.0,DELIVERED,2026-05-07 15:25:01.300168
73,28,7,,162000.0,CANCELLED,2026-04-27 05:50:01.300168
74,50,2,,147000.0,DELIVERED,2026-04-24 13:48:01.300168
75,15,9,,250000.0,CANCELLED,2026-05-02 06:10:01.300168
76,48,10,,269000.0,DELIVERED,2026-04-23 12:30:01.300168
77,73,3,1.0,99000.0,DELIVERED,2026-04-22 05:14:01.300168
78,99,2,,29000.0,DELIVERED,2026-04-27 15:57:01.300168
79,93,8,3.0,25000.0,DELIVERED,2026-05-14 14:14:01.300168
80,32,7,,180000.0,DELIVERED,2026-05-08 02:15:01.300168
81,21,3,3.0,125000.0,DELIVERED,2026-04-30 21:03:01.300168
82,21,2,2.0,275000.0,DELIVERED,2026-04-20 14:48:01.300168
83,89,7,2.0,168000.0,DELIVERED,2026-04-29 19:06:01.300168
84,85,9,3.0,80000.0,CANCELLED,2026-04-27 17:04:01.300168
85,33,2,,236000.0,DELIVERED,2026-05-02 00:37:01.300168
86,86,5,,52000.0,DELIVERED,2026-04-30 00:17:01.300168
87,50,2,3.0,33000.0,CANCELLED,2026-05-15 12:24:01.300168
88,92,6,1.0,94500.0,DELIVERED,2026-05-04 05:13:01.300168
89,64,8,3.0,175000.0,DELIVERED,2026-05-16 06:54:01.300168
90,90,2,,325000.0,DELIVERED,2026-05-12 17:44:01.300168
91,48,10,1.0,250000.0,DELIVERED,2026-05-12 01:29:01.300168
92,74,8,1.0,135000.0,DELIVERED,2026-04-21 11:01:01.300168
93,36,7,,110000.0,DELIVERED,2026-05-15 10:49:01.300168
94,4,5,,55000.0,DELIVERED,2026-05-03 19:12:01.300168
95,91,1,2.0,220000.0,DELIVERED,2026-05-03 14:29:01.300168
96,97,1,,415000.0,DELIVERED,2026-05-01 17:54:01.300168
97,33,3,,95000.0,DELIVERED,2026-05-02 04:23:01.300168
98,59,9,3.0,270000.0,DELIVERED,2026-04-23 06:00:01.300168
99,41,4,,346000.0,DELIVERED,2026-04-22 16:37:01.300168
100,23,2,1.0,283000.0,DELIVERED,2026-05-01 20:26:01.300168
101,89,9,2.0,176000.0,DELIVERED,2026-04-20 08:33:01.300168
102,63,3,,110000.0,DELIVERED,2026-05-13 09:04:01.300168
103,46,4,,416000.0,CANCELLED,2026-04-30 03:13:01.300168
104,42,2,,96000.0,DELIVERED,2026-05-19 13:40:01.300168
105,62,7,,125000.0,DELIVERED,2026-05-13 04:24:01.300168
106,45,3,,20000.0,DELIVERED,2026-05-01 00:15:01.300168
107,41,6,,69000.0,DELIVERED,2026-05-17 11:19:01.300168
108,98,1,3.0,135000.0,DELIVERED,2026-05-08 09:15:01.300168
109,40,9,,195000.0,CANCELLED,2026-05-02 13:21:01.300168
110,92,7,1.0,96300.0,DELIVERED,2026-05-04 14:54:01.300168
111,8,4,,296000.0,CANCELLED,2026-04-20 16:44:01.300168
112,84,4,,684000.0,DELIVERED,2026-05-14 14:33:01.300168
113,70,3,1.0,67500.0,DELIVERED,2026-05-05 10:28:01.300168
114,40,3,,180000.0,CANCELLED,2026-05-09 01:51:01.300168
115,28,1,,80000.0,DELIVERED,2026-04-25 04:06:01.300168
116,88,8,3.0,25000.0,DELIVERED,2026-05-05 12:50:01.300168
117,86,6,,36000.0,DELIVERED,2026-05-08 08:19:01.300168
118,45,3,,200000.0,DELIVERED,2026-05-18 11:01:01.300168
119,88,7,,15000.0,DELIVERED,2026-04-22 19:40:01.300168
120,37,6,2.0,84800.0,DELIVERED,2026-05-17 17:45:01.300168
121,38,8,3.0,100000.0,DELIVERED,2026-05-09 20:32:01.300168
122,83,2,,115000.0,DELIVERED,2026-05-08 00:23:01.300168
123,43,1,,65000.0,DELIVERED,2026-05-07 19:00:01.300168
124,60,6,,117000.0,DELIVERED,2026-04-27 09:21:01.300168
125,51,1,,85000.0,DELIVERED,2026-05-13 08:05:01.300168
126,78,5,2.0,173600.0,DELIVERED,2026-05-04 07:27:01.300168
127,38,10,,558000.0,DELIVERED,2026-05-02 20:12:01.300168
128,38,2,,344000.0,DELIVERED,2026-04-20 20:31:01.300168
129,16,10,,579000.0,DELIVERED,2026-05-06 21:15:01.300168
130,28,1,,285000.0,DELIVERED,2026-04-23 15:06:01.300168
131,41,5,,269000.0,DELIVERED,2026-05-04 12:11:01.300168
132,92,2,,38000.0,CANCELLED,2026-04-21 03:24:01.300168
133,45,1,,130000.0,DELIVERED,2026-05-01 23:16:01.300168
134,45,6,3.0,31000.0,DELIVERED,2026-05-13 21:33:01.300168
135,54,1,,290000.0,DELIVERED,2026-05-05 00:33:01.300168
136,29,7,,201000.0,DELIVERED,2026-04-27 08:25:01.300168
137,49,10,1.0,358000.0,DELIVERED,2026-05-01 08:59:01.300168
138,92,6,1.0,108900.0,DELIVERED,2026-04-22 08:31:01.300168
139,83,8,,275000.0,DELIVERED,2026-04-20 11:25:01.300168
140,78,2,,207000.0,DELIVERED,2026-05-14 22:38:01.300168
141,52,2,,216000.0,CANCELLED,2026-05-11 03:59:01.300168
142,49,4,2.0,734000.0,DELIVERED,2026-04-26 23:26:01.300168
143,50,9,,235000.0,DELIVERED,2026-05-06 09:54:01.300168
144,95,5,,175000.0,DELIVERED,2026-05-03 17:18:01.300168
145,75,2,2.0,275000.0,CANCELLED,2026-05-15 19:22:01.300168
146,59,10,,180000.0,CANCELLED,2026-04-24 23:20:01.300168
147,93,3,,20000.0,DELIVERED,2026-05-02 18:23:01.300168
148,60,4,3.0,83000.0,DELIVERED,2026-04-27 07:08:01.300168
149,98,3,3.0,15000.0,DELIVERED,2026-05-13 18:28:01.300168
150,74,8,,170000.0,DELIVERED,2026-05-02 04:10:01.300168
151,98,4,3.0,84000.0,CANCELLED,2026-05-03 05:39:01.300168
152,51,2,,344000.0,DELIVERED,2026-05-08 17:38:01.300168
153,47,8,1.0,45000.0,CANCELLED,2026-05-11 17:32:01.300168
154,38,9,,195000.0,DELIVERED,2026-05-08 01:40:01.300168
155,6,8,,30000.0,DELIVERED,2026-05-13 20:39:01.300168
156,61,7,3.0,110000.0,DELIVERED,2026-05-16 15:33:01.300168
157,61,4,,954000.0,DELIVERED,2026-04-23 03:30:01.300168
158,48,9,3.0,255000.0,DELIVERED,2026-05-13 12:09:01.300168
159,78,10,,350000.0,DELIVERED,2026-04-23 18:12:01.300168
160,29,6,,86000.0,CANCELLED,2026-04-24 03:14:01.300168
161,90,3,,15000.0,DELIVERED,2026-04-28 03:03:01.300168
162,51,7,,162000.0,DELIVERED,2026-04-21 21:13:01.300168
163,30,7,,29000.0,DELIVERED,2026-05-13 00:41:01.300168
164,69,5,,337000.0,DELIVERED,2026-05-08 23:58:01.300168
165,49,3,,5000.0,DELIVERED,2026-04-22 19:50:01.300168
166,31,2,,305000.0,DELIVERED,2026-04-28 10:09:01.300168
167,89,8,2.0,140000.0,CANCELLED,2026-05-07 18:52:01.300168
168,97,7,,154000.0,CANCELLED,2026-05-09 09:29:01.300168
169,59,6,,12000.0,DELIVERED,2026-05-09 01:57:01.300168
170,12,4,,487000.0,DELIVERED,2026-05-08 06:49:01.300168
171,73,3,2.0,88000.0,DELIVERED,2026-04-21 04:53:01.300168
172,74,2,,204000.0,DELIVERED,2026-04-27 06:39:01.300168
173,58,1,,15000.0,CANCELLED,2026-05-15 03:51:01.300168
174,36,5,,156000.0,DELIVERED,2026-05-04 13:45:01.300168
175,73,4,1.0,276000.0,DELIVERED,2026-05-17 15:28:01.300168
176,60,9,,25000.0,DELIVERED,2026-05-06 23:58:01.300168
177,76,9,3.0,170000.0,DELIVERED,2026-05-01 04:28:01.300168
178,65,6,1.0,93600.0,DELIVERED,2026-04-22 19:47:01.300168
179,26,7,3.0,40000.0,DELIVERED,2026-05-17 13:55:01.300168
180,23,5,,217000.0,DELIVERED,2026-05-02 04:12:01.300168
181,91,4,1.0,132300.0,DELIVERED,2026-05-08 09:09:01.300168
182,74,5,,232000.0,CANCELLED,2026-05-06 01:51:01.300168
183,2,1,,5000.0,DELIVERED,2026-05-04 07:05:01.300168
184,90,2,,57000.0,DELIVERED,2026-05-15 06:25:01.300168
185,8,4,,756000.0,DELIVERED,2026-04-26 03:34:01.300168
186,25,5,,162000.0,PENDING,2026-04-22 16:27:01.300168
187,4,4,,198000.0,DELIVERED,2026-04-23 12:46:01.300168
188,48,9,2.0,104000.0,DELIVERED,2026-05-13 21:43:01.300168
189,15,10,2.0,359000.0,DELIVERED,2026-05-17 15:07:01.300168
190,71,8,3.0,250000.0,CANCELLED,2026-04-30 16:05:01.300168
191,85,4,,903000.0,CANCELLED,2026-05-15 23:07:01.300168
192,54,8,2.0,84000.0,DELIVERED,2026-05-08 15:40:01.300168
193,94,10,,747000.0,CANCELLED,2026-05-10 19:03:01.300168
194,65,9,3.0,160000.0,DELIVERED,2026-04-28 20:55:01.300168
195,33,7,,55000.0,CANCELLED,2026-04-24 05:37:01.300168
196,69,10,,260000.0,DELIVERED,2026-04-27 09:37:01.300168
197,66,4,,706000.0,DELIVERED,2026-04-30 04:36:01.300168
198,69,7,3.0,61000.0,DELIVERED,2026-05-10 15:12:01.300168
199,76,9,,160000.0,DELIVERED,2026-05-08 05:17:01.300168
200,4,10,,737000.0,DELIVERED,2026-04-25 05:36:01.300168
201,32,4,,657000.0,CANCELLED,2026-05-15 20:19:01.300168
202,20,10,,229000.0,DELIVERED,2026-04-29 11:04:01.300168
203,42,7,,7000.0,DELIVERED,2026-05-01 11:44:01.300168
204,67,9,,25000.0,DELIVERED,2026-04-30 01:07:01.300168
205,74,9,3.0,15000.0,DELIVERED,2026-05-16 18:23:01.300168
206,43,5,2.0,224000.0,DELIVERED,2026-04-25 03:00:01.300168
207,64,3,2.0,120000.0,PENDING,2026-04-25 13:01:01.300168
208,77,1,2.0,180000.0,CANCELLED,2026-04-20 10:42:01.300168
209,90,10,3.0,344000.0,DELIVERED,2026-05-10 09:21:01.300168
210,2,3,,180000.0,DELIVERED,2026-04-29 22:35:01.300168
211,53,5,,397000.0,DELIVERED,2026-05-07 03:56:01.300168
212,4,6,,121000.0,DELIVERED,2026-04-30 16:03:01.300168
213,31,1,,280000.0,DELIVERED,2026-04-27 21:17:01.300168
214,34,4,,98000.0,CANCELLED,2026-04-22 07:41:01.300168
215,93,4,,953000.0,DELIVERED,2026-05-11 00:04:01.300168
216,92,2,3.0,23000.0,DELIVERED,2026-05-18 15:39:01.300168
217,3,3,1.0,166500.0,DELIVERED,2026-05-05 10:40:01.300168
218,39,2,,29000.0,DELIVERED,2026-05-17 10:31:01.300168
219,90,8,,120000.0,DELIVERED,2026-05-12 00:15:01.300168
220,47,6,,24000.0,DELIVERED,2026-04-28 08:11:01.300168
221,24,6,,12000.0,DELIVERED,2026-05-06 20:56:01.300168
222,43,3,2.0,96000.0,DELIVERED,2026-05-04 02:40:01.300168
223,39,5,3.0,202000.0,DELIVERED,2026-04-30 14:46:01.300168
224,22,3,,250000.0,DELIVERED,2026-05-18 16:40:01.300168
225,6,8,3.0,65000.0,DELIVERED,2026-05-16 22:07:01.300168
226,38,1,1.0,175500.0,DELIVERED,2026-05-13 11:53:01.300168
227,2,6,1.0,105300.0,DELIVERED,2026-05-01 00:12:01.300168
228,71,9,,260000.0,DELIVERED,2026-05-05 06:54:01.300168
229,61,7,,7000.0,DELIVERED,2026-04-29 13:14:01.300168
230,42,10,,607000.0,DELIVERED,2026-04-22 13:03:01.300168
231,55,3,3.0,50000.0,DELIVERED,2026-05-18 05:56:01.300168
232,18,5,,170000.0,DELIVERED,2026-04-26 00:50:01.300168
233,90,5,3.0,37000.0,DELIVERED,2026-05-06 16:39:01.300168
234,81,5,2.0,180000.0,DELIVERED,2026-05-14 02:27:01.300168
235,43,4,2.0,157600.0,DELIVERED,2026-04-30 14:20:01.300168
236,20,1,2.0,108000.0,DELIVERED,2026-05-04 21:39:01.300168
237,39,3,3.0,65000.0,DELIVERED,2026-05-13 22:45:01.300168
238,60,3,,245000.0,DELIVERED,2026-05-16 03:46:01.300168
239,68,1,1.0,385000.0,DELIVERED,2026-05-11 22:00:01.300168
240,99,2,,255000.0,DELIVERED,2026-05-08 02:08:01.300168
241,69,5,3.0,105000.0,DELIVERED,2026-04-26 04:13:01.300168
242,27,7,2.0,184800.0,DELIVERED,2026-05-04 22:47:01.300168
243,79,4,2.0,247000.0,DELIVERED,2026-05-16 05:55:01.300168
244,53,6,,5000.0,DELIVERED,2026-05-07 01:37:01.300168
245,30,2,,373000.0,CANCELLED,2026-05-14 14:46:01.300168
246,82,2,,214000.0,DELIVERED,2026-04-28 09:20:01.300168
247,68,4,3.0,423000.0,DELIVERED,2026-05-05 18:51:01.300168
248,30,7,3.0,150000.0,DELIVERED,2026-04-28 03:49:01.300168
249,11,10,1.0,170100.0,DELIVERED,2026-05-18 00:02:01.300168
250,67,4,2.0,953000.0,DELIVERED,2026-04-26 21:12:01.300168
251,25,4,,438000.0,DELIVERED,2026-05-01 06:16:01.300168
252,16,8,,50000.0,DELIVERED,2026-05-08 19:31:01.300168
253,44,1,,10000.0,DELIVERED,2026-05-12 22:05:01.300168
254,59,3,,15000.0,DELIVERED,2026-05-19 16:52:01.300168
255,22,3,,45000.0,DELIVERED,2026-04-28 10:09:01.300168
256,64,9,,110000.0,PENDING,2026-05-06 04:23:01.300168
257,62,9,,95000.0,DELIVERED,2026-05-07 21:28:01.300168
258,43,3,,185000.0,CANCELLED,2026-04-23 11:33:01.300168
259,51,3,,195000.0,PENDING,2026-05-07 06:04:01.300168
260,54,2,,382000.0,DELIVERED,2026-05-10 03:21:01.300168
261,14,3,,130000.0,DELIVERED,2026-05-18 14:36:01.300168
262,62,8,,180000.0,CANCELLED,2026-05-03 06:57:01.300168
263,22,8,,30000.0,DELIVERED,2026-05-04 04:57:01.300168
264,61,2,1.0,264000.0,DELIVERED,2026-04-23 18:55:01.300168
265,24,5,,217000.0,DELIVERED,2026-05-07 09:36:01.300168
266,55,8,,15000.0,DELIVERED,2026-04-30 03:19:01.300168
267,41,1,1.0,260000.0,PENDING,2026-05-07 09:48:01.300168
268,38,7,,15000.0,DELIVERED,2026-04-24 04:45:01.300168
269,27,8,2.0,80000.0,DELIVERED,2026-04-27 10:00:01.300168
270,82,4,3.0,282000.0,PENDING,2026-05-01 07:58:01.300168
271,49,7,,51000.0,DELIVERED,2026-05-18 21:51:01.300168
272,29,5,,115000.0,DELIVERED,2026-05-07 13:01:01.300168
273,41,7,,110000.0,DELIVERED,2026-05-10 04:43:01.300168
274,29,9,3.0,40000.0,DELIVERED,2026-05-02 01:59:01.300168
275,14,7,,7000.0,DELIVERED,2026-04-20 20:35:01.300168
276,3,7,,194000.0,DELIVERED,2026-04-24 21:24:01.300168
277,4,5,,449000.0,DELIVERED,2026-04-24 21:00:01.300168
278,34,8,2.0,250000.0,DELIVERED,2026-04-30 01:24:01.300168
279,17,6,,76000.0,DELIVERED,2026-05-05 23:38:01.300168
280,52,6,2.0,84000.0,DELIVERED,2026-04-21 04:54:01.300168
281,100,10,3.0,484000.0,DELIVERED,2026-05-08 22:54:01.300168
282,20,5,1.0,147600.0,DELIVERED,2026-05-02 00:04:01.300168
283,100,2,,19000.0,DELIVERED,2026-05-09 01:56:01.300168
284,26,7,3.0,157000.0,DELIVERED,2026-05-14 09:02:01.300168
285,45,7,,21000.0,CANCELLED,2026-05-11 00:50:01.300168
286,57,2,,48000.0,CANCELLED,2026-05-06 03:07:01.300168
287,22,7,,21000.0,DELIVERED,2026-05-11 15:47:01.300168
288,7,7,3.0,209000.0,DELIVERED,2026-05-08 17:27:01.300168
289,96,5,,107000.0,DELIVERED,2026-04-30 08:08:01.300168
290,62,5,1.0,194000.0,DELIVERED,2026-05-07 07:36:01.300168
291,63,7,,29000.0,DELIVERED,2026-04-21 11:12:01.300168
292,71,6,,115000.0,CANCELLED,2026-05-05 15:05:01.300168
293,18,10,3.0,205000.0,DELIVERED,2026-05-18 18:08:01.300168
294,30,9,,225000.0,DELIVERED,2026-05-16 20:36:01.300168
295,54,7,,62000.0,CANCELLED,2026-04-22 20:46:01.300168
296,6,3,,60000.0,DELIVERED,2026-04-20 16:55:01.300168
297,48,6,2.0,107200.0,DELIVERED,2026-04-27 03:17:01.300168
298,25,5,,287000.0,DELIVERED,2026-04-21 07:48:01.300168
299,96,6,,105000.0,PENDING,2026-04-26 07:54:01.300168
300,80,10,1.0,117000.0,DELIVERED,2026-04-29 19:56:01.300168
301,23,6,1.0,78300.0,DELIVERED,2026-05-03 06:18:01.300168
302,45,6,3.0,20000.0,DELIVERED,2026-05-02 16:38:01.300168
303,32,5,,329000.0,DELIVERED,2026-04-26 18:08:01.300168
304,69,7,,59000.0,DELIVERED,2026-05-11 08:16:01.300168
305,2,10,,189000.0,DELIVERED,2026-05-13 00:19:01.300168
306,9,9,,170000.0,DELIVERED,2026-05-02 01:58:01.300168
307,53,6,3.0,25000.0,CANCELLED,2026-05-14 05:28:01.300168
308,29,7,1.0,162000.0,DELIVERED,2026-05-15 17:52:01.300168
309,39,4,,487000.0,DELIVERED,2026-05-03 05:47:01.300168
310,96,1,,145000.0,DELIVERED,2026-04-30 18:06:01.300168
311,70,10,1.0,200000.0,DELIVERED,2026-05-19 08:47:01.300168
312,37,3,3.0,165000.0,CANCELLED,2026-04-25 14:41:01.300168
313,97,9,,260000.0,DELIVERED,2026-05-04 21:50:01.300168
314,52,7,,165000.0,DELIVERED,2026-04-20 17:26:01.300168
315,90,6,1.0,108900.0,DELIVERED,2026-05-11 17:47:01.300168
316,52,2,3.0,161000.0,CANCELLED,2026-04-24 16:18:01.300168
317,92,2,,325000.0,DELIVERED,2026-05-04 01:29:01.300168
318,29,4,1.0,88200.0,DELIVERED,2026-04-29 00:42:01.300168
319,3,7,,84000.0,DELIVERED,2026-04-24 02:23:01.300168
320,43,9,1.0,108000.0,DELIVERED,2026-04-21 11:00:01.300168
321,28,5,,279000.0,DELIVERED,2026-04-22 07:12:01.300168
322,46,6,,59000.0,DELIVERED,2026-05-03 02:16:01.300168
323,50,7,,91000.0,DELIVERED,2026-04-26 05:42:01.300168
324,35,2,,176000.0,DELIVERED,2026-04-30 09:37:01.300168
325,71,5,2.0,83200.0,DELIVERED,2026-05-06 12:54:01.300168
326,54,8,,70000.0,CANCELLED,2026-05-18 00:01:01.300168
327,18,7,,14000.0,DELIVERED,2026-05-16 12:04:01.300168
328,75,7,,15000.0,CANCELLED,2026-04-25 08:29:01.300168
329,48,9,3.0,180000.0,DELIVERED,2026-04-29 09:24:01.300168
330,22,4,,657000.0,DELIVERED,2026-05-02 09:18:01.300168
331,78,10,,737000.0,DELIVERED,2026-04-26 03:06:01.300168
332,6,6,,71000.0,PENDING,2026-05-09 22:06:01.300168
333,9,2,,58000.0,DELIVERED,2026-04-27 16:43:01.300168
334,13,9,,195000.0,CANCELLED,2026-05-16 20:13:01.300168
335,37,3,1.0,81000.0,CANCELLED,2026-04-28 01:07:01.300168
336,62,8,,210000.0,DELIVERED,2026-05-01 17:19:01.300168
337,22,5,3.0,45000.0,DELIVERED,2026-04-24 16:52:01.300168
338,4,10,,220000.0,DELIVERED,2026-05-02 09:56:01.300168
339,65,3,,5000.0,DELIVERED,2026-04-21 20:10:01.300168
340,39,7,2.0,123200.0,PENDING,2026-05-01 22:22:01.300168
341,12,4,2.0,388000.0,DELIVERED,2026-04-25 03:10:01.300168
342,83,1,2.0,300000.0,CANCELLED,2026-04-25 22:48:01.300168
343,61,8,,30000.0,CANCELLED,2026-04-29 00:35:01.300168
344,49,5,,394000.0,CANCELLED,2026-04-21 01:50:01.300168
345,14,8,1.0,162000.0,DELIVERED,2026-05-05 00:05:01.300168
346,54,10,1.0,438000.0,DELIVERED,2026-05-03 02:14:01.300168
347,35,2,,233000.0,DELIVERED,2026-05-12 22:37:01.300168
348,10,9,,195000.0,PENDING,2026-05-09 00:36:01.300168
349,99,6,,35000.0,DELIVERED,2026-04-23 18:28:01.300168
350,11,9,3.0,260000.0,DELIVERED,2026-04-29 05:13:01.300168
351,32,8,1.0,45000.0,CANCELLED,2026-04-26 12:23:01.300168
352,19,2,3.0,396000.0,DELIVERED,2026-05-10 15:02:01.300168
353,97,7,,210000.0,DELIVERED,2026-05-09 12:06:01.300168
354,50,3,,180000.0,DELIVERED,2026-05-04 19:31:01.300168
355,99,4,,657000.0,DELIVERED,2026-05-01 09:12:01.300168
356,45,6,,5000.0,DELIVERED,2026-04-30 13:05:01.300168
357,71,5,,60000.0,DELIVERED,2026-04-28 20:00:01.300168
358,65,10,,917000.0,DELIVERED,2026-05-08 19:48:01.300168
359,45,3,,15000.0,CANCELLED,2026-05-06 16:29:01.300168
360,16,1,,130000.0,DELIVERED,2026-05-02 20:33:01.300168
361,26,8,3.0,145000.0,CANCELLED,2026-05-10 21:14:01.300168
362,85,10,1.0,439000.0,DELIVERED,2026-04-30 08:22:01.300168
363,57,9,,75000.0,DELIVERED,2026-05-07 20:38:01.300168
364,45,2,3.0,91000.0,DELIVERED,2026-04-25 18:16:01.300168
365,80,8,,185000.0,DELIVERED,2026-05-07 00:53:01.300168
366,51,5,3.0,314000.0,DELIVERED,2026-05-05 12:42:01.300168
367,78,10,,189000.0,DELIVERED,2026-04-26 15:39:01.300168
368,24,3,,45000.0,DELIVERED,2026-05-06 12:39:01.300168
369,73,2,,286000.0,DELIVERED,2026-05-09 10:05:01.300168
370,80,5,,120000.0,DELIVERED,2026-04-26 09:57:01.300168
371,89,5,,55000.0,CANCELLED,2026-05-02 00:49:01.300168
372,14,4,,805000.0,DELIVERED,2026-04-27 18:35:01.300168
373,7,7,,52000.0,DELIVERED,2026-05-01 22:48:01.300168
374,88,2,1.0,302000.0,DELIVERED,2026-04-26 23:14:01.300168
375,15,3,,180000.0,DELIVERED,2026-04-30 02:59:01.300168
376,64,2,,144000.0,CANCELLED,2026-04-29 18:59:01.300168
377,50,4,,466000.0,DELIVERED,2026-05-12 12:03:01.300168
378,72,7,3.0,30000.0,CANCELLED,2026-05-02 09:53:01.300168
379,36,8,,235000.0,PENDING,2026-05-03 09:53:01.300168
380,49,5,2.0,229000.0,PENDING,2026-04-23 15:42:01.300168
381,52,8,,215000.0,DELIVERED,2026-04-25 17:54:01.300168
382,21,9,,240000.0,CANCELLED,2026-04-24 21:39:01.300168
383,18,9,,200000.0,DELIVERED,2026-05-15 23:20:01.300168
384,20,8,,30000.0,DELIVERED,2026-05-09 21:26:01.300168
385,47,10,2.0,300000.0,DELIVERED,2026-05-14 19:07:01.300168
386,40,2,,19000.0,DELIVERED,2026-05-06 06:24:01.300168
387,27,1,,200000.0,DELIVERED,2026-05-03 08:11:01.300168
388,5,4,,904000.0,DELIVERED,2026-05-04 20:28:01.300168
389,8,2,,274000.0,DELIVERED,2026-04-22 23:40:01.300168
390,25,10,,120000.0,DELIVERED,2026-05-02 15:06:01.300168
391,7,8,,15000.0,DELIVERED,2026-04-22 00:00:01.300168
392,55,1,3.0,335000.0,DELIVERED,2026-05-09 20:10:01.300168
393,75,10,,40000.0,DELIVERED,2026-04-23 20:22:01.300168
394,74,1,,15000.0,DELIVERED,2026-04-20 08:20:01.300168
395,94,7,3.0,85000.0,DELIVERED,2026-05-03 02:12:01.300168
396,37,9,,195000.0,DELIVERED,2026-05-08 19:08:01.300168
397,56,3,3.0,80000.0,DELIVERED,2026-05-13 08:44:01.300168
398,43,3,,180000.0,DELIVERED,2026-05-13 00:10:01.300168
399,74,6,,52000.0,DELIVERED,2026-05-06 23:15:01.300168
400,52,5,,227000.0,DELIVERED,2026-04-23 23:35:01.300168
401,46,1,,155000.0,DELIVERED,2026-05-08 00:23:01.300168
402,29,9,3.0,75000.0,DELIVERED,2026-04-22 14:19:01.300168
403,70,9,,15000.0,DELIVERED,2026-04-23 07:20:01.300168
404,29,9,,245000.0,CANCELLED,2026-04-24 09:34:01.300168
405,46,8,,215000.0,DELIVERED,2026-05-17 10:03:01.300168
406,90,10,,728000.0,DELIVERED,2026-05-02 22:29:01.300168
407,66,6,,5000.0,DELIVERED,2026-04-24 11:47:01.300168
408,98,8,,120000.0,DELIVERED,2026-05-08 16:12:01.300168
409,75,10,,180000.0,CANCELLED,2026-04-27 12:11:01.300168
410,71,10,,229000.0,DELIVERED,2026-04-22 22:29:01.300168
411,99,6,,5000.0,DELIVERED,2026-05-16 23:14:01.300168
412,53,1,,70000.0,DELIVERED,2026-05-06 03:36:01.300168
413,49,9,1.0,67500.0,DELIVERED,2026-05-09 07:35:01.300168
414,78,1,,210000.0,DELIVERED,2026-05-19 12:16:01.300168
415,1,9,,170000.0,PENDING,2026-05-11 10:44:01.300168
416,92,3,,40000.0,DELIVERED,2026-05-13 05:54:01.300168
417,5,9,,175000.0,DELIVERED,2026-04-29 09:19:01.300168
418,44,8,,220000.0,DELIVERED,2026-05-08 02:13:01.300168
419,52,1,,285000.0,DELIVERED,2026-04-26 17:05:01.300168
420,64,1,,415000.0,DELIVERED,2026-04-20 19:21:01.300168
421,19,6,,62000.0,DELIVERED,2026-04-26 11:03:01.300168
422,23,6,2.0,88000.0,DELIVERED,2026-05-08 10:32:01.300168
423,91,2,3.0,329000.0,DELIVERED,2026-05-07 06:42:01.300168
424,59,4,3.0,84000.0,CANCELLED,2026-04-28 13:55:01.300168
425,82,9,,185000.0,DELIVERED,2026-04-26 21:46:01.300168
426,48,4,2.0,607000.0,CANCELLED,2026-04-22 16:30:01.300168
427,18,4,2.0,705000.0,CANCELLED,2026-05-02 20:24:01.300168
428,77,3,,75000.0,DELIVERED,2026-05-13 19:43:01.300168
429,76,2,,216000.0,DELIVERED,2026-04-28 21:47:01.300168
430,42,10,3.0,762000.0,DELIVERED,2026-05-15 18:42:01.300168
431,42,2,,57000.0,DELIVERED,2026-04-28 08:19:01.300168
432,14,10,2.0,176000.0,CANCELLED,2026-05-12 01:37:01.300168
433,48,4,1.0,199000.0,DELIVERED,2026-04-30 09:59:01.300168
434,89,10,2.0,597000.0,DELIVERED,2026-05-05 10:46:01.300168
435,61,9,,170000.0,DELIVERED,2026-05-11 17:14:01.300168
436,37,8,,235000.0,DELIVERED,2026-04-21 09:54:01.300168
437,73,6,,99000.0,DELIVERED,2026-05-03 12:12:01.300168
438,53,4,3.0,741000.0,DELIVERED,2026-05-13 14:02:01.300168
439,71,6,1.0,126900.0,DELIVERED,2026-05-16 16:30:01.300168
440,2,3,,180000.0,DELIVERED,2026-04-25 16:49:01.300168
441,9,2,,19000.0,CANCELLED,2026-05-11 18:41:01.300168
442,35,1,,415000.0,DELIVERED,2026-05-13 11:00:01.300168
443,63,1,1.0,190000.0,CANCELLED,2026-05-10 11:12:01.300168
444,52,6,3.0,90000.0,DELIVERED,2026-05-13 21:28:01.300168
445,42,5,2.0,396000.0,DELIVERED,2026-04-27 07:14:01.300168
446,39,4,2.0,175200.0,DELIVERED,2026-04-21 13:37:01.300168
447,69,1,,135000.0,CANCELLED,2026-05-03 02:31:01.300168
448,34,3,,180000.0,CANCELLED,2026-04-27 19:19:01.300168
449,14,7,,7000.0,DELIVERED,2026-04-25 09:45:01.300168
450,27,3,,5000.0,CANCELLED,2026-05-10 00:19:01.300168
451,72,6,1.0,89100.0,DELIVERED,2026-05-01 08:14:01.300168
452,36,4,,438000.0,DELIVERED,2026-04-28 20:59:01.300168
453,75,3,,225000.0,CANCELLED,2026-05-01 20:28:01.300168
454,31,2,,87000.0,DELIVERED,2026-05-11 14:23:01.300168
455,9,1,,15000.0,DELIVERED,2026-04-20 10:35:01.300168
456,15,3,,120000.0,PENDING,2026-04-19 21:50:01.300168
457,81,8,,30000.0,DELIVERED,2026-04-29 02:49:01.300168
458,57,10,,210000.0,DELIVERED,2026-04-23 10:50:01.300168
459,48,5,,165000.0,DELIVERED,2026-04-20 22:38:01.300168
460,93,2,,166000.0,DELIVERED,2026-05-09 01:26:01.300168
461,91,5,,331000.0,CANCELLED,2026-05-02 20:41:01.300168
462,85,9,,45000.0,DELIVERED,2026-05-10 10:30:01.300168
463,94,6,,36000.0,DELIVERED,2026-05-19 10:51:01.300168
464,69,10,,598000.0,DELIVERED,2026-05-04 14:49:01.300168
465,50,2,,48000.0,DELIVERED,2026-05-19 05:30:01.300168
466,90,4,1.0,495000.0,CANCELLED,2026-05-03 07:53:01.300168
467,50,8,,285000.0,DELIVERED,2026-05-16 23:40:01.300168
468,54,10,,180000.0,DELIVERED,2026-04-30 17:51:01.300168
469,2,1,,200000.0,DELIVERED,2026-05-03 14:10:01.300168
470,41,10,,418000.0,DELIVERED,2026-05-06 21:06:01.300168
471,23,2,,96000.0,DELIVERED,2026-05-05 09:07:01.300168
472,54,6,1.0,126900.0,DELIVERED,2026-05-17 09:34:01.300168
473,39,1,,335000.0,DELIVERED,2026-05-16 22:43:01.300168
474,87,10,,399000.0,CANCELLED,2026-04-22 11:10:01.300168
475,83,3,,245000.0,DELIVERED,2026-04-21 18:59:01.300168
476,93,5,,165000.0,DELIVERED,2026-05-11 01:53:01.300168
477,3,9,3.0,15000.0,DELIVERED,2026-05-12 20:01:01.300168
478,28,8,,285000.0,DELIVERED,2026-05-04 11:52:01.300168
479,64,3,,5000.0,DELIVERED,2026-04-27 10:33:01.300168
480,61,5,,219000.0,DELIVERED,2026-05-03 17:01:01.300168
481,39,7,3.0,30000.0,DELIVERED,2026-05-07 19:58:01.300168
482,9,4,,219000.0,DELIVERED,2026-05-08 22:34:01.300168
483,5,1,,195000.0,DELIVERED,2026-05-13 22:14:01.300168
484,23,6,1.0,46800.0,DELIVERED,2026-05-16 20:23:01.300168
485,82,8,,145000.0,DELIVERED,2026-04-22 01:46:01.300168
486,58,8,,55000.0,DELIVERED,2026-05-07 17:16:01.300168
487,74,5,1.0,204000.0,DELIVERED,2026-05-02 04:32:01.300168
488,18,10,2.0,449000.0,DELIVERED,2026-05-18 16:20:01.300168
489,92,2,3.0,319000.0,DELIVERED,2026-04-28 16:54:01.300168
490,14,5,1.0,301000.0,CANCELLED,2026-05-15 08:02:01.300168
491,10,6,2.0,92800.0,DELIVERED,2026-04-21 22:20:01.300168
492,48,7,,165000.0,DELIVERED,2026-04-21 06:59:01.300168
493,47,6,,27000.0,CANCELLED,2026-04-27 22:54:01.300168
494,31,2,3.0,310000.0,DELIVERED,2026-05-15 14:53:01.300168
495,96,8,,45000.0,DELIVERED,2026-05-06 00:22:01.300168
496,10,8,1.0,166500.0,CANCELLED,2026-04-22 15:19:01.300168
497,36,7,,162000.0,DELIVERED,2026-05-06 05:41:01.300168
498,43,5,,211000.0,CANCELLED,2026-04-30 17:38:01.300168
499,31,1,3.0,200000.0,CANCELLED,2026-04-20 06:00:01.300168
500,77,8,,30000.0,DELIVERED,2026-05-17 10:43:01.300168
501,27,7,,51000.0,DELIVERED,2026-05-02 13:32:01.300168
502,78,6,3.0,30000.0,DELIVERED,2026-05-04 23:28:01.300168
503,31,6,,74000.0,DELIVERED,2026-05-03 13:40:01.300168
504,23,7,,36000.0,DELIVERED,2026-05-12 20:12:01.300168
505,9,3,1.0,171000.0,DELIVERED,2026-05-14 00:36:01.300168
506,29,9,3.0,50000.0,DELIVERED,2026-05-17 19:15:01.300168
507,19,3,,65000.0,DELIVERED,2026-05-11 03:21:01.300168
508,88,5,,162000.0,DELIVERED,2026-05-03 03:39:01.300168
509,18,3,,80000.0,DELIVERED,2026-05-01 01:01:01.300168
510,26,3,3.0,50000.0,DELIVERED,2026-05-05 16:43:01.300168
511,93,5,3.0,321000.0,DELIVERED,2026-05-19 10:06:01.300168
512,33,6,3.0,96000.0,CANCELLED,2026-05-16 01:44:01.300168
513,86,10,,567000.0,DELIVERED,2026-05-12 16:49:01.300168
514,69,9,,70000.0,DELIVERED,2026-04-24 17:28:01.300168
515,87,7,3.0,55000.0,PENDING,2026-05-06 09:32:01.300168
516,37,7,,62000.0,DELIVERED,2026-05-01 02:39:01.300168
517,28,3,3.0,120000.0,DELIVERED,2026-05-08 13:11:01.300168
518,32,8,,230000.0,CANCELLED,2026-04-21 06:55:01.300168
519,75,7,,165000.0,DELIVERED,2026-05-10 00:18:01.300168
520,67,2,,57000.0,DELIVERED,2026-05-14 14:13:01.300168
521,28,10,,279000.0,DELIVERED,2026-05-17 10:20:01.300168
522,41,7,,169000.0,DELIVERED,2026-04-25 09:58:01.300168
523,1,6,,99000.0,DELIVERED,2026-05-06 09:00:01.300168
524,63,5,,104000.0,DELIVERED,2026-05-08 12:11:01.300168
525,58,2,3.0,230000.0,DELIVERED,2026-05-05 06:26:01.300168
526,86,6,2.0,96800.0,DELIVERED,2026-05-04 22:31:01.300168
527,71,7,,14000.0,DELIVERED,2026-05-11 22:46:01.300168
528,29,5,3.0,89000.0,CANCELLED,2026-05-19 13:12:01.300168
529,57,5,3.0,147000.0,DELIVERED,2026-04-29 21:51:01.300168
530,86,8,,115000.0,DELIVERED,2026-05-13 18:59:01.300168
531,96,6,,12000.0,DELIVERED,2026-05-01 05:43:01.300168
532,75,1,,205000.0,DELIVERED,2026-04-30 05:42:01.300168
533,89,9,1.0,157500.0,PENDING,2026-05-02 16:35:01.300168
534,12,2,1.0,166500.0,DELIVERED,2026-05-06 06:58:01.300168
535,9,5,3.0,157000.0,DELIVERED,2026-04-26 01:10:01.300168
536,79,8,,220000.0,DELIVERED,2026-04-24 00:06:01.300168
537,39,8,,30000.0,PENDING,2026-04-29 04:48:01.300168
538,91,1,,350000.0,PENDING,2026-05-01 20:07:01.300168
539,62,9,,90000.0,DELIVERED,2026-05-04 05:24:01.300168
540,39,9,3.0,35000.0,CANCELLED,2026-04-23 17:16:01.300168
541,88,2,,118000.0,DELIVERED,2026-04-28 18:45:01.300168
542,79,8,,285000.0,DELIVERED,2026-04-28 18:37:01.300168
543,100,10,,468000.0,DELIVERED,2026-05-13 19:10:01.300168
544,11,3,,120000.0,DELIVERED,2026-05-09 15:09:01.300168
545,47,6,,105000.0,DELIVERED,2026-05-10 02:33:01.300168
546,54,2,,38000.0,PENDING,2026-04-23 09:06:01.300168
547,40,8,,30000.0,DELIVERED,2026-05-04 00:04:01.300168
548,9,10,,567000.0,DELIVERED,2026-04-30 20:04:01.300168
549,15,6,,10000.0,DELIVERED,2026-05-16 08:19:01.300168
550,38,4,,564000.0,CANCELLED,2026-05-16 17:00:01.300168
551,91,7,,15000.0,DELIVERED,2026-05-16 17:40:01.300168
552,90,7,,146000.0,DELIVERED,2026-04-23 03:09:01.300168
553,3,9,,130000.0,DELIVERED,2026-04-26 06:42:01.300168
554,36,5,,381000.0,DELIVERED,2026-05-03 08:37:01.300168
555,7,5,,172000.0,CANCELLED,2026-04-20 12:09:01.300168
556,31,9,,65000.0,DELIVERED,2026-04-30 08:27:01.300168
557,10,9,,130000.0,DELIVERED,2026-05-08 18:02:01.300168
558,92,9,,155000.0,DELIVERED,2026-05-05 02:47:01.300168
559,9,4,1.0,325000.0,DELIVERED,2026-05-02 10:22:01.300168
560,11,2,,29000.0,DELIVERED,2026-04-27 09:28:01.300168
561,77,1,2.0,164000.0,CANCELLED,2026-05-18 08:24:01.300168
562,27,2,,296000.0,PENDING,2026-05-16 07:57:01.300168
563,73,2,,89000.0,DELIVERED,2026-04-27 13:15:01.300168
564,29,8,3.0,15000.0,DELIVERED,2026-04-29 09:01:01.300168
565,62,4,1.0,89100.0,CANCELLED,2026-04-22 23:56:01.300168
566,52,2,1.0,106200.0,CANCELLED,2026-04-26 18:06:01.300168
567,42,3,3.0,100000.0,CANCELLED,2026-05-08 07:47:01.300168
568,26,5,,55000.0,DELIVERED,2026-05-02 01:41:01.300168
569,3,2,,89000.0,DELIVERED,2026-05-02 03:12:01.300168
570,31,5,3.0,141000.0,DELIVERED,2026-04-26 06:15:01.300168
571,64,9,3.0,50000.0,DELIVERED,2026-05-13 07:12:01.300168
572,71,4,,954000.0,DELIVERED,2026-05-19 14:03:01.300168
573,45,2,,87000.0,DELIVERED,2026-05-02 21:09:01.300168
574,47,6,,24000.0,DELIVERED,2026-04-28 18:25:01.300168
575,80,10,,548000.0,DELIVERED,2026-04-23 01:48:01.300168
576,17,10,1.0,847000.0,DELIVERED,2026-04-22 09:20:01.300168
577,58,4,,438000.0,DELIVERED,2026-05-11 23:29:01.300168
578,63,7,3.0,30000.0,DELIVERED,2026-05-08 03:46:01.300168
579,70,5,3.0,165000.0,DELIVERED,2026-04-28 05:46:01.300168
580,32,4,,466000.0,CANCELLED,2026-05-10 21:47:01.300168
581,45,9,,65000.0,CANCELLED,2026-05-03 21:22:01.300168
582,25,7,,201000.0,DELIVERED,2026-05-09 02:23:01.300168
583,3,10,,687000.0,CANCELLED,2026-05-14 21:53:01.300168
584,88,8,,105000.0,DELIVERED,2026-05-05 02:47:01.300168
585,78,6,,105000.0,DELIVERED,2026-05-10 11:04:01.300168
586,68,7,,55000.0,DELIVERED,2026-05-02 15:50:01.300168
587,30,5,1.0,49500.0,CANCELLED,2026-05-08 23:46:01.300168
588,39,4,3.0,204000.0,DELIVERED,2026-05-17 08:17:01.300168
589,43,3,,180000.0,DELIVERED,2026-05-06 08:02:01.300168
590,34,9,,160000.0,CANCELLED,2026-05-12 07:36:01.300168
591,13,9,,155000.0,CANCELLED,2026-05-16 17:48:01.300168
592,19,1,,340000.0,DELIVERED,2026-05-06 08:51:01.300168
593,10,5,,219000.0,CANCELLED,2026-04-30 15:21:01.300168
594,93,8,,160000.0,DELIVERED,2026-05-12 14:16:01.300168
595,83,5,,180000.0,DELIVERED,2026-04-24 09:16:01.300168
596,87,1,,350000.0,DELIVERED,2026-04-28 05:58:01.300168
597,20,7,,231000.0,DELIVERED,2026-05-11 00:28:01.300168
598,91,2,1.0,123300.0,DELIVERED,2026-05-08 22:17:01.300168
599,59,1,,270000.0,DELIVERED,2026-05-09 18:04:01.300168
600,44,4,3.0,84000.0,DELIVERED,2026-04-27 06:19:01.300168
601,43,8,,230000.0,DELIVERED,2026-05-01 16:47:01.300168
602,73,3,,180000.0,DELIVERED,2026-05-06 01:09:01.300168
603,95,9,3.0,50000.0,DELIVERED,2026-05-01 01:27:01.300168
604,23,9,1.0,180000.0,DELIVERED,2026-04-25 21:11:01.300168
605,41,4,,366000.0,DELIVERED,2026-04-20 15:48:01.300168
606,19,2,1.0,295000.0,DELIVERED,2026-04-27 20:47:01.300168
607,70,7,1.0,75600.0,DELIVERED,2026-04-30 10:52:01.300168
608,7,4,,198000.0,DELIVERED,2026-04-22 23:49:01.300168
609,14,6,,40000.0,DELIVERED,2026-04-19 20:06:01.300168
610,9,9,,195000.0,DELIVERED,2026-05-05 01:46:01.300168
611,36,4,,416000.0,DELIVERED,2026-05-14 13:59:01.300168
612,62,10,,90000.0,PENDING,2026-05-04 20:42:01.300168
613,55,9,,195000.0,DELIVERED,2026-05-14 23:51:01.300168
614,37,7,,22000.0,DELIVERED,2026-05-18 23:38:01.300168
615,75,10,1.0,81000.0,DELIVERED,2026-04-20 04:04:01.300168
616,69,3,,5000.0,DELIVERED,2026-05-09 02:09:01.300168
617,54,5,,216000.0,DELIVERED,2026-05-12 09:25:01.300168
618,12,2,,19000.0,DELIVERED,2026-04-29 21:39:01.300168
619,72,4,2.0,415000.0,DELIVERED,2026-05-08 15:13:01.300168
620,29,3,,245000.0,DELIVERED,2026-05-14 11:13:01.300168
621,37,3,,175000.0,CANCELLED,2026-04-23 16:57:01.300168
622,19,6,,115000.0,CANCELLED,2026-05-05 07:56:01.300168
623,56,7,,44000.0,DELIVERED,2026-05-12 00:12:01.300168
624,55,7,,176000.0,CANCELLED,2026-05-05 00:16:01.300168
625,5,7,,21000.0,DELIVERED,2026-04-21 05:26:01.300168
626,48,7,1.0,95400.0,DELIVERED,2026-05-17 10:25:01.300168
627,60,7,,62000.0,DELIVERED,2026-04-27 16:55:01.300168
628,75,8,,130000.0,DELIVERED,2026-04-22 21:59:01.300168
629,40,1,3.0,195000.0,DELIVERED,2026-05-06 13:25:01.300168
630,98,5,,162000.0,DELIVERED,2026-05-13 11:51:01.300168
631,32,4,,318000.0,DELIVERED,2026-05-09 16:25:01.300168
632,60,3,,125000.0,DELIVERED,2026-05-09 03:30:01.300168
633,98,8,,270000.0,DELIVERED,2026-04-23 18:18:01.300168
634,58,2,,57000.0,DELIVERED,2026-05-15 05:49:01.300168
635,23,3,,60000.0,DELIVERED,2026-04-22 01:34:01.300168
636,40,1,,215000.0,PENDING,2026-04-25 00:28:01.300168
637,77,2,,29000.0,DELIVERED,2026-04-25 00:56:01.300168
638,7,7,,176000.0,DELIVERED,2026-05-01 18:24:01.300168
639,3,5,,282000.0,CANCELLED,2026-04-28 22:14:01.300168
640,63,3,,185000.0,CANCELLED,2026-04-22 22:11:01.300168
641,34,2,,267000.0,DELIVERED,2026-04-20 18:08:01.300168
642,96,2,2.0,361000.0,DELIVERED,2026-05-15 09:22:01.300168
643,93,5,,167000.0,CANCELLED,2026-04-28 12:16:01.300168
644,11,7,,15000.0,DELIVERED,2026-05-01 19:20:01.300168
645,1,6,,36000.0,DELIVERED,2026-05-16 21:50:01.300168
646,69,1,,140000.0,DELIVERED,2026-05-17 21:36:01.300168
647,77,5,3.0,37000.0,DELIVERED,2026-04-25 04:55:01.300168
648,91,7,1.0,148500.0,DELIVERED,2026-04-24 12:33:01.300168
649,42,1,,150000.0,DELIVERED,2026-05-08 11:24:01.300168
650,79,1,1.0,117000.0,DELIVERED,2026-05-06 04:58:01.300168
651,11,9,,45000.0,DELIVERED,2026-05-19 17:10:01.300168
652,62,8,,30000.0,CANCELLED,2026-04-21 13:02:01.300168
653,13,1,,70000.0,DELIVERED,2026-04-26 23:46:01.300168
654,16,5,,274000.0,DELIVERED,2026-05-11 16:41:01.300168
655,18,6,,5000.0,DELIVERED,2026-05-10 14:01:01.300168
656,61,2,1.0,106200.0,DELIVERED,2026-04-20 19:56:01.300168
657,16,1,,195000.0,DELIVERED,2026-05-16 22:54:01.300168
658,28,4,1.0,883000.0,DELIVERED,2026-05-05 20:47:01.300168
659,78,10,,180000.0,DELIVERED,2026-05-05 01:01:01.300168
660,49,1,,10000.0,DELIVERED,2026-05-15 00:43:01.300168
661,96,8,3.0,135000.0,CANCELLED,2026-05-13 09:44:01.300168
662,38,1,1.0,185000.0,DELIVERED,2026-04-20 12:41:01.300168
663,77,10,,310000.0,CANCELLED,2026-05-14 21:23:01.300168
664,2,3,,215000.0,DELIVERED,2026-04-20 09:51:01.300168
665,2,6,,127000.0,DELIVERED,2026-05-16 20:05:01.300168
666,40,2,1.0,302000.0,DELIVERED,2026-04-20 14:10:01.300168
667,53,9,,175000.0,DELIVERED,2026-05-08 03:23:01.300168
668,67,3,,140000.0,DELIVERED,2026-05-11 07:27:01.300168
669,96,10,2.0,907000.0,DELIVERED,2026-05-04 04:01:01.300168
670,43,5,,339000.0,DELIVERED,2026-05-09 11:35:01.300168
671,94,8,,265000.0,DELIVERED,2026-05-14 03:54:01.300168
672,86,1,,210000.0,DELIVERED,2026-05-04 23:55:01.300168
673,31,1,,205000.0,DELIVERED,2026-04-22 13:56:01.300168
674,50,3,,180000.0,DELIVERED,2026-05-14 05:43:01.300168
675,3,3,3.0,180000.0,DELIVERED,2026-04-21 11:52:01.300168
676,80,2,,144000.0,DELIVERED,2026-05-03 14:03:01.300168
677,29,2,,147000.0,DELIVERED,2026-05-06 23:22:01.300168
678,21,1,3.0,195000.0,DELIVERED,2026-04-21 11:52:01.300168
679,14,4,,148000.0,DELIVERED,2026-04-27 08:57:01.300168
680,3,8,,100000.0,DELIVERED,2026-05-18 17:03:01.300168
681,77,9,,260000.0,CANCELLED,2026-05-15 21:18:01.300168
682,72,4,2.0,705000.0,DELIVERED,2026-04-20 03:29:01.300168
683,63,2,,197000.0,DELIVERED,2026-05-11 23:09:01.300168
684,71,9,1.0,230000.0,DELIVERED,2026-05-12 07:25:01.300168
685,60,8,,190000.0,DELIVERED,2026-05-14 22:15:01.300168
686,89,7,,45000.0,CANCELLED,2026-04-28 05:09:01.300168
687,4,7,,14000.0,DELIVERED,2026-05-13 18:03:01.300168
688,23,5,,120000.0,DELIVERED,2026-05-03 08:33:01.300168
689,81,3,,60000.0,CANCELLED,2026-04-23 19:37:01.300168
690,80,10,3.0,573000.0,DELIVERED,2026-05-03 09:04:01.300168
691,18,9,,155000.0,DELIVERED,2026-05-14 19:54:01.300168
692,14,5,,110000.0,DELIVERED,2026-05-01 01:09:01.300168
693,74,9,,175000.0,DELIVERED,2026-04-25 16:09:01.300168
694,11,4,,466000.0,DELIVERED,2026-04-30 12:00:01.300168
695,17,8,,30000.0,DELIVERED,2026-04-28 02:38:01.300168
696,30,9,,75000.0,DELIVERED,2026-04-30 20:27:01.300168
697,13,2,,265000.0,DELIVERED,2026-05-05 03:03:01.300168
698,85,6,,5000.0,DELIVERED,2026-05-18 20:04:01.300168
699,66,2,,185000.0,DELIVERED,2026-04-25 08:50:01.300168
700,20,9,,210000.0,CANCELLED,2026-05-10 05:25:01.300168
701,55,10,3.0,375000.0,DELIVERED,2026-05-08 12:05:01.300168
702,98,6,,24000.0,DELIVERED,2026-04-29 12:44:01.300168
703,38,9,,200000.0,DELIVERED,2026-04-21 09:13:01.300168
704,14,6,,35000.0,DELIVERED,2026-05-02 08:41:01.300168
705,31,5,,219000.0,DELIVERED,2026-05-01 19:57:01.300168
706,27,6,1.0,73800.0,DELIVERED,2026-05-09 18:54:01.300168
707,40,9,3.0,40000.0,DELIVERED,2026-05-13 09:51:01.300168
708,1,5,,219000.0,DELIVERED,2026-04-22 00:01:01.300168
709,48,9,,160000.0,DELIVERED,2026-05-01 13:40:01.300168
710,64,8,,105000.0,DELIVERED,2026-05-19 17:40:01.300168
711,29,9,3.0,230000.0,CANCELLED,2026-05-16 15:20:01.300168
712,13,4,,855000.0,DELIVERED,2026-04-30 00:33:01.300168
713,82,3,,90000.0,DELIVERED,2026-04-26 12:15:01.300168
714,19,7,,45000.0,DELIVERED,2026-04-25 12:16:01.300168
715,55,2,,19000.0,PENDING,2026-04-29 21:41:01.300168
716,28,1,,405000.0,DELIVERED,2026-04-23 17:26:01.300168
717,13,6,3.0,21000.0,DELIVERED,2026-04-28 09:00:01.300168
718,69,7,,100000.0,DELIVERED,2026-04-21 22:53:01.300168
719,48,3,,200000.0,PENDING,2026-05-08 22:39:01.300168
720,73,4,1.0,277000.0,DELIVERED,2026-05-14 17:26:01.300168
721,49,7,,165000.0,PENDING,2026-05-16 15:40:01.300168
722,44,4,,219000.0,DELIVERED,2026-04-28 05:27:01.300168
723,49,7,,165000.0,DELIVERED,2026-04-28 22:17:01.300168
724,93,8,,180000.0,PENDING,2026-05-10 23:08:01.300168
725,61,6,,40000.0,DELIVERED,2026-04-26 00:47:01.300168
726,41,3,,5000.0,DELIVERED,2026-05-03 14:36:01.300168
727,85,2,,57000.0,DELIVERED,2026-05-09 01:51:01.300168
728,11,8,,40000.0,DELIVERED,2026-05-14 03:08:01.300168
729,73,5,,329000.0,DELIVERED,2026-05-14 04:51:01.300168
730,36,3,,60000.0,CANCELLED,2026-05-06 22:48:01.300168
731,5,6,,105000.0,CANCELLED,2026-04-20 11:16:01.300168
732,8,2,,19000.0,CANCELLED,2026-04-30 21:33:01.300168
733,76,4,,904000.0,CANCELLED,2026-05-18 12:18:01.300168
734,4,4,,268000.0,CANCELLED,2026-05-11 12:36:01.300168
735,49,1,,270000.0,DELIVERED,2026-04-21 15:55:01.300168
736,48,6,,15000.0,DELIVERED,2026-05-19 06:43:01.300168
737,45,9,,40000.0,CANCELLED,2026-05-16 06:28:01.300168
738,82,1,,340000.0,DELIVERED,2026-05-15 06:16:01.300168
739,8,4,3.0,472000.0,DELIVERED,2026-04-23 18:36:01.300168
740,50,1,1.0,117000.0,DELIVERED,2026-04-30 13:48:01.300168
741,78,4,3.0,500000.0,DELIVERED,2026-04-23 17:48:01.300168
742,32,6,1.0,72000.0,DELIVERED,2026-05-05 14:25:01.300168
743,58,6,,80000.0,DELIVERED,2026-05-13 08:52:01.300168
744,11,4,3.0,691000.0,DELIVERED,2026-04-28 11:19:01.300168
745,89,4,,198000.0,DELIVERED,2026-05-04 03:44:01.300168
746,23,2,,303000.0,DELIVERED,2026-05-12 07:39:01.300168
747,60,7,,140000.0,DELIVERED,2026-04-25 15:22:01.300168
748,61,4,,317000.0,DELIVERED,2026-05-01 02:49:01.300168
749,29,2,,96000.0,DELIVERED,2026-05-16 07:22:01.300168
750,9,6,,120000.0,DELIVERED,2026-05-02 05:27:01.300168
751,61,5,1.0,46800.0,DELIVERED,2026-04-22 23:16:01.300168
752,48,5,1.0,157500.0,DELIVERED,2026-04-28 04:42:01.300168
753,51,8,,220000.0,DELIVERED,2026-05-07 06:09:01.300168
754,10,9,,65000.0,DELIVERED,2026-05-13 04:28:01.300168
755,71,5,,156000.0,DELIVERED,2026-05-11 08:21:01.300168
756,78,8,,80000.0,CANCELLED,2026-05-06 17:27:01.300168
757,41,10,3.0,713000.0,DELIVERED,2026-05-03 05:42:01.300168
758,56,8,,50000.0,CANCELLED,2026-05-11 14:23:01.300168
759,21,10,,657000.0,DELIVERED,2026-04-25 08:04:01.300168
760,73,8,1.0,215000.0,DELIVERED,2026-05-01 22:31:01.300168
761,79,1,3.0,130000.0,CANCELLED,2026-05-10 00:47:01.300168
762,25,8,,285000.0,CANCELLED,2026-05-01 06:27:01.300168
763,42,8,,130000.0,DELIVERED,2026-05-15 22:00:01.300168
764,93,4,1.0,375000.0,DELIVERED,2026-05-19 08:54:01.300168
765,83,3,,40000.0,DELIVERED,2026-04-27 12:34:01.300168
766,74,1,,210000.0,DELIVERED,2026-05-13 05:43:01.300168
767,38,4,,564000.0,DELIVERED,2026-04-27 00:39:01.300168
768,61,2,,19000.0,DELIVERED,2026-04-24 06:23:01.300168
769,22,2,,197000.0,DELIVERED,2026-05-09 10:51:01.300168
770,26,4,,198000.0,DELIVERED,2026-04-27 04:44:01.300168
771,70,8,,285000.0,DELIVERED,2026-05-04 15:31:01.300168
772,46,5,,156000.0,CANCELLED,2026-04-21 21:20:01.300168
773,4,5,1.0,316000.0,DELIVERED,2026-05-04 19:38:01.300168
774,27,10,,220000.0,DELIVERED,2026-05-17 19:20:01.300168
775,93,2,,67000.0,DELIVERED,2026-05-16 21:23:01.300168
776,19,5,,274000.0,CANCELLED,2026-05-04 23:43:01.300168
777,7,5,,180000.0,DELIVERED,2026-04-22 04:23:01.300168
778,32,4,,565000.0,DELIVERED,2026-04-25 09:08:01.300168
779,82,1,,85000.0,DELIVERED,2026-05-03 19:42:01.300168
780,84,1,,285000.0,DELIVERED,2026-05-19 13:52:01.300168
781,2,5,2.0,347000.0,DELIVERED,2026-04-30 17:29:01.300168
782,45,8,1.0,295000.0,DELIVERED,2026-04-21 01:34:01.300168
783,77,7,,30000.0,DELIVERED,2026-05-15 00:08:01.300168
784,59,2,,38000.0,DELIVERED,2026-04-20 19:25:01.300168
785,2,6,,71000.0,DELIVERED,2026-05-06 18:32:01.300168
786,2,1,3.0,135000.0,PENDING,2026-05-19 13:54:01.300168
787,22,3,,5000.0,DELIVERED,2026-04-29 14:25:01.300168
788,91,4,3.0,867000.0,DELIVERED,2026-05-11 17:04:01.300168
789,66,3,,245000.0,DELIVERED,2026-05-02 19:24:01.300168
790,35,6,,82000.0,DELIVERED,2026-05-16 20:06:01.300168
791,2,3,,10000.0,CANCELLED,2026-05-09 00:16:01.300168
792,96,10,3.0,115000.0,DELIVERED,2026-05-11 03:19:01.300168
793,97,6,,92000.0,DELIVERED,2026-04-27 16:23:01.300168
794,33,7,,30000.0,DELIVERED,2026-04-21 21:44:01.300168
795,14,8,,65000.0,DELIVERED,2026-05-12 23:18:01.300168
796,9,2,,324000.0,DELIVERED,2026-05-12 04:29:01.300168
797,55,2,1.0,215000.0,DELIVERED,2026-04-26 07:37:01.300168
798,29,9,,75000.0,DELIVERED,2026-05-15 13:32:01.300168
799,5,3,2.0,144000.0,DELIVERED,2026-04-26 05:11:01.300168
800,24,2,,19000.0,DELIVERED,2026-05-09 09:26:01.300168
801,32,10,,310000.0,DELIVERED,2026-04-26 10:59:01.300168
802,95,8,,70000.0,DELIVERED,2026-05-04 08:29:01.300168
803,94,6,,52000.0,DELIVERED,2026-05-13 20:15:01.300168
804,54,3,,210000.0,DELIVERED,2026-05-05 14:29:01.300168
805,42,9,2.0,148000.0,DELIVERED,2026-05-18 16:39:01.300168
806,94,5,1.0,194000.0,DELIVERED,2026-04-21 20:00:01.300168
807,94,9,,195000.0,DELIVERED,2026-05-05 11:33:01.300168
808,43,8,3.0,65000.0,DELIVERED,2026-05-18 17:53:01.300168
809,33,10,,270000.0,CANCELLED,2026-05-09 02:08:01.300168
810,26,8,,135000.0,DELIVERED,2026-05-03 12:06:01.300168
811,67,1,,130000.0,DELIVERED,2026-05-12 03:24:01.300168
812,9,1,,340000.0,DELIVERED,2026-05-07 00:52:01.300168
813,87,7,,165000.0,DELIVERED,2026-04-26 15:10:01.300168
814,77,1,,80000.0,DELIVERED,2026-05-13 11:33:01.300168
815,38,2,,392000.0,DELIVERED,2026-05-10 14:16:01.300168
816,5,5,,55000.0,DELIVERED,2026-05-06 23:08:01.300168
817,70,10,,120000.0,CANCELLED,2026-04-30 12:44:01.300168
818,49,10,,917000.0,DELIVERED,2026-05-19 03:32:01.300168
819,9,10,,648000.0,DELIVERED,2026-04-28 03:11:01.300168
820,11,2,,207000.0,CANCELLED,2026-04-26 20:19:01.300168
821,64,1,,10000.0,DELIVERED,2026-04-29 12:38:01.300168
822,18,4,,1002000.0,DELIVERED,2026-05-08 01:57:01.300168
823,52,6,,116000.0,DELIVERED,2026-05-09 17:39:01.300168
824,72,4,,198000.0,CANCELLED,2026-05-12 19:17:01.300168
825,83,3,,15000.0,DELIVERED,2026-05-14 14:41:01.300168
826,25,7,2.0,91200.0,CANCELLED,2026-05-14 19:57:01.300168
827,84,6,,115000.0,PENDING,2026-04-29 09:41:01.300168
828,41,3,,60000.0,DELIVERED,2026-05-13 09:51:01.300168
829,77,8,,30000.0,CANCELLED,2026-05-18 02:00:01.300168
830,25,7,1.0,211000.0,DELIVERED,2026-04-22 07:01:01.300168
831,14,1,,195000.0,DELIVERED,2026-05-12 20:53:01.300168
832,68,5,,112000.0,DELIVERED,2026-05-05 16:09:01.300168
833,8,4,1.0,1081000.0,DELIVERED,2026-05-06 23:33:01.300168
834,18,8,3.0,180000.0,DELIVERED,2026-04-27 06:04:01.300168
835,57,6,3.0,21000.0,DELIVERED,2026-05-14 23:08:01.300168
836,52,3,,125000.0,DELIVERED,2026-04-27 13:17:01.300168
837,4,7,2.0,173600.0,CANCELLED,2026-04-30 11:16:01.300168
838,39,10,,170000.0,DELIVERED,2026-05-01 18:48:01.300168
839,25,8,,215000.0,DELIVERED,2026-04-20 09:32:01.300168
840,23,4,,855000.0,DELIVERED,2026-05-03 12:24:01.300168
841,5,5,,449000.0,DELIVERED,2026-05-15 09:35:01.300168
842,35,4,1.0,735000.0,DELIVERED,2026-05-07 13:14:01.300168
843,73,5,2.0,173600.0,DELIVERED,2026-04-26 12:09:01.300168
844,76,4,,49000.0,DELIVERED,2026-05-03 00:31:01.300168
845,37,10,,418000.0,DELIVERED,2026-04-20 12:19:01.300168
846,54,2,,267000.0,DELIVERED,2026-05-11 18:06:01.300168
847,20,6,1.0,46800.0,DELIVERED,2026-04-22 23:48:01.300168
848,59,2,,19000.0,CANCELLED,2026-04-25 13:22:01.300168
849,87,1,,10000.0,DELIVERED,2026-04-25 22:31:01.300168
850,65,6,,10000.0,DELIVERED,2026-04-28 10:09:01.300168
851,16,2,,325000.0,DELIVERED,2026-04-29 06:14:01.300168
852,43,3,,55000.0,DELIVERED,2026-05-14 19:02:01.300168
853,97,10,1.0,547000.0,DELIVERED,2026-05-09 09:28:01.300168
854,69,6,,144000.0,DELIVERED,2026-05-06 06:15:01.300168
855,46,2,,57000.0,DELIVERED,2026-04-28 10:18:01.300168
856,77,10,,369000.0,DELIVERED,2026-05-02 13:51:01.300168
857,93,3,3.0,150000.0,CANCELLED,2026-05-16 22:33:01.300168
858,22,10,3.0,25000.0,DELIVERED,2026-05-09 01:05:01.300168
859,81,1,,70000.0,DELIVERED,2026-05-07 02:21:01.300168
860,35,4,,487000.0,DELIVERED,2026-05-04 15:11:01.300168
861,65,3,,65000.0,DELIVERED,2026-04-23 21:11:01.300168
862,53,3,,190000.0,DELIVERED,2026-05-11 11:04:01.300168
863,65,7,,180000.0,DELIVERED,2026-04-30 15:08:01.300168
864,51,2,1.0,78300.0,DELIVERED,2026-04-25 00:34:01.300168
865,53,5,1.0,96300.0,PENDING,2026-04-25 16:59:01.300168
866,94,9,,50000.0,DELIVERED,2026-04-21 00:40:01.300168
867,1,5,,441000.0,DELIVERED,2026-05-09 23:08:01.300168
868,30,5,,175000.0,DELIVERED,2026-04-22 06:45:01.300168
869,86,4,,367000.0,DELIVERED,2026-04-23 02:16:01.300168
870,45,7,1.0,99000.0,DELIVERED,2026-05-17 00:53:01.300168
871,9,2,2.0,101600.0,CANCELLED,2026-04-20 01:16:01.300168
872,83,9,,25000.0,CANCELLED,2026-05-07 03:40:01.300168
873,53,3,3.0,105000.0,DELIVERED,2026-05-13 04:51:01.300168
874,85,7,2.0,132000.0,CANCELLED,2026-05-07 22:54:01.300168
875,80,4,2.0,117600.0,CANCELLED,2026-05-12 10:07:01.300168
876,5,10,3.0,663000.0,CANCELLED,2026-05-09 13:40:01.300168
877,42,8,3.0,155000.0,DELIVERED,2026-05-03 13:01:01.300168
878,16,10,3.0,264000.0,DELIVERED,2026-04-20 18:38:01.300168
879,76,10,3.0,812000.0,PENDING,2026-05-03 03:35:01.300168
880,80,5,2.0,129600.0,DELIVERED,2026-04-30 03:09:01.300168
881,44,10,,499000.0,DELIVERED,2026-05-02 07:39:01.300168
882,68,4,,147000.0,DELIVERED,2026-05-03 23:51:01.300168
883,53,4,,147000.0,CANCELLED,2026-05-13 13:25:01.300168
884,28,4,,296000.0,DELIVERED,2026-05-04 10:05:01.300168
885,3,2,,29000.0,DELIVERED,2026-05-10 18:07:01.300168
886,100,2,,87000.0,DELIVERED,2026-05-14 15:25:01.300168
887,44,7,,162000.0,DELIVERED,2026-04-22 22:09:01.300168
888,90,9,,265000.0,DELIVERED,2026-05-05 12:37:01.300168
889,30,2,,226000.0,CANCELLED,2026-04-25 11:21:01.300168
890,51,7,,91000.0,DELIVERED,2026-04-29 12:59:01.300168
891,99,6,,24000.0,DELIVERED,2026-04-22 08:53:01.300168
892,97,7,3.0,195000.0,DELIVERED,2026-05-07 23:23:01.300168
893,100,4,,268000.0,DELIVERED,2026-05-18 13:08:01.300168
894,38,10,,120000.0,DELIVERED,2026-04-27 21:37:01.300168
895,32,7,,15000.0,DELIVERED,2026-05-18 12:25:01.300168
896,32,5,3.0,306000.0,DELIVERED,2026-05-17 11:42:01.300168
897,42,8,,170000.0,DELIVERED,2026-05-06 02:06:01.300168
898,24,2,,146000.0,DELIVERED,2026-04-21 04:03:01.300168
899,78,10,,459000.0,CANCELLED,2026-05-16 11:27:01.300168
900,23,9,,65000.0,DELIVERED,2026-05-02 11:56:01.300168
901,54,6,,46000.0,DELIVERED,2026-05-12 16:47:01.300168
902,15,6,1.0,63000.0,DELIVERED,2026-04-29 13:15:01.300168
903,78,2,,144000.0,DELIVERED,2026-04-29 21:41:01.300168
904,56,1,3.0,275000.0,DELIVERED,2026-05-13 22:38:01.300168
905,27,1,,220000.0,DELIVERED,2026-04-22 04:03:01.300168
906,89,10,,508000.0,DELIVERED,2026-04-28 09:06:01.300168
907,87,5,1.0,54000.0,DELIVERED,2026-04-29 19:40:01.300168
908,91,3,,65000.0,CANCELLED,2026-04-20 18:38:01.300168
909,83,10,1.0,757000.0,CANCELLED,2026-05-13 20:55:01.300168
910,80,7,,15000.0,DELIVERED,2026-04-28 09:31:01.300168
911,5,2,,96000.0,CANCELLED,2026-05-09 22:28:01.300168
912,44,5,1.0,325000.0,CANCELLED,2026-05-08 19:13:01.300168
913,80,6,,105000.0,DELIVERED,2026-05-05 18:38:01.300168
914,45,2,3.0,250000.0,DELIVERED,2026-05-01 12:12:01.300168
915,2,6,3.0,59000.0,DELIVERED,2026-04-20 12:21:01.300168
916,91,8,3.0,260000.0,DELIVERED,2026-04-25 19:48:01.300168
917,99,8,,45000.0,CANCELLED,2026-04-21 22:29:01.300168
918,35,6,,24000.0,DELIVERED,2026-05-08 05:30:01.300168
919,25,3,,115000.0,DELIVERED,2026-04-25 15:41:01.300168
920,83,6,,120000.0,DELIVERED,2026-05-18 12:05:01.300168
921,90,10,2.0,328000.0,DELIVERED,2026-05-12 13:38:01.300168
922,7,8,,105000.0,DELIVERED,2026-05-17 16:34:01.300168
923,93,8,,125000.0,DELIVERED,2026-04-24 05:39:01.300168
924,20,2,3.0,189000.0,DELIVERED,2026-05-17 05:59:01.300168
925,71,7,,45000.0,DELIVERED,2026-05-06 04:41:01.300168
926,66,9,,245000.0,DELIVERED,2026-05-10 15:43:01.300168
927,51,5,,165000.0,DELIVERED,2026-04-27 14:00:01.300168
928,97,9,,235000.0,CANCELLED,2026-05-02 01:05:01.300168
929,43,5,3.0,147000.0,CANCELLED,2026-05-02 05:42:01.300168
930,76,6,,39000.0,DELIVERED,2026-04-30 19:01:01.300168
931,33,3,2.0,144000.0,DELIVERED,2026-05-02 03:08:01.300168
932,44,7,,179000.0,DELIVERED,2026-05-08 02:35:01.300168
933,81,4,,345000.0,CANCELLED,2026-05-18 07:53:01.300168
934,16,8,,270000.0,DELIVERED,2026-05-17 19:08:01.300168
935,9,8,,130000.0,DELIVERED,2026-05-19 16:25:01.300168
936,75,9,,195000.0,DELIVERED,2026-05-11 13:38:01.300168
937,27,4,1.0,594000.0,DELIVERED,2026-04-23 09:57:01.300168
938,67,9,3.0,15000.0,DELIVERED,2026-04-21 01:31:01.300168
939,74,9,,25000.0,CANCELLED,2026-04-27 21:44:01.300168
940,91,4,,345000.0,DELIVERED,2026-05-02 16:20:01.300168
941,8,6,,86000.0,DELIVERED,2026-05-16 16:27:01.300168
942,54,7,1.0,197000.0,DELIVERED,2026-05-11 21:48:01.300168
943,75,7,,92000.0,DELIVERED,2026-05-18 09:03:01.300168
944,79,8,,15000.0,DELIVERED,2026-05-15 18:51:01.300168
945,52,8,,165000.0,DELIVERED,2026-04-23 02:48:01.300168
946,31,2,,19000.0,CANCELLED,2026-05-18 04:46:01.300168
947,33,4,,296000.0,DELIVERED,2026-04-25 14:16:01.300168
948,45,7,,84000.0,DELIVERED,2026-05-12 09:38:01.300168
949,58,10,,647000.0,DELIVERED,2026-05-04 05:22:01.300168
950,53,8,,95000.0,DELIVERED,2026-05-14 01:17:01.300168
951,57,2,3.0,42000.0,DELIVERED,2026-04-27 12:40:01.300168
952,41,8,,190000.0,DELIVERED,2026-04-29 01:42:01.300168
953,83,6,,45000.0,DELIVERED,2026-04-23 17:28:01.300168
954,39,9,3.0,80000.0,DELIVERED,2026-05-08 10:59:01.300168
955,1,7,,180000.0,DELIVERED,2026-05-03 08:11:01.300168
956,89,8,,170000.0,DELIVERED,2026-04-27 18:04:01.300168
957,65,3,,205000.0,CANCELLED,2026-04-20 14:35:01.300168
958,62,9,3.0,15000.0,DELIVERED,2026-05-03 02:11:01.300168
959,84,5,,110000.0,DELIVERED,2026-04-24 00:36:01.300168
960,38,7,1.0,158400.0,CANCELLED,2026-05-14 02:39:01.300168
961,84,9,2.0,116000.0,DELIVERED,2026-05-17 07:56:01.300168
962,91,6,3.0,21000.0,DELIVERED,2026-04-28 12:47:01.300168
963,26,1,1.0,180000.0,DELIVERED,2026-04-20 16:11:01.300168
964,19,6,,146000.0,CANCELLED,2026-05-10 16:14:01.300168
965,63,7,2.0,144000.0,DELIVERED,2026-05-14 04:08:01.300168
966,90,10,2.0,517000.0,DELIVERED,2026-05-14 02:04:01.300168
967,74,6,,82000.0,DELIVERED,2026-05-06 00:57:01.300168
968,87,9,,120000.0,DELIVERED,2026-05-04 16:51:01.300168
969,69,1,,140000.0,DELIVERED,2026-04-28 05:55:01.300168
970,7,10,,180000.0,DELIVERED,2026-05-14 09:48:01.300168
971,77,2,,29000.0,DELIVERED,2026-05-02 11:01:01.300168
972,85,5,,287000.0,DELIVERED,2026-05-16 00:01:01.300168
973,28,4,2.0,515000.0,DELIVERED,2026-04-30 14:16:01.300168
974,85,1,3.0,335000.0,DELIVERED,2026-05-13 22:18:01.300168
975,82,8,,145000.0,CANCELLED,2026-05-04 18:36:01.300168
976,38,8,,165000.0,DELIVERED,2026-05-07 18:14:01.300168
977,82,3,3.0,165000.0,DELIVERED,2026-04-19 20:45:01.300168
978,40,8,,100000.0,PENDING,2026-05-11 12:24:01.300168
979,21,4,2.0,158400.0,DELIVERED,2026-05-15 07:18:01.300168
980,70,4,3.0,34000.0,DELIVERED,2026-04-21 07:52:01.300168
981,90,10,,220000.0,DELIVERED,2026-04-20 03:16:01.300168
982,80,6,,35000.0,DELIVERED,2026-04-24 13:47:01.300168
983,98,8,,175000.0,DELIVERED,2026-04-29 00:42:01.300168
984,28,3,1.0,175500.0,DELIVERED,2026-05-09 05:21:01.300168
985,18,8,,45000.0,DELIVERED,2026-05-05 06:24:01.300168
986,27,7,,69000.0,DELIVERED,2026-04-26 05:26:01.300168
987,23,5,1.0,46800.0,DELIVERED,2026-04-21 21:33:01.300168
988,18,2,,87000.0,DELIVERED,2026-04-22 03:28:01.300168
989,48,7,,45000.0,DELIVERED,2026-04-28 16:46:01.300168
990,89,9,,275000.0,DELIVERED,2026-04-26 13:17:01.300168
991,94,4,,784000.0,DELIVERED,2026-05-06 09:16:01.300168
992,67,6,,15000.0,DELIVERED,2026-04-21 10:25:01.300168
993,35,7,,21000.0,DELIVERED,2026-05-19 17:27:01.300168
994,79,7,,7000.0,DELIVERED,2026-05-08 11:16:01.300168
995,82,4,1.0,764000.0,DELIVERED,2026-05-08 06:10:01.300168
996,59,3,,135000.0,CANCELLED,2026-04-26 12:01:01.300168
997,58,7,,76000.0,CANCELLED,2026-05-10 22:57:01.300168
998,88,5,,274000.0,DELIVERED,2026-05-16 02:57:01.300168
999,30,3,,10000.0,DELIVERED,2026-05-06 17:09:01.300168
1000,9,5,,156000.0,DELIVERED,2026-05-18 20:19:01.300168
1001,23,8,,170000.0,DELIVERED,2026-05-12 05:40:01.300168
1002,77,4,3.0,691000.0,DELIVERED,2026-05-10 14:22:01.300168
1003,22,1,,205000.0,DELIVERED,2026-05-05 00:54:01.300168
1004,81,1,,195000.0,DELIVERED,2026-05-14 13:07:01.300168
1005,16,9,,45000.0,CANCELLED,2026-05-02 05:16:01.300168
1006,35,10,,567000.0,DELIVERED,2026-05-05 03:51:01.300168
1007,26,5,,230000.0,DELIVERED,2026-05-12 07:17:01.300168
1008,82,1,,280000.0,DELIVERED,2026-05-09 17:17:01.300168
1009,73,1,,350000.0,DELIVERED,2026-04-28 08:40:01.300168
1010,10,2,,344000.0,DELIVERED,2026-04-23 11:30:01.300168
1011,3,10,3.0,363000.0,DELIVERED,2026-05-07 20:01:01.300168
1012,62,8,,120000.0,DELIVERED,2026-04-26 20:02:01.300168
1013,27,7,,7000.0,DELIVERED,2026-05-14 16:19:01.300168
1014,56,5,,329000.0,DELIVERED,2026-04-26 18:07:01.300168
1015,81,10,,80000.0,PENDING,2026-04-26 02:12:01.300168
1016,43,5,,232000.0,CANCELLED,2026-05-14 12:34:01.300168
1017,77,3,,255000.0,CANCELLED,2026-04-22 22:09:01.300168
1018,39,5,2.0,286000.0,DELIVERED,2026-05-12 08:52:01.300168
1019,7,7,,7000.0,DELIVERED,2026-04-23 11:33:01.300168
1020,72,1,,65000.0,DELIVERED,2026-05-15 01:19:01.300168
1021,49,6,1.0,62100.0,DELIVERED,2026-05-18 04:16:01.300168
1022,68,6,1.0,89100.0,DELIVERED,2026-04-21 21:28:01.300168
1023,99,1,,205000.0,CANCELLED,2026-04-29 08:23:01.300168
1024,35,1,,70000.0,CANCELLED,2026-04-29 08:43:01.300168
1025,56,4,,318000.0,CANCELLED,2026-04-24 23:45:01.300168
1026,19,9,,275000.0,CANCELLED,2026-05-02 00:28:01.300168
1027,31,8,,175000.0,DELIVERED,2026-05-06 12:51:01.300168
1028,17,6,3.0,54000.0,DELIVERED,2026-04-26 15:51:01.300168
1029,51,8,,15000.0,DELIVERED,2026-04-25 06:28:01.300168
1030,24,10,,189000.0,DELIVERED,2026-04-29 14:42:01.300168
1031,21,4,3.0,34000.0,DELIVERED,2026-05-10 14:51:01.300168
1032,41,4,,466000.0,CANCELLED,2026-04-22 19:42:01.300168
1033,56,1,1.0,195000.0,DELIVERED,2026-04-22 02:50:01.300168
1034,100,10,2.0,718000.0,DELIVERED,2026-04-26 05:45:01.300168
1035,19,10,3.0,483000.0,DELIVERED,2026-05-08 23:41:01.300168
1036,92,9,,220000.0,DELIVERED,2026-05-05 17:24:01.300168
1037,78,8,3.0,105000.0,DELIVERED,2026-05-11 04:11:01.300168
1038,46,10,1.0,240000.0,CANCELLED,2026-05-07 08:17:01.300168
1039,58,4,,317000.0,DELIVERED,2026-04-20 21:36:01.300168
1040,66,9,,30000.0,DELIVERED,2026-05-18 11:49:01.300168
1041,36,7,,14000.0,DELIVERED,2026-05-04 11:35:01.300168
1042,13,9,3.0,205000.0,DELIVERED,2026-05-12 05:34:01.300168
1043,32,4,,734000.0,DELIVERED,2026-05-01 15:51:01.300168
1044,9,7,,21000.0,PENDING,2026-05-11 00:15:01.300168
1045,25,5,,165000.0,DELIVERED,2026-05-11 09:28:01.300168
1046,70,9,,50000.0,DELIVERED,2026-05-09 15:10:01.300168
1047,25,1,3.0,125000.0,DELIVERED,2026-05-07 12:17:01.300168
1048,77,9,,95000.0,DELIVERED,2026-04-27 08:51:01.300168
1049,62,1,,65000.0,DELIVERED,2026-05-11 19:10:01.300168
1050,71,7,2.0,137600.0,CANCELLED,2026-05-01 17:11:01.300168
1051,21,2,1.0,80100.0,DELIVERED,2026-05-17 14:40:01.300168
1052,1,7,2.0,160800.0,DELIVERED,2026-05-11 10:04:01.300168
1053,15,7,1.0,148500.0,DELIVERED,2026-05-07 21:10:01.300168
1054,54,3,,60000.0,DELIVERED,2026-04-24 00:33:01.300168
1055,67,8,2.0,210000.0,CANCELLED,2026-05-01 02:27:01.300168
1056,83,2,,125000.0,DELIVERED,2026-05-11 15:56:01.300168
1057,68,6,,27000.0,DELIVERED,2026-04-24 02:54:01.300168
1058,22,8,,70000.0,DELIVERED,2026-04-28 20:00:01.300168
1059,53,2,,89000.0,DELIVERED,2026-05-14 10:23:01.300168
1060,79,6,,29000.0,CANCELLED,2026-04-28 09:56:01.300168
1061,43,2,,87000.0,DELIVERED,2026-05-08 02:22:01.300168
1062,96,4,3.0,204000.0,DELIVERED,2026-05-07 20:15:01.300168
1063,52,6,,121000.0,DELIVERED,2026-05-11 06:46:01.300168
1064,10,5,2.0,133600.0,DELIVERED,2026-04-24 09:47:01.300168
1065,52,4,,854000.0,DELIVERED,2026-05-04 08:05:01.300168
1066,30,2,,29000.0,DELIVERED,2026-05-04 22:23:01.300168
1067,65,8,1.0,45000.0,CANCELLED,2026-04-21 08:18:01.300168
1068,26,8,,245000.0,DELIVERED,2026-05-03 12:26:01.300168
1069,44,7,,100000.0,DELIVERED,2026-05-02 06:56:01.300168
1070,5,5,,217000.0,CANCELLED,2026-05-17 19:07:01.300168
1071,52,9,,120000.0,PENDING,2026-04-27 23:55:01.300168
1072,67,6,,10000.0,DELIVERED,2026-05-07 04:57:01.300168
1073,8,3,1.0,144000.0,DELIVERED,2026-04-23 14:28:01.300168
1074,29,7,,117000.0,DELIVERED,2026-04-24 01:39:01.300168
1075,75,2,,214000.0,DELIVERED,2026-05-13 03:45:01.300168
1076,60,5,,336000.0,DELIVERED,2026-05-18 08:01:01.300168
1077,47,9,1.0,58500.0,DELIVERED,2026-05-19 13:36:01.300168
1078,21,4,3.0,938000.0,DELIVERED,2026-05-06 16:25:01.300168
1079,30,2,3.0,74000.0,CANCELLED,2026-05-18 22:54:01.300168
1080,81,5,,214000.0,DELIVERED,2026-05-12 23:25:01.300168
1081,100,10,1.0,519000.0,DELIVERED,2026-05-03 16:40:01.300168
1082,11,3,2.0,188000.0,DELIVERED,2026-05-12 21:25:01.300168
1083,16,6,,80000.0,DELIVERED,2026-05-19 17:45:01.300168
1084,37,7,,139000.0,DELIVERED,2026-05-17 09:39:01.300168
1085,8,4,2.0,437000.0,DELIVERED,2026-04-24 19:52:01.300168
1086,49,8,3.0,145000.0,DELIVERED,2026-04-30 07:19:01.300168
1087,12,6,,109000.0,DELIVERED,2026-05-14 14:06:01.300168
1088,2,9,,245000.0,DELIVERED,2026-05-10 20:02:01.300168
1089,60,9,3.0,50000.0,DELIVERED,2026-04-21 21:38:01.300168
1090,56,4,,657000.0,DELIVERED,2026-04-29 07:00:01.300168
1091,71,9,,115000.0,DELIVERED,2026-05-08 02:25:01.300168
1092,20,4,,297000.0,DELIVERED,2026-05-10 08:23:01.300168
1093,14,1,3.0,255000.0,DELIVERED,2026-05-12 09:34:01.300168
1094,100,9,,245000.0,CANCELLED,2026-05-13 15:58:01.300168
1095,60,8,3.0,15000.0,DELIVERED,2026-05-16 17:59:01.300168
1096,56,9,,70000.0,CANCELLED,2026-05-18 18:03:01.300168
1097,64,3,,25000.0,DELIVERED,2026-05-02 19:28:01.300168
1098,51,8,1.0,72000.0,DELIVERED,2026-04-27 01:47:01.300168
1099,25,9,,240000.0,CANCELLED,2026-05-04 16:25:01.300168
1100,11,1,,65000.0,CANCELLED,2026-05-13 15:09:01.300168
1101,77,7,,15000.0,DELIVERED,2026-04-28 11:08:01.300168
1102,64,10,3.0,443000.0,DELIVERED,2026-05-13 04:20:01.300168
1103,82,3,,125000.0,DELIVERED,2026-04-28 10:43:01.300168
1104,49,4,,1003000.0,DELIVERED,2026-05-08 16:35:01.300168
1105,71,9,3.0,50000.0,DELIVERED,2026-05-19 10:07:01.300168
1106,3,10,,120000.0,DELIVERED,2026-05-17 02:36:01.300168
1107,65,2,3.0,100000.0,PENDING,2026-04-20 17:18:01.300168
1108,82,3,,90000.0,CANCELLED,2026-05-18 18:47:01.300168
1109,92,2,,204000.0,DELIVERED,2026-05-05 08:30:01.300168
1110,27,3,3.0,25000.0,DELIVERED,2026-04-25 23:46:01.300168
1111,97,2,1.0,114300.0,CANCELLED,2026-05-01 10:45:01.300168
1112,94,2,3.0,132000.0,DELIVERED,2026-05-05 02:20:01.300168
1113,27,5,3.0,269000.0,DELIVERED,2026-04-25 13:06:01.300168
1114,4,3,3.0,40000.0,DELIVERED,2026-04-30 22:23:01.300168
1115,81,4,2.0,1051000.0,CANCELLED,2026-05-09 08:04:01.300168
1116,39,4,3.0,380000.0,DELIVERED,2026-04-22 17:38:01.300168
1117,34,9,,75000.0,DELIVERED,2026-04-23 10:55:01.300168
1118,24,1,3.0,180000.0,DELIVERED,2026-05-16 19:16:01.300168
1119,89,6,,144000.0,DELIVERED,2026-05-15 14:02:01.300168
1120,30,1,3.0,200000.0,PENDING,2026-04-28 22:53:01.300168
1121,32,3,,85000.0,DELIVERED,2026-04-27 16:51:01.300168
1122,40,1,3.0,65000.0,DELIVERED,2026-05-03 17:41:01.300168
1123,83,7,,117000.0,DELIVERED,2026-05-17 02:19:01.300168
1124,3,8,2.0,120000.0,DELIVERED,2026-04-26 16:36:01.300168
1125,88,8,,225000.0,DELIVERED,2026-05-11 22:21:01.300168
1126,92,8,,165000.0,CANCELLED,2026-05-17 04:25:01.300168
1127,61,8,,170000.0,DELIVERED,2026-05-16 19:17:01.300168
1128,8,2,,296000.0,DELIVERED,2026-05-07 12:18:01.300168
1129,72,8,,245000.0,DELIVERED,2026-04-30 09:02:01.300168
1130,62,3,3.0,70000.0,CANCELLED,2026-05-07 19:45:01.300168
1131,99,5,,175000.0,DELIVERED,2026-05-06 04:54:01.300168
1132,2,3,,10000.0,CANCELLED,2026-05-12 06:49:01.300168
1133,77,6,,12000.0,DELIVERED,2026-05-06 07:20:01.300168
1134,67,2,,235000.0,DELIVERED,2026-05-10 11:41:01.300168
1135,3,10,,607000.0,DELIVERED,2026-05-01 20:50:01.300168
1136,98,6,,29000.0,DELIVERED,2026-05-04 15:42:01.300168
1137,36,6,,36000.0,DELIVERED,2026-05-17 21:39:01.300168
1138,77,8,2.0,225000.0,DELIVERED,2026-05-15 14:16:01.300168
1139,76,6,1.0,108000.0,DELIVERED,2026-04-21 18:38:01.300168
1140,20,9,1.0,190000.0,DELIVERED,2026-04-24 10:54:01.300168
1141,24,3,2.0,148000.0,DELIVERED,2026-04-24 22:12:01.300168
1142,14,8,3.0,130000.0,DELIVERED,2026-04-26 10:48:01.300168
1143,38,10,,957000.0,CANCELLED,2026-05-10 18:52:01.300168
1144,43,6,,15000.0,DELIVERED,2026-04-19 21:58:01.300168
1145,27,8,2.0,100000.0,DELIVERED,2026-05-12 22:23:01.300168
1146,24,4,,854000.0,DELIVERED,2026-05-18 00:57:01.300168
1147,80,9,,175000.0,DELIVERED,2026-05-05 12:51:01.300168
1148,75,2,,147000.0,DELIVERED,2026-05-11 18:00:01.300168
1149,35,9,,195000.0,DELIVERED,2026-05-09 17:37:01.300168
1150,69,6,3.0,31000.0,DELIVERED,2026-05-11 00:21:01.300168
1151,35,1,3.0,195000.0,DELIVERED,2026-05-10 22:10:01.300168
1152,97,3,1.0,162000.0,CANCELLED,2026-04-27 11:56:01.300168
1153,14,6,2.0,84000.0,DELIVERED,2026-04-20 10:15:01.300168
1154,7,4,3.0,472000.0,DELIVERED,2026-05-02 22:11:01.300168
1155,87,8,,230000.0,DELIVERED,2026-04-30 01:35:01.300168
1156,23,2,,284000.0,DELIVERED,2026-05-13 17:01:01.300168
1157,69,10,1.0,587000.0,DELIVERED,2026-04-26 09:25:01.300168
1158,55,2,,344000.0,DELIVERED,2026-04-23 15:31:01.300168
1159,3,1,,10000.0,DELIVERED,2026-04-26 15:37:01.300168
1160,30,4,,854000.0,DELIVERED,2026-04-26 23:29:01.300168
1161,69,4,,685000.0,DELIVERED,2026-05-17 13:00:01.300168
1162,30,8,,40000.0,DELIVERED,2026-04-30 12:48:01.300168
1163,58,6,,115000.0,CANCELLED,2026-05-08 01:31:01.300168
1164,79,8,,90000.0,DELIVERED,2026-05-01 00:50:01.300168
1165,71,8,1.0,280000.0,DELIVERED,2026-05-07 15:57:01.300168
1166,30,7,,15000.0,DELIVERED,2026-04-27 14:53:01.300168
1167,64,4,,636000.0,DELIVERED,2026-04-28 21:24:01.300168
1168,47,5,,321000.0,PENDING,2026-05-03 16:35:01.300168
1169,5,7,,14000.0,PENDING,2026-05-09 12:18:01.300168
1170,34,4,,219000.0,DELIVERED,2026-05-15 10:10:01.300168
1171,48,8,,120000.0,DELIVERED,2026-05-04 16:46:01.300168
1172,33,7,,45000.0,CANCELLED,2026-05-05 11:50:01.300168
1173,39,3,1.0,54000.0,DELIVERED,2026-05-16 15:02:01.300168
1174,88,1,3.0,260000.0,DELIVERED,2026-05-13 07:19:01.300168
1175,22,8,3.0,30000.0,DELIVERED,2026-05-06 21:53:01.300168
1176,12,5,1.0,108000.0,DELIVERED,2026-05-14 20:13:01.300168
1177,18,9,1.0,117000.0,DELIVERED,2026-05-02 02:53:01.300168
1178,34,6,,12000.0,DELIVERED,2026-04-30 09:08:01.300168
1179,63,8,1.0,195000.0,DELIVERED,2026-05-06 09:11:01.300168
1180,97,6,,46000.0,DELIVERED,2026-05-16 05:37:01.300168
1181,41,3,,120000.0,DELIVERED,2026-05-13 05:40:01.300168
1182,77,9,,15000.0,DELIVERED,2026-05-08 07:58:01.300168
1183,87,9,,45000.0,DELIVERED,2026-05-06 10:04:01.300168
1184,40,5,,107000.0,DELIVERED,2026-05-17 06:05:01.300168
1185,67,9,1.0,81000.0,DELIVERED,2026-05-01 04:15:01.300168
1186,97,4,,296000.0,DELIVERED,2026-04-25 10:15:01.300168
1187,85,5,,339000.0,PENDING,2026-05-08 10:18:01.300168
1188,26,10,,40000.0,DELIVERED,2026-04-23 05:30:01.300168
1189,75,5,,52000.0,DELIVERED,2026-05-17 11:08:01.300168
1190,7,3,3.0,235000.0,DELIVERED,2026-04-27 06:02:01.300168
1191,81,6,,47000.0,DELIVERED,2026-05-11 14:10:01.300168
1192,67,4,,805000.0,DELIVERED,2026-05-17 00:04:01.300168
1193,14,5,,172000.0,DELIVERED,2026-05-12 10:30:01.300168
1194,65,4,,417000.0,DELIVERED,2026-04-23 07:29:01.300168
1195,65,9,,275000.0,CANCELLED,2026-04-26 18:38:01.300168
1196,66,2,,382000.0,DELIVERED,2026-05-13 15:28:01.300168
1197,39,9,,25000.0,DELIVERED,2026-04-25 00:11:01.300168
1198,38,2,1.0,60300.0,DELIVERED,2026-05-05 14:03:01.300168
1199,14,10,,309000.0,DELIVERED,2026-05-12 11:13:01.300168
1200,1,1,,275000.0,DELIVERED,2026-05-09 19:42:01.300168
1201,43,6,,5000.0,DELIVERED,2026-05-10 16:46:01.300168
1202,19,4,1.0,177300.0,DELIVERED,2026-04-28 03:18:01.300168
1203,17,2,,96000.0,DELIVERED,2026-04-26 18:34:01.300168
1204,28,4,2.0,316000.0,DELIVERED,2026-05-19 08:40:01.300168
1205,24,6,,24000.0,DELIVERED,2026-05-06 02:35:01.300168
1206,84,5,1.0,148500.0,DELIVERED,2026-05-08 02:27:01.300168
1207,89,2,,284000.0,DELIVERED,2026-04-29 10:55:01.300168
1208,59,1,2.0,300000.0,DELIVERED,2026-05-06 04:57:01.300168
1209,57,9,3.0,130000.0,DELIVERED,2026-05-12 04:20:01.300168
1210,30,7,,36000.0,DELIVERED,2026-05-07 02:22:01.300168
1211,37,1,,210000.0,DELIVERED,2026-05-04 10:21:01.300168
1212,56,5,2.0,184000.0,DELIVERED,2026-04-23 06:08:01.300168
1213,40,10,,120000.0,DELIVERED,2026-05-12 18:23:01.300168
1214,91,7,,179000.0,DELIVERED,2026-04-27 22:59:01.300168
1215,42,9,,200000.0,DELIVERED,2026-04-25 10:02:01.300168
1216,68,6,,24000.0,DELIVERED,2026-05-06 05:30:01.300168
1217,7,9,3.0,170000.0,DELIVERED,2026-04-25 07:27:01.300168
1218,89,7,,224000.0,DELIVERED,2026-04-28 08:49:01.300168
1219,61,8,,50000.0,PENDING,2026-05-11 08:51:01.300168
1220,65,7,,180000.0,DELIVERED,2026-05-16 13:26:01.300168
1221,39,1,,135000.0,DELIVERED,2026-04-19 22:59:01.300168
1222,5,4,,734000.0,DELIVERED,2026-05-09 06:11:01.300168
1223,71,1,1.0,63000.0,DELIVERED,2026-05-03 01:24:01.300168
1224,38,9,,130000.0,CANCELLED,2026-04-22 11:36:01.300168
1225,61,2,,77000.0,DELIVERED,2026-04-30 05:30:01.300168
1226,96,5,3.0,45000.0,PENDING,2026-04-22 11:12:01.300168
1227,20,5,2.0,227000.0,DELIVERED,2026-04-20 07:39:01.300168
1228,81,3,3.0,75000.0,DELIVERED,2026-04-29 07:25:01.300168
1229,90,9,,250000.0,DELIVERED,2026-05-16 15:57:01.300168
1230,89,9,,115000.0,DELIVERED,2026-05-09 18:00:01.300168
1231,5,3,3.0,195000.0,CANCELLED,2026-04-30 14:07:01.300168
1232,17,6,,120000.0,DELIVERED,2026-05-07 01:56:01.300168
1233,8,6,,39000.0,DELIVERED,2026-05-10 01:52:01.300168
1234,83,4,,246000.0,CANCELLED,2026-05-17 06:39:01.300168
1235,47,7,,84000.0,DELIVERED,2026-05-12 18:01:01.300168
1236,43,4,3.0,790000.0,CANCELLED,2026-05-13 03:37:01.300168
1237,98,10,3.0,902000.0,DELIVERED,2026-05-10 22:26:01.300168
1238,100,2,,89000.0,DELIVERED,2026-04-24 18:10:01.300168
1239,64,10,,189000.0,CANCELLED,2026-04-20 13:27:01.300168
1240,46,6,1.0,73800.0,DELIVERED,2026-04-29 13:36:01.300168
1241,43,4,,198000.0,DELIVERED,2026-04-26 09:09:01.300168
1242,7,2,1.0,52200.0,DELIVERED,2026-04-25 01:43:01.300168
1243,39,7,,21000.0,DELIVERED,2026-04-26 20:54:01.300168
1244,46,9,,205000.0,DELIVERED,2026-05-13 05:56:01.300168
1245,98,4,3.0,84000.0,DELIVERED,2026-05-12 05:12:01.300168
1246,39,5,,285000.0,CANCELLED,2026-05-08 08:35:01.300168
1247,46,2,3.0,81000.0,CANCELLED,2026-04-23 11:20:01.300168
1248,42,6,1.0,77400.0,DELIVERED,2026-04-25 21:09:01.300168
1249,3,10,2.0,628000.0,DELIVERED,2026-05-17 21:28:01.300168
1250,95,9,3.0,180000.0,DELIVERED,2026-05-06 06:28:01.300168
1251,31,7,,224000.0,DELIVERED,2026-05-09 15:56:01.300168
1252,28,2,,178000.0,DELIVERED,2026-05-14 14:44:01.300168
1253,45,8,3.0,30000.0,DELIVERED,2026-05-16 14:57:01.300168
1254,75,6,,105000.0,DELIVERED,2026-05-13 18:27:01.300168
1255,56,4,,663000.0,DELIVERED,2026-04-28 08:45:01.300168
1256,31,2,3.0,151000.0,CANCELLED,2026-05-04 19:45:01.300168
1257,8,1,,210000.0,DELIVERED,2026-04-20 00:39:01.300168
1258,51,3,,90000.0,DELIVERED,2026-05-19 01:32:01.300168
1259,26,10,2.0,597000.0,DELIVERED,2026-05-05 18:52:01.300168
1260,87,5,,389000.0,DELIVERED,2026-04-23 10:02:01.300168
1261,85,5,,276000.0,DELIVERED,2026-05-15 22:28:01.300168
1262,86,10,,508000.0,DELIVERED,2026-05-19 16:11:01.300168
1263,26,3,,15000.0,CANCELLED,2026-04-30 21:02:01.300168
1264,99,7,,162000.0,DELIVERED,2026-05-07 02:35:01.300168
1265,72,1,,80000.0,PENDING,2026-04-30 10:02:01.300168
1266,88,7,,209000.0,DELIVERED,2026-05-02 19:45:01.300168
1267,94,7,,29000.0,DELIVERED,2026-05-14 19:05:01.300168
1268,30,6,,62000.0,DELIVERED,2026-04-30 08:30:01.300168
1269,68,7,3.0,29000.0,DELIVERED,2026-04-23 08:02:01.300168
1270,43,10,1.0,170100.0,DELIVERED,2026-05-03 05:26:01.300168
1271,26,7,1.0,63000.0,DELIVERED,2026-05-05 00:33:01.300168
1272,9,1,,225000.0,CANCELLED,2026-04-25 10:51:01.300168
1273,26,6,,29000.0,DELIVERED,2026-04-26 13:36:01.300168
1274,57,4,1.0,883000.0,DELIVERED,2026-05-04 19:25:01.300168
1275,28,1,3.0,140000.0,CANCELLED,2026-04-24 22:26:01.300168
1276,42,7,3.0,150000.0,DELIVERED,2026-05-13 02:04:01.300168
1277,39,7,,209000.0,DELIVERED,2026-05-03 10:51:01.300168
1278,61,9,2.0,104000.0,DELIVERED,2026-05-13 23:42:01.300168
1279,50,9,,155000.0,DELIVERED,2026-05-11 02:37:01.300168
1280,99,6,,36000.0,DELIVERED,2026-04-27 06:51:01.300168
1281,34,2,3.0,93000.0,DELIVERED,2026-04-21 21:27:01.300168
1282,33,8,,65000.0,DELIVERED,2026-05-12 04:22:01.300168
1283,11,1,,280000.0,DELIVERED,2026-05-01 13:14:01.300168
1284,91,1,,195000.0,DELIVERED,2026-04-30 02:15:01.300168
1285,18,2,3.0,377000.0,DELIVERED,2026-04-20 14:54:01.300168
1286,16,10,1.0,170100.0,DELIVERED,2026-05-14 03:33:01.300168
1287,33,10,1.0,81000.0,DELIVERED,2026-05-13 00:59:01.300168
1288,18,6,,45000.0,DELIVERED,2026-05-06 08:53:01.300168
1289,1,7,,85000.0,DELIVERED,2026-04-25 19:30:01.300168
1290,68,9,,235000.0,DELIVERED,2026-04-27 12:11:01.300168
1291,53,10,,120000.0,DELIVERED,2026-05-14 10:34:01.300168
1292,37,1,,210000.0,DELIVERED,2026-04-29 06:08:01.300168
1293,7,1,1.0,190000.0,DELIVERED,2026-04-24 13:21:01.300168
1294,26,1,,130000.0,DELIVERED,2026-04-22 15:41:01.300168
1295,34,8,,100000.0,DELIVERED,2026-05-05 19:20:01.300168
1296,35,4,,416000.0,DELIVERED,2026-04-26 04:25:01.300168
1297,97,9,,110000.0,DELIVERED,2026-04-25 01:56:01.300168
1298,52,4,,346000.0,CANCELLED,2026-05-02 19:50:01.300168
1299,19,4,3.0,302000.0,DELIVERED,2026-05-07 03:05:01.300168
1300,44,5,,180000.0,DELIVERED,2026-04-23 22:05:01.300168
1301,11,10,3.0,75000.0,DELIVERED,2026-04-21 09:16:01.300168
1302,44,10,,269000.0,DELIVERED,2026-04-25 13:02:01.300168
1303,50,6,,41000.0,DELIVERED,2026-04-29 00:39:01.300168
1304,33,5,1.0,317000.0,DELIVERED,2026-04-23 07:58:01.300168
1305,20,6,,24000.0,CANCELLED,2026-05-16 09:51:01.300168
1306,55,10,,40000.0,CANCELLED,2026-05-05 21:31:01.300168
1307,54,1,3.0,180000.0,DELIVERED,2026-05-15 04:38:01.300168
1308,42,2,,195000.0,CANCELLED,2026-05-03 10:31:01.300168
1309,36,5,,232000.0,DELIVERED,2026-05-09 18:37:01.300168
1310,46,9,,155000.0,DELIVERED,2026-04-20 04:47:01.300168
1311,5,10,,827000.0,DELIVERED,2026-05-04 04:47:01.300168
1312,80,4,,297000.0,DELIVERED,2026-05-15 16:38:01.300168
1313,2,1,3.0,60000.0,DELIVERED,2026-05-17 14:51:01.300168
1314,61,6,,115000.0,DELIVERED,2026-04-30 08:44:01.300168
1315,14,9,1.0,200000.0,DELIVERED,2026-05-18 21:54:01.300168
1316,65,1,,210000.0,DELIVERED,2026-04-24 00:29:01.300168
1317,83,6,,70000.0,DELIVERED,2026-04-28 05:59:01.300168
1318,12,8,,285000.0,DELIVERED,2026-05-18 16:15:01.300168
1319,24,4,1.0,714000.0,DELIVERED,2026-04-23 19:06:01.300168
1320,3,1,,275000.0,CANCELLED,2026-05-18 07:37:01.300168
1321,68,7,,7000.0,DELIVERED,2026-05-13 12:01:01.300168
1322,62,8,,145000.0,CANCELLED,2026-04-26 05:04:01.300168
1323,40,6,,134000.0,DELIVERED,2026-04-21 06:33:01.300168
1324,3,9,,195000.0,DELIVERED,2026-04-27 17:49:01.300168
1325,23,9,,260000.0,DELIVERED,2026-05-07 18:28:01.300168
1326,20,7,,14000.0,DELIVERED,2026-05-15 00:21:01.300168
1327,97,5,3.0,165000.0,DELIVERED,2026-05-08 13:28:01.300168
1328,93,2,,67000.0,DELIVERED,2026-04-26 14:27:01.300168
1329,49,10,1.0,727000.0,DELIVERED,2026-05-18 22:11:01.300168
1330,32,7,,29000.0,CANCELLED,2026-04-30 22:36:01.300168
1331,47,7,1.0,158400.0,DELIVERED,2026-05-11 19:49:01.300168
1332,31,4,,416000.0,DELIVERED,2026-05-12 20:50:01.300168
1333,14,8,1.0,210000.0,DELIVERED,2026-05-17 02:36:01.300168
1334,52,8,,90000.0,DELIVERED,2026-04-21 18:40:01.300168
1335,66,1,,280000.0,DELIVERED,2026-05-14 01:52:01.300168
1336,66,7,,100000.0,DELIVERED,2026-05-18 19:06:01.300168
1337,40,3,,30000.0,DELIVERED,2026-04-21 06:47:01.300168
1338,16,7,,169000.0,DELIVERED,2026-05-03 15:16:01.300168
1339,39,9,,110000.0,DELIVERED,2026-04-24 13:40:01.300168
1340,51,7,3.0,124000.0,CANCELLED,2026-05-14 22:15:01.300168
1341,68,3,3.0,80000.0,DELIVERED,2026-05-08 11:11:01.300168
1342,24,8,1.0,171000.0,DELIVERED,2026-05-07 23:53:01.300168
1343,42,5,,115000.0,DELIVERED,2026-05-06 09:37:01.300168
1344,10,6,,22000.0,DELIVERED,2026-04-23 15:01:01.300168
1345,100,6,,85000.0,DELIVERED,2026-05-13 14:17:01.300168
1346,90,6,,12000.0,DELIVERED,2026-05-04 23:12:01.300168
1347,58,2,,214000.0,DELIVERED,2026-05-01 03:54:01.300168
1348,34,7,2.0,88000.0,DELIVERED,2026-05-07 20:47:01.300168
1349,4,7,,21000.0,DELIVERED,2026-05-01 02:58:01.300168
1350,72,7,,99000.0,DELIVERED,2026-05-19 09:32:01.300168
1351,39,9,,245000.0,DELIVERED,2026-04-29 11:17:01.300168
1352,14,5,,235000.0,CANCELLED,2026-05-04 02:53:01.300168
1353,97,1,,345000.0,DELIVERED,2026-04-22 14:12:01.300168
1354,56,9,1.0,130500.0,DELIVERED,2026-04-25 18:37:01.300168
1355,4,2,,38000.0,CANCELLED,2026-04-27 01:27:01.300168
1356,8,2,3.0,23000.0,DELIVERED,2026-05-12 22:25:01.300168
1357,95,10,3.0,812000.0,DELIVERED,2026-04-28 15:25:01.300168
1358,87,1,,285000.0,DELIVERED,2026-05-17 19:53:01.300168
1359,50,1,1.0,117000.0,DELIVERED,2026-05-18 10:53:01.300168
1360,88,1,,150000.0,DELIVERED,2026-04-28 12:57:01.300168
1361,90,6,3.0,21000.0,DELIVERED,2026-04-26 21:12:01.300168
1362,64,10,1.0,439000.0,DELIVERED,2026-05-06 05:34:01.300168
1363,79,7,3.0,194000.0,DELIVERED,2026-05-03 13:43:01.300168
1364,56,10,1.0,153000.0,DELIVERED,2026-05-15 04:21:01.300168
1365,83,8,3.0,260000.0,CANCELLED,2026-05-11 04:34:01.300168
1366,6,6,,50000.0,DELIVERED,2026-04-23 11:45:01.300168
1367,61,9,,105000.0,CANCELLED,2026-05-03 09:52:01.300168
1368,19,7,,30000.0,DELIVERED,2026-04-23 11:47:01.300168
1369,33,6,,46000.0,DELIVERED,2026-04-29 23:12:01.300168
1370,45,3,2.0,164000.0,DELIVERED,2026-05-06 12:51:01.300168
1371,59,6,3.0,35000.0,PENDING,2026-05-17 08:36:01.300168
1372,69,7,,15000.0,DELIVERED,2026-05-16 14:27:01.300168
1373,71,4,,663000.0,DELIVERED,2026-04-22 06:09:01.300168
1374,32,5,1.0,210000.0,DELIVERED,2026-05-17 14:18:01.300168
1375,5,1,,210000.0,CANCELLED,2026-05-04 02:20:01.300168
1376,69,10,3.0,25000.0,DELIVERED,2026-05-13 17:04:01.300168
1377,23,5,,52000.0,DELIVERED,2026-04-29 05:49:01.300168
1378,60,2,2.0,188800.0,DELIVERED,2026-05-11 00:52:01.300168
1379,90,1,,210000.0,DELIVERED,2026-04-23 18:42:01.300168
1380,53,1,2.0,225000.0,DELIVERED,2026-05-03 12:55:01.300168
1381,91,10,,567000.0,DELIVERED,2026-04-29 20:28:01.300168
1382,76,2,,127000.0,DELIVERED,2026-04-21 04:24:01.300168
1383,56,3,3.0,70000.0,DELIVERED,2026-04-25 13:11:01.300168
1384,91,4,,565000.0,DELIVERED,2026-05-15 17:13:01.300168
1385,55,8,,220000.0,DELIVERED,2026-05-02 04:33:01.300168
1386,31,2,,178000.0,DELIVERED,2026-05-08 02:31:01.300168
1387,57,7,1.0,89100.0,DELIVERED,2026-05-11 03:48:01.300168
1388,6,5,1.0,366000.0,DELIVERED,2026-05-03 06:22:01.300168
1389,62,1,,10000.0,DELIVERED,2026-04-24 22:15:01.300168
1390,77,1,,210000.0,DELIVERED,2026-04-28 13:46:01.300168
1391,66,2,,127000.0,DELIVERED,2026-05-11 00:16:01.300168
1392,37,4,,219000.0,DELIVERED,2026-04-24 23:48:01.300168
1393,78,9,1.0,126000.0,DELIVERED,2026-05-14 22:49:01.300168
1394,9,10,,449000.0,DELIVERED,2026-05-12 13:23:01.300168
1395,15,1,,130000.0,DELIVERED,2026-04-21 11:48:01.300168
1396,57,2,1.0,149400.0,DELIVERED,2026-05-01 18:36:01.300168
1397,36,6,,35000.0,DELIVERED,2026-05-16 15:28:01.300168
1398,66,7,,55000.0,DELIVERED,2026-05-18 21:18:01.300168
1399,96,7,,62000.0,PENDING,2026-04-25 02:29:01.300168
1400,83,9,1.0,230000.0,DELIVERED,2026-05-05 22:43:01.300168
1401,26,8,3.0,35000.0,DELIVERED,2026-05-03 03:42:01.300168
1402,59,6,,75000.0,DELIVERED,2026-04-19 21:33:01.300168
1403,93,2,,29000.0,DELIVERED,2026-05-09 19:50:01.300168
1404,34,6,,5000.0,DELIVERED,2026-05-01 14:04:01.300168
1405,50,2,,325000.0,CANCELLED,2026-05-12 06:09:01.300168
1406,98,5,,180000.0,DELIVERED,2026-05-09 00:06:01.300168
1407,8,7,2.0,160800.0,CANCELLED,2026-05-07 12:16:01.300168
1408,56,5,,274000.0,DELIVERED,2026-05-12 00:04:01.300168
1409,45,5,,232000.0,DELIVERED,2026-04-24 19:21:01.300168
1410,6,5,,274000.0,DELIVERED,2026-05-11 01:27:01.300168
1411,86,6,,41000.0,DELIVERED,2026-04-20 03:34:01.300168
1412,71,7,3.0,69000.0,DELIVERED,2026-05-02 09:10:01.300168
1413,69,5,,391000.0,DELIVERED,2026-05-01 10:17:01.300168
1414,82,1,,340000.0,DELIVERED,2026-05-08 18:17:01.300168
1415,97,7,3.0,30000.0,DELIVERED,2026-05-16 21:21:01.300168
1416,45,5,2.0,179200.0,CANCELLED,2026-05-08 06:57:01.300168
1417,61,6,3.0,105000.0,DELIVERED,2026-04-21 02:59:01.300168
1418,74,3,,70000.0,DELIVERED,2026-05-18 15:37:01.300168
1419,87,10,1.0,259000.0,DELIVERED,2026-05-02 11:41:01.300168
1420,89,2,,77000.0,DELIVERED,2026-04-28 14:18:01.300168
1421,95,4,,784000.0,DELIVERED,2026-05-03 16:22:01.300168
1422,29,8,,55000.0,CANCELLED,2026-05-12 19:24:01.300168
1423,90,6,,70000.0,DELIVERED,2026-04-20 16:01:01.300168
1424,83,6,,15000.0,DELIVERED,2026-05-13 02:49:01.300168
1425,72,6,,75000.0,CANCELLED,2026-05-14 20:12:01.300168
1426,6,5,1.0,93600.0,DELIVERED,2026-05-03 10:36:01.300168
1427,14,2,,334000.0,DELIVERED,2026-04-24 15:54:01.300168
1428,2,10,1.0,717000.0,DELIVERED,2026-04-26 15:21:01.300168
1429,90,10,2.0,628000.0,DELIVERED,2026-05-10 21:50:01.300168
1430,80,6,3.0,59000.0,DELIVERED,2026-04-26 03:02:01.300168
1431,73,8,,150000.0,DELIVERED,2026-05-08 11:39:01.300168
1432,78,10,1.0,847000.0,CANCELLED,2026-05-12 12:38:01.300168
1433,61,2,,195000.0,CANCELLED,2026-04-21 20:47:01.300168
1434,63,5,,162000.0,DELIVERED,2026-05-05 15:00:01.300168
1435,8,3,3.0,20000.0,DELIVERED,2026-04-23 00:28:01.300168
1436,79,4,3.0,789000.0,DELIVERED,2026-05-15 00:57:01.300168
1437,8,10,,399000.0,DELIVERED,2026-05-03 09:09:01.300168
1438,80,4,1.0,714000.0,CANCELLED,2026-05-11 19:06:01.300168
1439,83,4,3.0,550000.0,DELIVERED,2026-05-03 19:43:01.300168
1440,72,7,1.0,49500.0,DELIVERED,2026-04-25 18:57:01.300168
1441,32,3,,120000.0,DELIVERED,2026-05-07 07:13:01.300168
1442,55,9,,65000.0,DELIVERED,2026-05-16 06:15:01.300168
1443,65,6,1.0,84600.0,DELIVERED,2026-05-17 00:20:01.300168
1444,94,1,1.0,195000.0,DELIVERED,2026-05-05 01:52:01.300168
1445,73,4,,198000.0,CANCELLED,2026-04-21 17:19:01.300168
1446,43,7,,154000.0,CANCELLED,2026-05-17 09:09:01.300168
1447,83,5,,216000.0,DELIVERED,2026-05-14 22:38:01.300168
1448,21,8,1.0,175500.0,DELIVERED,2026-05-01 04:58:01.300168
1449,59,7,,36000.0,PENDING,2026-05-19 08:51:01.300168
1450,89,8,,100000.0,CANCELLED,2026-05-12 00:14:01.300168
1451,73,1,,410000.0,CANCELLED,2026-05-07 18:41:01.300168
1452,46,3,,65000.0,DELIVERED,2026-04-22 19:53:01.300168
1453,94,9,3.0,90000.0,DELIVERED,2026-05-11 14:14:01.300168
1454,37,3,3.0,20000.0,DELIVERED,2026-04-29 18:45:01.300168
1455,31,5,,170000.0,DELIVERED,2026-05-14 01:45:01.300168
1456,69,3,3.0,185000.0,DELIVERED,2026-04-20 09:29:01.300168
1457,19,6,,40000.0,DELIVERED,2026-05-18 03:04:01.300168
1458,22,4,1.0,545000.0,CANCELLED,2026-05-07 20:49:01.300168
1459,5,7,,131000.0,DELIVERED,2026-05-04 14:54:01.300168
1460,71,1,1.0,117000.0,DELIVERED,2026-05-07 02:42:01.300168
1461,48,8,,130000.0,DELIVERED,2026-04-28 08:18:01.300168
1462,51,4,,954000.0,DELIVERED,2026-05-08 22:14:01.300168
1463,79,5,,165000.0,DELIVERED,2026-05-19 05:46:01.300168
1464,99,7,,195000.0,DELIVERED,2026-05-14 16:33:01.300168
1465,84,3,3.0,105000.0,DELIVERED,2026-04-23 00:04:01.300168
1466,64,1,2.0,104000.0,DELIVERED,2026-05-19 13:55:01.300168
1467,36,3,,30000.0,DELIVERED,2026-05-04 20:15:01.300168
1468,84,4,1.0,88200.0,DELIVERED,2026-04-25 05:28:01.300168
1469,65,1,,145000.0,DELIVERED,2026-04-22 22:58:01.300168
1470,14,3,,20000.0,DELIVERED,2026-04-25 15:30:01.300168
1471,67,6,,127000.0,DELIVERED,2026-05-16 15:40:01.300168
1472,100,5,,120000.0,DELIVERED,2026-04-25 12:09:01.300168
1473,64,6,,129000.0,CANCELLED,2026-04-25 16:24:01.300168
1474,51,8,2.0,188000.0,DELIVERED,2026-04-27 18:56:01.300168
1475,63,1,,140000.0,CANCELLED,2026-04-29 13:31:01.300168
1476,23,1,,275000.0,DELIVERED,2026-05-10 18:32:01.300168
1477,65,6,,41000.0,CANCELLED,2026-05-12 01:44:01.300168
1478,48,10,1.0,370000.0,DELIVERED,2026-05-15 14:25:01.300168
1479,18,1,3.0,335000.0,DELIVERED,2026-04-27 11:02:01.300168
1480,68,4,,564000.0,DELIVERED,2026-05-04 20:09:01.300168
1481,22,8,,70000.0,DELIVERED,2026-04-20 10:58:01.300168
1482,98,4,,296000.0,DELIVERED,2026-05-16 13:20:01.300168
1483,14,8,,100000.0,DELIVERED,2026-04-25 23:36:01.300168
1484,54,9,2.0,140000.0,DELIVERED,2026-04-20 09:49:01.300168
1485,99,5,,60000.0,DELIVERED,2026-05-04 22:25:01.300168
1486,79,9,,155000.0,DELIVERED,2026-05-02 01:46:01.300168
1487,95,6,,36000.0,CANCELLED,2026-05-04 05:48:01.300168
1488,93,4,,487000.0,DELIVERED,2026-05-06 03:02:01.300168
1489,17,9,,185000.0,DELIVERED,2026-05-12 15:48:01.300168
1490,39,10,,40000.0,DELIVERED,2026-05-13 08:28:01.300168
1491,79,9,,225000.0,CANCELLED,2026-04-25 14:08:01.300168
1492,4,6,3.0,20000.0,DELIVERED,2026-04-25 01:35:01.300168
1493,40,10,,728000.0,DELIVERED,2026-05-07 09:36:01.300168
1494,87,2,1.0,149400.0,DELIVERED,2026-05-17 15:00:01.300168
1495,32,1,,290000.0,DELIVERED,2026-05-03 00:40:01.300168
1496,80,3,1.0,108000.0,DELIVERED,2026-05-10 02:08:01.300168
1497,30,1,2.0,290000.0,DELIVERED,2026-04-19 22:34:01.300168
1498,94,5,,386000.0,DELIVERED,2026-05-02 16:16:01.300168
1499,60,7,,139000.0,DELIVERED,2026-04-22 14:32:01.300168
1500,65,3,,255000.0,DELIVERED,2026-05-12 15:38:01.300168
1501,69,2,,178000.0,DELIVERED,2026-05-04 12:41:01.300168
1502,26,4,,586000.0,DELIVERED,2026-05-08 07:34:01.300168
1503,47,9,,25000.0,CANCELLED,2026-04-29 04:08:01.300168
1504,46,3,,70000.0,DELIVERED,2026-05-01 05:21:01.300168
1505,32,4,,416000.0,CANCELLED,2026-04-26 14:19:01.300168
1506,40,3,,150000.0,DELIVERED,2026-04-29 22:45:01.300168
1507,81,7,,110000.0,DELIVERED,2026-05-19 13:57:01.300168
1508,94,4,,854000.0,CANCELLED,2026-05-09 19:34:01.300168
1509,79,5,,60000.0,CANCELLED,2026-04-28 09:00:01.300168
1510,76,1,,135000.0,DELIVERED,2026-05-01 08:04:01.300168
1511,69,1,,130000.0,DELIVERED,2026-05-08 05:00:01.300168
1512,45,4,,438000.0,DELIVERED,2026-05-06 20:21:01.300168
1513,98,10,,310000.0,DELIVERED,2026-05-02 13:29:01.300168
1514,84,5,,501000.0,DELIVERED,2026-05-09 23:07:01.300168
1515,45,8,3.0,230000.0,DELIVERED,2026-05-18 06:44:01.300168
1516,21,3,,175000.0,DELIVERED,2026-05-16 14:34:01.300168
1517,42,2,,29000.0,CANCELLED,2026-05-16 03:10:01.300168
1518,39,9,1.0,175500.0,DELIVERED,2026-04-23 14:42:01.300168
1519,93,3,,210000.0,DELIVERED,2026-04-29 05:42:01.300168
1520,86,5,3.0,105000.0,DELIVERED,2026-05-02 14:54:01.300168
1521,18,1,3.0,60000.0,DELIVERED,2026-05-17 02:38:01.300168
1522,1,8,,150000.0,DELIVERED,2026-04-21 00:14:01.300168
1523,38,2,,178000.0,DELIVERED,2026-05-19 11:45:01.300168
1524,96,1,3.0,135000.0,DELIVERED,2026-05-16 22:51:01.300168
1525,19,9,2.0,96000.0,CANCELLED,2026-05-08 08:36:01.300168
1526,11,1,,270000.0,DELIVERED,2026-04-24 22:10:01.300168
1527,32,6,,39000.0,DELIVERED,2026-04-28 11:20:01.300168
1528,16,8,1.0,76500.0,DELIVERED,2026-05-12 21:20:01.300168
1529,37,7,3.0,69000.0,DELIVERED,2026-05-19 00:04:01.300168
1530,17,9,3.0,35000.0,DELIVERED,2026-04-24 17:57:01.300168
1531,93,2,,86000.0,DELIVERED,2026-05-11 12:58:01.300168
1532,57,10,,489000.0,DELIVERED,2026-05-11 07:00:01.300168
1533,13,9,,185000.0,DELIVERED,2026-04-29 04:10:01.300168
1534,53,8,,275000.0,DELIVERED,2026-04-23 18:09:01.300168
1535,43,7,,194000.0,DELIVERED,2026-05-06 17:05:01.300168
1536,57,7,,62000.0,DELIVERED,2026-04-30 20:29:01.300168
1537,3,1,,150000.0,DELIVERED,2026-05-17 01:17:01.300168
1538,76,8,,45000.0,DELIVERED,2026-04-22 01:19:01.300168
1539,16,9,2.0,215000.0,DELIVERED,2026-04-21 21:14:01.300168
1540,55,10,2.0,607000.0,DELIVERED,2026-05-09 05:34:01.300168
1541,51,5,,381000.0,DELIVERED,2026-05-12 00:51:01.300168
1542,24,9,,265000.0,DELIVERED,2026-05-16 05:04:01.300168
1543,34,2,2.0,148000.0,PENDING,2026-04-28 05:14:01.300168
1544,37,4,1.0,178200.0,DELIVERED,2026-05-17 22:02:01.300168
1545,56,8,3.0,30000.0,DELIVERED,2026-05-01 19:31:01.300168
1546,99,8,,40000.0,DELIVERED,2026-05-19 01:25:01.300168
1547,36,7,,165000.0,DELIVERED,2026-05-14 13:01:01.300168
1548,62,2,,178000.0,DELIVERED,2026-05-16 20:52:01.300168
1549,8,10,,877000.0,PENDING,2026-05-06 00:36:01.300168
1550,90,4,2.0,585000.0,DELIVERED,2026-05-09 15:07:01.300168
1551,22,5,1.0,93600.0,CANCELLED,2026-04-20 08:50:01.300168
1552,77,4,,198000.0,DELIVERED,2026-05-13 17:37:01.300168
1553,27,7,,15000.0,DELIVERED,2026-05-16 21:13:01.300168
1554,73,1,,340000.0,DELIVERED,2026-05-19 04:24:01.300168
1555,2,5,3.0,272000.0,DELIVERED,2026-04-28 09:31:01.300168
1556,78,7,,76000.0,DELIVERED,2026-04-30 19:49:01.300168
1557,72,3,,10000.0,DELIVERED,2026-05-02 15:48:01.300168
1558,22,10,,588000.0,DELIVERED,2026-04-26 01:40:01.300168
1559,49,6,,129000.0,DELIVERED,2026-05-12 12:56:01.300168
1560,44,4,,657000.0,DELIVERED,2026-04-22 07:40:01.300168
1561,3,4,,635000.0,DELIVERED,2026-05-10 17:41:01.300168
1562,95,1,,70000.0,DELIVERED,2026-05-12 10:21:01.300168
1563,88,10,,567000.0,DELIVERED,2026-04-30 09:06:01.300168
1564,79,8,,95000.0,DELIVERED,2026-05-05 10:04:01.300168
1565,84,6,,97000.0,DELIVERED,2026-05-06 04:58:01.300168
1566,61,2,3.0,33000.0,DELIVERED,2026-05-15 17:30:01.300168
1567,71,2,,19000.0,DELIVERED,2026-04-30 06:09:01.300168
1568,12,4,,755000.0,DELIVERED,2026-04-24 18:39:01.300168
1569,33,10,3.0,434000.0,PENDING,2026-05-12 13:11:01.300168
1570,92,4,,1052000.0,DELIVERED,2026-05-03 19:05:01.300168
1571,91,9,,50000.0,DELIVERED,2026-04-30 09:27:01.300168
1572,31,4,,466000.0,DELIVERED,2026-04-21 17:16:01.300168
1573,73,10,,279000.0,DELIVERED,2026-04-29 04:13:01.300168
1574,13,9,,75000.0,DELIVERED,2026-05-01 07:52:01.300168
1575,67,4,,854000.0,CANCELLED,2026-04-28 05:04:01.300168
1576,39,1,,5000.0,DELIVERED,2026-05-18 18:09:01.300168
1577,43,8,,50000.0,DELIVERED,2026-04-27 08:46:01.300168
1578,3,4,,755000.0,DELIVERED,2026-05-02 15:20:01.300168
1579,90,4,,636000.0,DELIVERED,2026-05-17 22:23:01.300168
1580,85,5,,331000.0,DELIVERED,2026-05-15 00:49:01.300168
1581,89,2,,334000.0,CANCELLED,2026-05-14 00:30:01.300168
1582,20,10,1.0,81000.0,DELIVERED,2026-05-07 10:50:01.300168
1583,83,3,,160000.0,DELIVERED,2026-05-13 01:36:01.300168
1584,57,8,,315000.0,DELIVERED,2026-05-12 19:09:01.300168
1585,49,8,,265000.0,DELIVERED,2026-04-20 06:35:01.300168
1586,13,5,,175000.0,DELIVERED,2026-05-17 12:25:01.300168
1587,91,3,2.0,168000.0,DELIVERED,2026-04-25 08:11:01.300168
1588,29,4,,536000.0,DELIVERED,2026-05-04 14:47:01.300168
1589,12,8,1.0,126000.0,CANCELLED,2026-05-12 04:02:01.300168
1590,63,7,,59000.0,DELIVERED,2026-05-07 08:49:01.300168
1591,29,6,3.0,55000.0,CANCELLED,2026-05-11 03:09:01.300168
1592,82,8,,40000.0,DELIVERED,2026-05-14 07:17:01.300168
1593,25,2,,108000.0,DELIVERED,2026-05-08 20:42:01.300168
1594,40,9,,15000.0,DELIVERED,2026-05-17 17:07:01.300168
1595,34,1,,130000.0,DELIVERED,2026-05-09 01:08:01.300168
1596,35,10,,399000.0,DELIVERED,2026-04-27 16:09:01.300168
1597,61,7,3.0,201000.0,DELIVERED,2026-04-20 08:39:01.300168
1598,9,2,,58000.0,DELIVERED,2026-04-24 19:57:01.300168
1599,80,9,,15000.0,DELIVERED,2026-05-01 00:04:01.300168
1600,22,1,,70000.0,DELIVERED,2026-05-19 15:20:01.300168
1601,11,8,,195000.0,DELIVERED,2026-05-14 12:34:01.300168
1602,71,2,,315000.0,DELIVERED,2026-04-28 08:18:01.300168
1603,97,6,3.0,24000.0,DELIVERED,2026-04-24 08:44:01.300168
1604,8,2,3.0,348000.0,DELIVERED,2026-04-30 02:44:01.300168
1605,59,5,,235000.0,DELIVERED,2026-05-09 11:15:01.300168
1606,66,8,,145000.0,DELIVERED,2026-04-30 13:20:01.300168
1607,32,10,,80000.0,DELIVERED,2026-04-19 19:26:01.300168
1608,32,4,1.0,982000.0,DELIVERED,2026-05-06 04:06:01.300168
1609,33,7,1.0,126000.0,DELIVERED,2026-05-08 22:17:01.300168
1610,62,10,3.0,633000.0,DELIVERED,2026-05-01 14:39:01.300168
1611,33,7,,202000.0,DELIVERED,2026-05-11 11:05:01.300168
1612,8,1,1.0,330000.0,DELIVERED,2026-04-30 20:42:01.300168
1613,57,3,,10000.0,DELIVERED,2026-04-24 08:56:01.300168
1614,52,2,,67000.0,DELIVERED,2026-04-20 16:17:01.300168
1615,81,9,2.0,235000.0,DELIVERED,2026-05-04 23:03:01.300168
1616,4,9,3.0,15000.0,CANCELLED,2026-05-05 04:37:01.300168
1617,54,2,,108000.0,DELIVERED,2026-04-25 14:51:01.300168
1618,20,2,,137000.0,DELIVERED,2026-04-20 12:25:01.300168
1619,56,9,,270000.0,DELIVERED,2026-05-11 03:05:01.300168
1620,64,8,,15000.0,DELIVERED,2026-04-23 03:52:01.300168
1621,46,7,,186000.0,DELIVERED,2026-04-26 17:55:01.300168
1622,69,8,3.0,175000.0,DELIVERED,2026-05-11 11:49:01.300168
1623,55,5,,180000.0,DELIVERED,2026-05-04 00:17:01.300168
1624,92,7,3.0,15000.0,CANCELLED,2026-04-23 12:27:01.300168
1625,100,1,,195000.0,DELIVERED,2026-04-25 05:06:01.300168
1626,85,6,,106000.0,DELIVERED,2026-05-09 19:21:01.300168
1627,36,1,,280000.0,DELIVERED,2026-04-28 04:25:01.300168
1628,73,5,,391000.0,DELIVERED,2026-04-29 11:09:01.300168
1629,12,6,1.0,46800.0,DELIVERED,2026-04-25 03:56:01.300168
1630,52,5,2.0,284000.0,CANCELLED,2026-04-30 10:36:01.300168
1631,78,7,,107000.0,DELIVERED,2026-05-18 11:22:01.300168
1632,12,8,1.0,117000.0,DELIVERED,2026-05-03 21:27:01.300168
1633,30,8,,195000.0,DELIVERED,2026-04-20 10:38:01.300168
1634,95,3,,120000.0,DELIVERED,2026-05-15 23:23:01.300168
1635,49,1,,135000.0,DELIVERED,2026-04-20 14:27:01.300168
1636,75,1,,70000.0,DELIVERED,2026-05-01 14:43:01.300168
1637,74,1,3.0,330000.0,DELIVERED,2026-05-01 17:24:01.300168
1638,96,8,1.0,144000.0,DELIVERED,2026-05-19 14:44:01.300168
1639,49,2,,19000.0,DELIVERED,2026-05-09 16:27:01.300168
1640,2,4,,444000.0,PENDING,2026-05-09 11:02:01.300168
1641,42,2,1.0,80100.0,DELIVERED,2026-04-28 03:19:01.300168
1642,26,6,,5000.0,DELIVERED,2026-05-15 00:39:01.300168
1643,17,1,3.0,390000.0,DELIVERED,2026-04-24 13:32:01.300168
1644,63,4,1.0,862000.0,CANCELLED,2026-04-21 06:45:01.300168
1645,4,5,1.0,162000.0,DELIVERED,2026-04-22 01:43:01.300168
1646,17,2,,235000.0,DELIVERED,2026-05-16 11:54:01.300168
1647,87,6,,34000.0,CANCELLED,2026-05-03 10:50:01.300168
1648,55,8,,120000.0,DELIVERED,2026-05-05 10:50:01.300168
1649,45,2,3.0,74000.0,DELIVERED,2026-04-23 15:46:01.300168
1650,12,2,,233000.0,DELIVERED,2026-05-10 05:15:01.300168
1651,45,10,,40000.0,DELIVERED,2026-05-02 05:15:01.300168
1652,14,4,,614000.0,DELIVERED,2026-05-01 10:12:01.300168
1653,100,2,2.0,100000.0,DELIVERED,2026-04-24 01:57:01.300168
1654,24,9,3.0,50000.0,DELIVERED,2026-05-17 14:28:01.300168
1655,9,5,,290000.0,CANCELLED,2026-05-15 16:53:01.300168
1656,91,4,,586000.0,DELIVERED,2026-04-30 00:35:01.300168
1657,14,1,2.0,290000.0,DELIVERED,2026-04-30 04:33:01.300168
1658,94,8,,15000.0,CANCELLED,2026-04-23 07:30:01.300168
1659,68,6,,5000.0,DELIVERED,2026-04-29 20:26:01.300168
1660,94,1,,130000.0,DELIVERED,2026-04-27 13:37:01.300168
1661,4,5,,156000.0,DELIVERED,2026-04-22 14:19:01.300168
1662,61,10,,310000.0,DELIVERED,2026-04-27 00:39:01.300168
1663,33,9,1.0,175500.0,DELIVERED,2026-05-16 15:53:01.300168
1664,63,5,3.0,207000.0,DELIVERED,2026-05-11 17:48:01.300168
1665,76,9,,15000.0,DELIVERED,2026-05-07 11:40:01.300168
1666,70,6,,116000.0,DELIVERED,2026-05-06 22:47:01.300168
1667,4,9,,80000.0,DELIVERED,2026-05-14 01:04:01.300168
1668,72,1,,205000.0,DELIVERED,2026-05-12 12:39:01.300168
1669,89,9,3.0,180000.0,CANCELLED,2026-04-22 21:58:01.300168
1670,69,10,,80000.0,DELIVERED,2026-04-25 04:10:01.300168
1671,39,6,,12000.0,DELIVERED,2026-05-14 17:11:01.300168
1672,14,6,,134000.0,DELIVERED,2026-05-18 05:31:01.300168
1673,21,9,,90000.0,DELIVERED,2026-05-16 19:27:01.300168
1674,71,1,,270000.0,DELIVERED,2026-05-06 07:48:01.300168
1675,69,3,,30000.0,DELIVERED,2026-04-20 21:05:01.300168
1676,8,6,,46000.0,CANCELLED,2026-05-17 03:16:01.300168
1677,35,2,,303000.0,DELIVERED,2026-04-26 01:39:01.300168
1678,53,7,,146000.0,DELIVERED,2026-04-26 16:20:01.300168
1679,47,8,,245000.0,DELIVERED,2026-05-03 18:26:01.300168
1680,35,3,3.0,85000.0,DELIVERED,2026-05-08 02:43:01.300168
1681,69,7,2.0,173600.0,DELIVERED,2026-05-08 00:17:01.300168
1682,27,7,,132000.0,DELIVERED,2026-04-30 08:55:01.300168
1683,81,9,,135000.0,DELIVERED,2026-05-04 05:45:01.300168
1684,88,7,,179000.0,DELIVERED,2026-05-01 14:09:01.300168
1685,78,3,1.0,108000.0,DELIVERED,2026-05-07 20:37:01.300168
1686,78,4,2.0,175200.0,DELIVERED,2026-05-04 15:04:01.300168
1687,23,10,,90000.0,DELIVERED,2026-05-06 03:59:01.300168
1688,91,3,,5000.0,DELIVERED,2026-05-11 22:43:01.300168
1689,79,8,3.0,105000.0,DELIVERED,2026-05-15 07:04:01.300168
1690,51,8,,50000.0,PENDING,2026-05-16 20:53:01.300168
1691,63,10,1.0,767000.0,DELIVERED,2026-05-14 05:50:01.300168
1692,13,7,,14000.0,DELIVERED,2026-05-02 09:42:01.300168
1693,69,1,,355000.0,DELIVERED,2026-05-01 12:26:01.300168
1694,26,10,,588000.0,PENDING,2026-04-24 05:31:01.300168
1695,96,5,2.0,451000.0,CANCELLED,2026-05-19 14:14:01.300168
1696,49,5,,217000.0,DELIVERED,2026-05-18 19:44:01.300168
1697,20,2,,296000.0,DELIVERED,2026-05-10 10:58:01.300168
1698,26,7,,124000.0,DELIVERED,2026-04-25 00:39:01.300168
1699,34,10,,378000.0,DELIVERED,2026-04-22 19:52:01.300168
1700,40,3,,80000.0,DELIVERED,2026-05-07 03:21:01.300168
1701,16,9,,50000.0,DELIVERED,2026-05-07 10:52:01.300168
1702,66,3,,60000.0,DELIVERED,2026-04-27 13:32:01.300168
1703,35,8,,165000.0,DELIVERED,2026-04-27 15:48:01.300168
1704,60,10,,837000.0,DELIVERED,2026-05-13 22:18:01.300168
1705,89,2,,334000.0,DELIVERED,2026-05-17 22:56:01.300168
1706,82,10,,80000.0,DELIVERED,2026-04-20 07:26:01.300168
1707,67,2,,38000.0,DELIVERED,2026-04-23 19:48:01.300168
1708,91,10,,579000.0,DELIVERED,2026-04-25 19:35:01.300168
1709,30,6,,22000.0,DELIVERED,2026-04-20 20:01:01.300168
1710,82,2,3.0,43000.0,DELIVERED,2026-04-29 17:40:01.300168
1711,82,10,3.0,105000.0,DELIVERED,2026-05-05 05:26:01.300168
1712,76,5,,287000.0,DELIVERED,2026-04-21 23:55:01.300168
1713,84,4,,148000.0,CANCELLED,2026-04-21 22:37:01.300168
1714,84,9,,135000.0,DELIVERED,2026-05-17 11:35:01.300168
1715,26,3,,90000.0,DELIVERED,2026-04-23 14:27:01.300168
1716,50,10,,647000.0,PENDING,2026-04-28 14:18:01.300168
1717,37,8,,230000.0,DELIVERED,2026-04-29 21:20:01.300168
1718,84,1,3.0,195000.0,DELIVERED,2026-04-25 21:29:01.300168
1719,15,1,3.0,125000.0,CANCELLED,2026-05-05 10:16:01.300168
1720,88,5,,175000.0,CANCELLED,2026-05-03 06:30:01.300168
1721,48,3,2.0,188000.0,CANCELLED,2026-05-08 16:16:01.300168
1722,81,6,,12000.0,DELIVERED,2026-04-19 22:23:01.300168
1723,10,2,,178000.0,DELIVERED,2026-04-24 13:17:01.300168
1724,97,9,,70000.0,DELIVERED,2026-05-19 07:51:01.300168
1725,71,3,,215000.0,DELIVERED,2026-04-26 04:54:01.300168
1726,10,2,2.0,234000.0,DELIVERED,2026-04-21 11:11:01.300168
1727,12,2,3.0,161000.0,DELIVERED,2026-04-28 20:44:01.300168
1728,99,9,,130000.0,DELIVERED,2026-05-14 03:23:01.300168
1729,2,6,1.0,55800.0,DELIVERED,2026-05-10 15:26:01.300168
1730,37,7,,7000.0,DELIVERED,2026-05-18 00:49:01.300168
1731,60,8,,120000.0,DELIVERED,2026-05-07 03:50:01.300168
1732,8,2,,175000.0,DELIVERED,2026-05-17 21:11:01.300168
1733,20,7,,100000.0,DELIVERED,2026-05-10 12:26:01.300168
1734,21,1,,195000.0,DELIVERED,2026-04-30 16:51:01.300168
1735,29,1,1.0,330000.0,DELIVERED,2026-05-03 07:57:01.300168
1736,90,3,,30000.0,DELIVERED,2026-05-13 16:52:01.300168
1737,80,9,,140000.0,DELIVERED,2026-04-21 00:21:01.300168
1738,19,10,,539000.0,DELIVERED,2026-04-29 23:16:01.300168
1739,97,5,,180000.0,DELIVERED,2026-05-18 06:05:01.300168
1740,11,7,,37000.0,DELIVERED,2026-05-17 12:16:01.300168
1741,94,6,2.0,84000.0,DELIVERED,2026-05-15 06:56:01.300168
1742,57,5,,337000.0,DELIVERED,2026-05-03 09:12:01.300168
1743,51,10,,648000.0,CANCELLED,2026-05-14 03:56:01.300168
1744,21,8,,85000.0,DELIVERED,2026-05-01 23:02:01.300168
1745,24,6,,111000.0,DELIVERED,2026-04-25 20:56:01.300168
1746,88,1,,10000.0,DELIVERED,2026-05-13 13:10:01.300168
1747,21,8,2.0,116000.0,DELIVERED,2026-05-10 08:51:01.300168
1748,50,3,1.0,54000.0,DELIVERED,2026-05-10 21:13:01.300168
1749,76,5,,120000.0,DELIVERED,2026-05-15 14:03:01.300168
1750,18,8,,150000.0,DELIVERED,2026-05-08 07:16:01.300168
1751,80,8,1.0,144000.0,DELIVERED,2026-05-01 10:35:01.300168
1752,51,1,,220000.0,DELIVERED,2026-05-03 08:15:01.300168
1753,59,7,,179000.0,PENDING,2026-05-01 17:26:01.300168
1754,39,6,1.0,120600.0,DELIVERED,2026-05-09 13:27:01.300168
1755,23,7,2.0,161600.0,DELIVERED,2026-05-15 00:28:01.300168
1756,28,8,,285000.0,DELIVERED,2026-05-17 13:07:01.300168
1757,38,3,,75000.0,DELIVERED,2026-05-01 13:25:01.300168
1758,90,3,,75000.0,DELIVERED,2026-05-07 11:59:01.300168
1759,41,3,,40000.0,DELIVERED,2026-04-21 04:49:01.300168
1760,84,5,1.0,46800.0,CANCELLED,2026-04-27 18:12:01.300168
1761,53,8,3.0,30000.0,DELIVERED,2026-05-11 07:19:01.300168
1762,5,7,,124000.0,DELIVERED,2026-05-09 05:18:01.300168
1763,51,5,2.0,131200.0,CANCELLED,2026-05-07 01:40:01.300168
1764,29,4,1.0,496000.0,DELIVERED,2026-04-23 13:15:01.300168
1765,63,1,,275000.0,PENDING,2026-04-29 11:37:01.300168
1766,3,5,,326000.0,DELIVERED,2026-04-27 05:08:01.300168
1767,29,6,,52000.0,DELIVERED,2026-04-26 17:44:01.300168
1768,51,1,,70000.0,DELIVERED,2026-05-14 01:37:01.300168
1769,20,8,,115000.0,DELIVERED,2026-05-09 08:04:01.300168
1770,36,1,,145000.0,DELIVERED,2026-04-22 17:12:01.300168
1771,5,1,,65000.0,DELIVERED,2026-05-11 20:21:01.300168
1772,54,1,,15000.0,DELIVERED,2026-05-18 06:28:01.300168
1773,70,3,,35000.0,DELIVERED,2026-05-10 05:07:01.300168
1774,30,9,,290000.0,DELIVERED,2026-05-07 06:54:01.300168
1775,90,5,,321000.0,DELIVERED,2026-05-17 16:39:01.300168
1776,19,7,,92000.0,PENDING,2026-05-13 12:28:01.300168
1777,60,5,1.0,319000.0,DELIVERED,2026-05-18 03:47:01.300168
1778,21,9,,290000.0,DELIVERED,2026-04-26 16:07:01.300168
1779,54,5,,326000.0,DELIVERED,2026-04-20 19:13:01.300168
1780,99,8,3.0,65000.0,DELIVERED,2026-04-28 00:08:01.300168
1781,66,1,,280000.0,DELIVERED,2026-05-17 02:43:01.300168
1782,39,7,,91000.0,DELIVERED,2026-05-05 05:07:01.300168
1783,12,1,,225000.0,DELIVERED,2026-05-13 08:02:01.300168
1784,55,8,,50000.0,DELIVERED,2026-05-08 23:34:01.300168
1785,26,2,,57000.0,DELIVERED,2026-05-09 00:27:01.300168
1786,4,7,3.0,116000.0,DELIVERED,2026-04-27 07:55:01.300168
1787,95,3,,110000.0,DELIVERED,2026-05-08 15:47:01.300168
1788,21,6,1.0,63000.0,DELIVERED,2026-05-09 04:03:01.300168
1789,75,1,3.0,205000.0,DELIVERED,2026-04-22 22:47:01.300168
1790,75,2,1.0,206000.0,DELIVERED,2026-05-19 00:15:01.300168
1791,48,8,,170000.0,DELIVERED,2026-05-17 07:37:01.300168
1792,44,8,,235000.0,DELIVERED,2026-05-13 03:42:01.300168
1793,4,8,,165000.0,CANCELLED,2026-05-08 13:53:01.300168
1794,45,6,,24000.0,PENDING,2026-04-21 19:50:01.300168
1795,27,10,1.0,389000.0,DELIVERED,2026-05-12 16:23:01.300168
1796,67,4,,247000.0,DELIVERED,2026-04-26 16:50:01.300168
1797,51,5,3.0,202000.0,DELIVERED,2026-05-02 06:28:01.300168
1798,100,5,,180000.0,DELIVERED,2026-04-28 03:08:01.300168
1799,89,2,,144000.0,DELIVERED,2026-05-16 22:10:01.300168
1800,37,1,1.0,63000.0,DELIVERED,2026-04-23 14:05:01.300168
1801,90,3,3.0,25000.0,PENDING,2026-05-10 22:04:01.300168
1802,99,4,,219000.0,DELIVERED,2026-05-18 11:21:01.300168
1803,15,3,3.0,165000.0,DELIVERED,2026-05-07 11:41:01.300168
1804,57,4,2.0,367000.0,DELIVERED,2026-05-14 14:47:01.300168
1805,34,6,3.0,77000.0,DELIVERED,2026-04-25 22:19:01.300168
1806,62,10,,499000.0,DELIVERED,2026-05-01 21:23:01.300168
1807,18,8,1.0,190000.0,DELIVERED,2026-04-26 06:02:01.300168
1808,41,7,2.0,167200.0,DELIVERED,2026-04-26 13:53:01.300168
1809,76,1,1.0,58500.0,CANCELLED,2026-05-10 01:02:01.300168
1810,41,1,,130000.0,DELIVERED,2026-05-14 16:11:01.300168
1811,88,10,,548000.0,DELIVERED,2026-04-25 15:49:01.300168
1812,88,2,,185000.0,DELIVERED,2026-04-28 10:07:01.300168
1813,81,8,,130000.0,PENDING,2026-05-13 05:15:01.300168
1814,56,6,,151000.0,DELIVERED,2026-05-04 03:57:01.300168
1815,58,3,,5000.0,DELIVERED,2026-05-01 05:35:01.300168
1816,88,4,,657000.0,DELIVERED,2026-05-08 18:04:01.300168
1817,75,8,,150000.0,DELIVERED,2026-05-07 02:05:01.300168
1818,80,10,,180000.0,DELIVERED,2026-05-15 14:49:01.300168
1819,84,2,,185000.0,DELIVERED,2026-04-28 14:40:01.300168
1820,24,8,,190000.0,PENDING,2026-05-01 13:28:01.300168
1821,2,6,1.0,55800.0,DELIVERED,2026-04-27 03:19:01.300168
1822,10,5,,104000.0,DELIVERED,2026-05-08 10:17:01.300168
1823,76,2,,373000.0,DELIVERED,2026-04-24 01:46:01.300168
1824,21,4,2.0,388000.0,DELIVERED,2026-04-23 22:45:01.300168
1825,2,6,,12000.0,DELIVERED,2026-05-07 04:41:01.300168
1826,82,9,,185000.0,CANCELLED,2026-05-11 15:44:01.300168
1827,38,4,,565000.0,CANCELLED,2026-05-02 06:33:01.300168
1828,72,5,1.0,481000.0,DELIVERED,2026-05-14 22:42:01.300168
1829,37,4,,49000.0,DELIVERED,2026-05-15 13:27:01.300168
1830,23,5,3.0,105000.0,DELIVERED,2026-05-08 22:42:01.300168
1831,26,9,,75000.0,CANCELLED,2026-04-24 00:42:01.300168
1832,4,10,,867000.0,DELIVERED,2026-05-12 12:42:01.300168
1833,77,7,,70000.0,DELIVERED,2026-04-27 14:56:01.300168
1834,86,5,,282000.0,CANCELLED,2026-04-30 03:56:01.300168
1835,91,8,,50000.0,DELIVERED,2026-05-06 10:04:01.300168
1836,68,1,,285000.0,DELIVERED,2026-04-23 08:50:01.300168
1837,5,4,,855000.0,DELIVERED,2026-04-30 13:52:01.300168
1838,3,5,1.0,316000.0,DELIVERED,2026-05-18 19:10:01.300168
1839,74,8,,185000.0,DELIVERED,2026-05-05 22:33:01.300168
1840,75,5,,342000.0,DELIVERED,2026-05-14 12:07:01.300168
1841,24,8,3.0,135000.0,DELIVERED,2026-05-07 03:31:01.300168
1842,86,6,,156000.0,DELIVERED,2026-05-05 13:12:01.300168
1843,87,6,,127000.0,DELIVERED,2026-05-01 20:31:01.300168
1844,13,5,1.0,325000.0,DELIVERED,2026-04-27 02:15:01.300168
1845,80,5,,110000.0,DELIVERED,2026-05-10 20:02:01.300168
1846,82,6,1.0,140400.0,DELIVERED,2026-04-26 14:06:01.300168
1847,34,10,,270000.0,DELIVERED,2026-05-09 21:24:01.300168
1848,47,9,,75000.0,DELIVERED,2026-05-19 16:57:01.300168
1849,77,6,,10000.0,DELIVERED,2026-05-19 17:43:01.300168
1850,94,9,,75000.0,DELIVERED,2026-05-15 21:26:01.300168
1851,39,10,1.0,668000.0,DELIVERED,2026-05-19 12:17:01.300168
1852,56,3,,120000.0,DELIVERED,2026-05-13 10:05:01.300168
1853,47,7,,117000.0,DELIVERED,2026-04-22 04:40:01.300168
1854,13,2,2.0,323000.0,DELIVERED,2026-05-11 18:02:01.300168
1855,50,1,1.0,67500.0,DELIVERED,2026-05-19 14:50:01.300168
1856,40,9,,145000.0,DELIVERED,2026-05-06 13:46:01.300168
1857,19,5,,120000.0,DELIVERED,2026-04-21 03:31:01.300168
1858,36,3,,250000.0,DELIVERED,2026-05-09 14:53:01.300168
1859,72,5,1.0,267000.0,DELIVERED,2026-04-30 20:54:01.300168
1860,29,3,,130000.0,DELIVERED,2026-05-02 07:28:01.300168
1861,95,2,,125000.0,DELIVERED,2026-04-26 05:17:01.300168
1862,100,8,,250000.0,DELIVERED,2026-05-08 09:32:01.300168
1863,63,1,,420000.0,DELIVERED,2026-04-21 19:09:01.300168
1864,85,2,,166000.0,CANCELLED,2026-05-10 10:51:01.300168
1865,74,9,,270000.0,CANCELLED,2026-05-02 10:42:01.300168
1866,89,6,,36000.0,CANCELLED,2026-05-18 15:40:01.300168
1867,99,5,,55000.0,DELIVERED,2026-05-14 03:50:01.300168
1868,13,9,3.0,115000.0,DELIVERED,2026-05-17 00:41:01.300168
1869,26,8,,160000.0,DELIVERED,2026-05-01 15:36:01.300168
1870,85,2,,392000.0,DELIVERED,2026-04-30 19:37:01.300168
1871,95,3,,160000.0,DELIVERED,2026-05-01 05:22:01.300168
1872,88,6,3.0,31000.0,DELIVERED,2026-04-24 12:52:01.300168
1873,8,8,,180000.0,DELIVERED,2026-05-17 08:05:01.300168
1874,99,5,,222000.0,DELIVERED,2026-05-13 17:34:01.300168
1875,40,1,3.0,65000.0,DELIVERED,2026-05-19 07:23:01.300168
1876,97,2,1.0,372000.0,DELIVERED,2026-05-02 21:15:01.300168
1877,58,2,3.0,309000.0,DELIVERED,2026-05-02 01:59:01.300168
1878,48,8,,90000.0,DELIVERED,2026-05-09 12:08:01.300168
1879,93,5,3.0,379000.0,DELIVERED,2026-04-25 03:48:01.300168
1880,49,10,3.0,394000.0,DELIVERED,2026-04-24 01:42:01.300168
1881,24,9,,170000.0,DELIVERED,2026-05-15 06:46:01.300168
1882,95,3,,205000.0,DELIVERED,2026-04-26 13:19:01.300168
1883,65,8,,260000.0,DELIVERED,2026-05-13 17:03:01.300168
1884,95,10,,777000.0,PENDING,2026-05-01 06:38:01.300168
1885,8,3,,15000.0,DELIVERED,2026-04-28 05:21:01.300168
1886,78,10,,120000.0,DELIVERED,2026-04-28 00:14:01.300168
1887,91,9,,155000.0,DELIVERED,2026-05-11 04:32:01.300168
1888,94,6,,64000.0,DELIVERED,2026-05-09 14:56:01.300168
1889,16,8,,90000.0,DELIVERED,2026-05-16 10:40:01.300168
1890,65,1,,15000.0,DELIVERED,2026-05-01 04:53:01.300168
1891,94,2,,315000.0,CANCELLED,2026-05-07 13:25:01.300168
1892,98,1,,65000.0,DELIVERED,2026-05-15 18:01:01.300168
1893,44,10,,489000.0,DELIVERED,2026-05-14 06:42:01.300168
1894,26,8,,40000.0,DELIVERED,2026-04-28 03:14:01.300168
1895,55,3,3.0,105000.0,DELIVERED,2026-05-05 22:06:01.300168
1896,66,5,,52000.0,DELIVERED,2026-05-16 16:24:01.300168
1897,8,2,1.0,247000.0,DELIVERED,2026-05-18 11:27:01.300168
1898,97,5,,285000.0,DELIVERED,2026-04-20 17:23:01.300168
1899,89,7,1.0,90000.0,DELIVERED,2026-05-18 20:19:01.300168
1900,51,7,1.0,76500.0,DELIVERED,2026-04-24 05:55:01.300168
1901,78,10,,768000.0,DELIVERED,2026-05-01 04:03:01.300168
1902,77,3,,180000.0,DELIVERED,2026-05-04 11:11:01.300168
1903,96,7,1.0,49500.0,DELIVERED,2026-05-14 02:09:01.300168
1904,48,4,,438000.0,DELIVERED,2026-05-13 08:09:01.300168
1905,7,4,,317000.0,DELIVERED,2026-04-27 00:14:01.300168
1906,12,7,3.0,172000.0,DELIVERED,2026-05-11 11:36:01.300168
1907,36,4,1.0,178200.0,DELIVERED,2026-05-18 02:00:01.300168
1908,32,9,,235000.0,DELIVERED,2026-05-14 08:38:01.300168
1909,28,1,1.0,390000.0,DELIVERED,2026-05-09 20:01:01.300168
1910,54,7,1.0,99000.0,DELIVERED,2026-04-28 01:28:01.300168
1911,17,10,3.0,174000.0,DELIVERED,2026-04-27 21:43:01.300168
1912,87,4,,49000.0,DELIVERED,2026-05-15 20:23:01.300168
1913,25,1,,350000.0,DELIVERED,2026-04-27 09:31:01.300168
1914,53,10,,260000.0,DELIVERED,2026-05-12 20:09:01.300168
1915,2,2,3.0,192000.0,DELIVERED,2026-05-09 17:40:01.300168
1916,22,8,,180000.0,DELIVERED,2026-05-08 20:54:01.300168
1917,73,3,,15000.0,DELIVERED,2026-05-12 06:53:01.300168
1918,76,5,,266000.0,DELIVERED,2026-05-06 05:37:01.300168
1919,48,9,,80000.0,DELIVERED,2026-04-29 10:11:01.300168
1920,41,2,,195000.0,DELIVERED,2026-05-01 16:48:01.300168
1921,70,5,,216000.0,DELIVERED,2026-04-21 14:23:01.300168
1922,84,5,,326000.0,PENDING,2026-05-04 16:03:01.300168
1923,96,4,,198000.0,DELIVERED,2026-04-28 10:12:01.300168
1924,61,1,,65000.0,DELIVERED,2026-05-06 12:52:01.300168
1925,36,4,2.0,607000.0,CANCELLED,2026-05-12 14:47:01.300168
1926,30,7,,21000.0,PENDING,2026-05-18 15:00:01.300168
1927,45,1,,5000.0,DELIVERED,2026-05-10 03:36:01.300168
1928,92,2,2.0,313000.0,DELIVERED,2026-04-30 22:21:01.300168
1929,93,8,,150000.0,DELIVERED,2026-05-18 22:49:01.300168
1930,63,3,,155000.0,CANCELLED,2026-05-19 15:59:01.300168
1931,45,4,2.0,903000.0,DELIVERED,2026-05-15 18:23:01.300168
1932,29,7,3.0,62000.0,DELIVERED,2026-05-15 06:24:01.300168
1933,5,4,,219000.0,DELIVERED,2026-05-11 19:32:01.300168
1934,32,3,1.0,139500.0,DELIVERED,2026-05-05 20:09:01.300168
1935,9,8,,260000.0,DELIVERED,2026-05-07 07:14:01.300168
1936,5,7,,117000.0,DELIVERED,2026-04-28 04:16:01.300168
1937,80,6,1.0,94500.0,DELIVERED,2026-04-22 10:44:01.300168
1938,40,1,,145000.0,CANCELLED,2026-05-13 22:28:01.300168
1939,96,10,,567000.0,CANCELLED,2026-04-21 14:40:01.300168
1940,89,3,3.0,45000.0,CANCELLED,2026-05-08 09:46:01.300168
1941,77,5,,167000.0,DELIVERED,2026-04-20 04:46:01.300168
1942,89,8,,265000.0,DELIVERED,2026-05-17 07:07:01.300168
1943,45,5,,389000.0,DELIVERED,2026-05-07 17:51:01.300168
1944,47,8,3.0,65000.0,DELIVERED,2026-05-10 09:25:01.300168
1945,64,1,1.0,190000.0,DELIVERED,2026-05-09 13:27:01.300168
1946,39,9,3.0,80000.0,DELIVERED,2026-05-11 03:39:01.300168
1947,14,8,3.0,85000.0,PENDING,2026-05-18 05:32:01.300168
1948,6,4,3.0,768000.0,DELIVERED,2026-05-18 21:13:01.300168
1949,88,1,,275000.0,DELIVERED,2026-05-03 13:25:01.300168
1950,9,2,,176000.0,DELIVERED,2026-05-12 05:20:01.300168
1951,89,7,,165000.0,DELIVERED,2026-04-29 00:45:01.300168
1952,39,10,,837000.0,DELIVERED,2026-04-25 02:24:01.300168
1953,88,3,,60000.0,DELIVERED,2026-05-10 09:17:01.300168
1954,44,3,,185000.0,DELIVERED,2026-05-03 23:02:01.300168
1955,93,5,,342000.0,DELIVERED,2026-04-20 11:28:01.300168
1956,20,6,,70000.0,DELIVERED,2026-04-24 00:30:01.300168
1957,47,10,,80000.0,DELIVERED,2026-05-04 03:22:01.300168
1958,59,1,,280000.0,DELIVERED,2026-05-12 04:13:01.300168
1959,79,4,2.0,903000.0,CANCELLED,2026-04-22 01:41:01.300168
1960,33,7,,30000.0,DELIVERED,2026-05-01 07:23:01.300168
1961,44,4,,805000.0,CANCELLED,2026-04-28 22:05:01.300168
1962,59,5,,52000.0,DELIVERED,2026-05-12 21:49:01.300168
1963,65,5,3.0,37000.0,DELIVERED,2026-04-27 05:54:01.300168
1964,68,9,1.0,205000.0,DELIVERED,2026-05-11 02:18:01.300168
1965,38,2,,245000.0,DELIVERED,2026-05-17 15:23:01.300168
1966,17,8,,40000.0,DELIVERED,2026-05-16 09:26:01.300168
1967,50,10,,687000.0,DELIVERED,2026-04-29 09:33:01.300168
1968,69,8,,15000.0,DELIVERED,2026-04-29 07:30:01.300168
1969,38,4,,366000.0,DELIVERED,2026-04-20 05:39:01.300168
1970,55,4,1.0,545000.0,DELIVERED,2026-04-28 05:30:01.300168
1971,85,2,1.0,77400.0,DELIVERED,2026-05-07 13:30:01.300168
1972,41,7,1.0,102600.0,DELIVERED,2026-05-14 09:23:01.300168
1973,49,3,,180000.0,DELIVERED,2026-05-12 18:24:01.300168
1974,28,1,1.0,126000.0,DELIVERED,2026-04-27 07:28:01.300168
1975,35,1,,270000.0,PENDING,2026-04-30 23:52:01.300168
1976,68,8,1.0,215000.0,DELIVERED,2026-05-09 17:14:01.300168
1977,59,7,,62000.0,DELIVERED,2026-05-16 14:04:01.300168
1978,43,5,,271000.0,DELIVERED,2026-04-27 16:19:01.300168
1979,83,4,,317000.0,DELIVERED,2026-04-20 17:11:01.300168
1980,20,9,,250000.0,CANCELLED,2026-05-19 00:25:01.300168
1981,70,9,,15000.0,DELIVERED,2026-05-18 07:24:01.300168
1982,57,5,,110000.0,DELIVERED,2026-05-01 07:06:01.300168
1983,51,1,3.0,65000.0,DELIVERED,2026-04-29 14:56:01.300168
1984,76,7,,14000.0,DELIVERED,2026-05-19 00:25:01.300168
1985,89,9,,195000.0,DELIVERED,2026-05-03 02:11:01.300168
1986,12,8,,85000.0,CANCELLED,2026-04-20 23:25:01.300168
1987,71,8,,200000.0,DELIVERED,2026-05-02 02:33:01.300168
1988,39,1,,70000.0,DELIVERED,2026-04-22 01:34:01.300168
1989,71,3,,60000.0,DELIVERED,2026-04-23 17:15:01.300168
1990,99,10,,957000.0,DELIVERED,2026-04-29 05:29:01.300168
1991,1,3,,25000.0,DELIVERED,2026-05-01 12:13:01.300168
1992,43,1,2.0,220000.0,DELIVERED,2026-05-07 00:31:01.300168
1993,18,9,,45000.0,PENDING,2026-05-01 22:47:01.300168
1994,29,5,,115000.0,DELIVERED,2026-05-14 07:13:01.300168
1995,42,9,,50000.0,DELIVERED,2026-05-15 14:30:01.300168
1996,77,4,3.0,472000.0,DELIVERED,2026-05-02 22:46:01.300168
1997,11,5,,217000.0,DELIVERED,2026-04-24 19:13:01.300168
1998,42,1,,135000.0,DELIVERED,2026-04-20 02:32:01.300168
1999,22,6,3.0,30000.0,CANCELLED,2026-04-22 11:27:01.300168
2000,54,9,,25000.0,CANCELLED,2026-04-28 09:17:01.300168
2001,69,2,3.0,189000.0,CANCELLED,2026-05-19 08:07:01.300168
2002,59,3,,10000.0,DELIVERED,2026-05-04 16:40:01.300168
2003,85,10,1.0,290000.0,DELIVERED,2026-04-27 14:40:01.300168
2004,4,3,3.0,30000.0,DELIVERED,2026-04-28 01:12:01.300168
2005,1,4,2.0,1051000.0,DELIVERED,2026-05-13 16:13:01.300168
2006,23,8,2.0,104000.0,DELIVERED,2026-05-11 15:23:01.300168
2007,86,8,,235000.0,DELIVERED,2026-05-06 14:19:01.300168
2008,84,5,,120000.0,CANCELLED,2026-04-23 11:55:01.300168
2009,77,8,,40000.0,DELIVERED,2026-04-23 19:44:01.300168
2010,48,4,3.0,423000.0,DELIVERED,2026-04-20 06:11:01.300168
2011,73,2,,197000.0,DELIVERED,2026-04-28 17:44:01.300168
2012,15,4,,465000.0,DELIVERED,2026-04-25 02:56:01.300168
2013,72,3,,55000.0,DELIVERED,2026-05-05 06:12:01.300168
2014,86,5,,120000.0,DELIVERED,2026-05-09 18:59:01.300168
2015,22,2,,29000.0,DELIVERED,2026-05-03 09:49:01.300168
2016,49,9,,275000.0,CANCELLED,2026-05-19 07:56:01.300168
2017,42,2,2.0,101600.0,DELIVERED,2026-05-13 19:12:01.300168
2018,63,4,,882000.0,DELIVERED,2026-05-03 09:46:01.300168
2019,7,7,2.0,135200.0,CANCELLED,2026-04-27 10:02:01.300168
2020,37,2,,325000.0,DELIVERED,2026-04-20 09:14:01.300168
2021,50,7,,7000.0,CANCELLED,2026-04-22 21:22:01.300168
2022,95,6,1.0,72000.0,DELIVERED,2026-05-09 18:13:01.300168
2023,40,6,,141000.0,DELIVERED,2026-04-22 16:45:01.300168
2024,5,9,,195000.0,DELIVERED,2026-04-21 14:19:01.300168
2025,12,4,,833000.0,DELIVERED,2026-05-17 21:04:01.300168
2026,75,9,,120000.0,CANCELLED,2026-05-11 10:43:01.300168
2027,85,4,3.0,34000.0,DELIVERED,2026-05-08 01:34:01.300168
2028,77,10,1.0,358000.0,CANCELLED,2026-04-27 09:52:01.300168
2029,73,9,,185000.0,DELIVERED,2026-04-21 15:50:01.300168
2030,81,8,,225000.0,DELIVERED,2026-05-10 03:26:01.300168
2031,92,10,,647000.0,DELIVERED,2026-05-17 21:38:01.300168
2032,47,4,,536000.0,DELIVERED,2026-04-29 02:06:01.300168
2033,72,7,3.0,195000.0,DELIVERED,2026-04-23 21:42:01.300168
2034,5,8,2.0,124000.0,CANCELLED,2026-04-29 05:21:01.300168
2035,98,8,,220000.0,DELIVERED,2026-05-09 08:04:01.300168
2036,35,8,,40000.0,DELIVERED,2026-04-22 06:29:01.300168
2037,24,1,,10000.0,DELIVERED,2026-05-16 12:20:01.300168
2038,56,3,,75000.0,DELIVERED,2026-05-05 09:57:01.300168
2039,89,5,,120000.0,DELIVERED,2026-04-27 01:19:01.300168
2040,51,7,,155000.0,DELIVERED,2026-04-21 00:01:01.300168
2041,75,3,3.0,85000.0,DELIVERED,2026-05-11 12:10:01.300168
2042,80,9,3.0,30000.0,PENDING,2026-04-27 04:45:01.300168
2043,82,3,,50000.0,DELIVERED,2026-05-14 10:27:01.300168
2044,58,4,,756000.0,DELIVERED,2026-04-27 11:17:01.300168
2045,91,4,,99000.0,DELIVERED,2026-05-04 14:51:01.300168
2046,87,3,,110000.0,DELIVERED,2026-05-18 08:20:01.300168
2047,98,4,,706000.0,DELIVERED,2026-05-08 12:35:01.300168
2048,29,2,,214000.0,DELIVERED,2026-04-26 19:51:01.300168
2049,80,7,,69000.0,DELIVERED,2026-05-11 18:35:01.300168
2050,7,6,,10000.0,DELIVERED,2026-04-27 20:42:01.300168
2051,45,2,,87000.0,CANCELLED,2026-04-26 02:38:01.300168
2052,98,8,,315000.0,DELIVERED,2026-05-02 08:37:01.300168
2053,86,2,,87000.0,DELIVERED,2026-05-17 11:29:01.300168
2054,5,1,1.0,260000.0,DELIVERED,2026-04-23 02:44:01.300168
2055,35,6,,12000.0,DELIVERED,2026-05-07 21:33:01.300168
2056,88,4,,346000.0,DELIVERED,2026-05-07 18:19:01.300168
2057,53,2,,363000.0,DELIVERED,2026-05-19 01:16:01.300168
2058,99,9,,40000.0,DELIVERED,2026-05-16 16:42:01.300168
2059,66,9,,30000.0,DELIVERED,2026-04-21 22:58:01.300168
2060,14,1,3.0,125000.0,DELIVERED,2026-05-11 17:58:01.300168
2061,8,2,,178000.0,CANCELLED,2026-05-14 23:18:01.300168
2062,46,3,,195000.0,DELIVERED,2026-05-08 14:19:01.300168
2063,50,7,2.0,112000.0,CANCELLED,2026-05-17 01:27:01.300168
2064,28,1,,215000.0,DELIVERED,2026-04-20 15:03:01.300168
2065,59,9,,225000.0,DELIVERED,2026-05-16 02:04:01.300168
2066,45,4,,586000.0,DELIVERED,2026-04-28 00:44:01.300168
2067,47,1,1.0,195000.0,DELIVERED,2026-05-08 03:56:01.300168
2068,8,10,,120000.0,PENDING,2026-05-19 05:03:01.300168
2069,33,7,2.0,80000.0,CANCELLED,2026-05-11 06:25:01.300168
2070,41,9,,195000.0,DELIVERED,2026-04-30 20:03:01.300168
2071,3,3,,120000.0,DELIVERED,2026-04-30 08:19:01.300168
2072,55,7,,7000.0,DELIVERED,2026-05-01 01:38:01.300168
2073,36,6,,151000.0,DELIVERED,2026-05-12 09:29:01.300168
2074,67,8,3.0,35000.0,DELIVERED,2026-04-21 04:48:01.300168
2075,96,2,,19000.0,CANCELLED,2026-05-04 00:26:01.300168
2076,81,2,,322000.0,DELIVERED,2026-04-19 18:29:01.300168
2077,84,9,,45000.0,DELIVERED,2026-05-15 07:07:01.300168
2078,40,5,,441000.0,CANCELLED,2026-04-24 10:18:01.300168
2079,3,4,,805000.0,DELIVERED,2026-05-08 10:06:01.300168
2080,42,1,,15000.0,DELIVERED,2026-04-25 04:19:01.300168
2081,96,10,1.0,162000.0,CANCELLED,2026-04-27 03:53:01.300168
2082,66,1,,65000.0,CANCELLED,2026-05-10 21:34:01.300168
2083,26,7,,172000.0,DELIVERED,2026-05-09 02:56:01.300168
2084,54,5,,230000.0,CANCELLED,2026-04-23 09:21:01.300168
2085,71,4,,953000.0,DELIVERED,2026-05-09 13:25:01.300168
2086,12,9,3.0,35000.0,DELIVERED,2026-05-04 17:11:01.300168
2087,29,1,1.0,185000.0,DELIVERED,2026-05-02 06:20:01.300168
2088,98,5,,211000.0,DELIVERED,2026-04-25 11:50:01.300168
2089,83,2,3.0,112000.0,CANCELLED,2026-04-22 15:32:01.300168
2090,69,8,,95000.0,DELIVERED,2026-05-14 09:51:01.300168
2091,31,1,,205000.0,DELIVERED,2026-04-25 13:17:01.300168
2092,8,8,,120000.0,DELIVERED,2026-04-21 22:13:01.300168
2093,56,6,,85000.0,DELIVERED,2026-05-05 08:32:01.300168
2094,9,10,,567000.0,DELIVERED,2026-05-12 15:30:01.300168
2095,97,8,,85000.0,DELIVERED,2026-04-25 20:12:01.300168
2096,38,9,,55000.0,DELIVERED,2026-05-06 15:49:01.300168
2097,28,1,,15000.0,DELIVERED,2026-05-08 20:52:01.300168
2098,45,8,,40000.0,DELIVERED,2026-05-19 13:20:01.300168
2099,62,1,,340000.0,DELIVERED,2026-05-19 16:41:01.300168
2100,67,8,2.0,96000.0,DELIVERED,2026-05-03 04:30:01.300168
2101,82,5,,337000.0,CANCELLED,2026-05-17 13:01:01.300168
2102,32,3,3.0,105000.0,DELIVERED,2026-05-04 08:09:01.300168
2103,62,5,2.0,88000.0,DELIVERED,2026-04-27 03:49:01.300168
2104,97,7,,210000.0,DELIVERED,2026-04-23 15:00:01.300168
2105,99,3,,75000.0,DELIVERED,2026-05-02 05:17:01.300168
2106,91,6,,121000.0,DELIVERED,2026-04-29 04:27:01.300168
2107,7,10,,768000.0,DELIVERED,2026-05-15 04:03:01.300168
2108,65,9,1.0,117000.0,CANCELLED,2026-05-08 17:22:01.300168
2109,21,3,,15000.0,DELIVERED,2026-05-10 11:28:01.300168
2110,42,6,,12000.0,DELIVERED,2026-04-24 01:57:01.300168
2111,53,9,1.0,67500.0,DELIVERED,2026-05-18 14:42:01.300168
2112,61,7,,91000.0,DELIVERED,2026-05-15 21:54:01.300168
2113,74,2,,106000.0,DELIVERED,2026-05-09 10:51:01.300168
2114,51,2,,204000.0,CANCELLED,2026-05-05 18:00:01.300168
2115,19,4,2.0,854000.0,DELIVERED,2026-05-01 01:17:01.300168
2116,88,4,,953000.0,DELIVERED,2026-05-02 18:47:01.300168
2117,47,8,1.0,205000.0,DELIVERED,2026-05-06 21:35:01.300168
2118,2,8,,80000.0,CANCELLED,2026-05-19 09:27:01.300168
2119,27,3,,120000.0,DELIVERED,2026-05-15 22:54:01.300168
2120,22,1,,75000.0,DELIVERED,2026-04-30 08:19:01.300168
2121,22,3,,135000.0,DELIVERED,2026-05-17 19:45:01.300168
2122,86,3,,205000.0,DELIVERED,2026-04-28 12:23:01.300168
2123,60,7,,14000.0,DELIVERED,2026-05-06 21:38:01.300168
2124,87,10,1.0,757000.0,DELIVERED,2026-04-29 12:25:01.300168
2125,40,2,2.0,284000.0,DELIVERED,2026-05-08 20:12:01.300168
2126,28,9,,315000.0,DELIVERED,2026-05-04 17:36:01.300168
2127,18,2,,382000.0,PENDING,2026-04-28 04:22:01.300168
2128,39,10,,170000.0,DELIVERED,2026-05-18 17:05:01.300168
2129,3,10,,607000.0,DELIVERED,2026-05-04 07:19:01.300168
2130,97,7,,169000.0,CANCELLED,2026-05-11 14:14:01.300168
2131,31,4,2.0,515000.0,DELIVERED,2026-05-05 04:44:01.300168
2132,68,6,3.0,42000.0,CANCELLED,2026-04-27 13:37:01.300168
2133,59,4,,833000.0,DELIVERED,2026-05-19 17:08:01.300168
2134,95,7,,29000.0,DELIVERED,2026-05-10 07:52:01.300168
2135,86,4,,438000.0,DELIVERED,2026-05-03 19:23:01.300168
2136,42,9,,90000.0,DELIVERED,2026-05-17 10:47:01.300168
2137,49,8,,120000.0,DELIVERED,2026-04-30 10:18:01.300168
2138,15,3,,20000.0,CANCELLED,2026-04-21 17:12:01.300168
2139,39,6,,134000.0,DELIVERED,2026-05-05 18:40:01.300168
2140,94,2,,214000.0,DELIVERED,2026-05-02 17:52:01.300168
2141,55,7,,131000.0,DELIVERED,2026-05-17 17:59:01.300168
2142,42,7,,110000.0,CANCELLED,2026-05-16 19:27:01.300168
2143,27,7,,69000.0,DELIVERED,2026-05-08 09:56:01.300168
2144,65,9,,170000.0,DELIVERED,2026-05-08 10:01:01.300168
2145,77,7,,99000.0,DELIVERED,2026-05-14 07:23:01.300168
2146,90,8,,180000.0,DELIVERED,2026-04-22 18:19:01.300168
2147,46,2,,178000.0,DELIVERED,2026-04-27 20:35:01.300168
2148,36,9,3.0,115000.0,DELIVERED,2026-05-12 16:50:01.300168
2149,54,10,,579000.0,DELIVERED,2026-05-10 13:43:01.300168
2150,46,6,3.0,20000.0,DELIVERED,2026-05-15 22:46:01.300168
2151,94,4,,246000.0,DELIVERED,2026-04-25 13:00:01.300168
2152,50,6,,134000.0,DELIVERED,2026-05-02 23:48:01.300168
2153,25,6,,62000.0,DELIVERED,2026-04-27 08:15:01.300168
2154,20,2,1.0,78300.0,DELIVERED,2026-05-13 14:02:01.300168
2155,72,6,,76000.0,DELIVERED,2026-05-12 06:36:01.300168
2156,20,2,1.0,52200.0,DELIVERED,2026-05-11 06:09:01.300168
2157,69,9,1.0,45000.0,CANCELLED,2026-04-25 16:35:01.300168
2158,13,6,,70000.0,DELIVERED,2026-05-03 23:02:01.300168
2159,87,7,,110000.0,DELIVERED,2026-04-26 05:10:01.300168
2160,43,2,,29000.0,PENDING,2026-04-25 22:47:01.300168
2161,29,3,,210000.0,DELIVERED,2026-05-02 15:28:01.300168
2162,53,4,3.0,669000.0,DELIVERED,2026-05-01 16:43:01.300168
2163,28,5,3.0,275000.0,PENDING,2026-05-15 00:16:01.300168
2164,85,2,,267000.0,DELIVERED,2026-05-16 09:03:01.300168
2165,43,3,,170000.0,DELIVERED,2026-05-11 05:16:01.300168
2166,26,6,,70000.0,DELIVERED,2026-04-24 02:58:01.300168
2167,50,5,,107000.0,DELIVERED,2026-05-12 03:15:01.300168
2168,35,8,,15000.0,PENDING,2026-05-08 16:49:01.300168
2169,29,9,,235000.0,DELIVERED,2026-05-02 19:26:01.300168
2170,68,9,,155000.0,DELIVERED,2026-04-30 13:11:01.300168
2171,74,1,2.0,156000.0,PENDING,2026-04-25 08:17:01.300168
2172,57,8,,30000.0,DELIVERED,2026-05-08 09:56:01.300168
2173,10,2,2.0,246000.0,DELIVERED,2026-05-09 17:46:01.300168
2174,56,9,3.0,180000.0,DELIVERED,2026-05-09 15:24:01.300168
2175,5,10,,877000.0,CANCELLED,2026-04-21 21:49:01.300168
2176,49,7,,45000.0,DELIVERED,2026-05-08 13:52:01.300168
2177,52,3,3.0,185000.0,CANCELLED,2026-04-22 08:21:01.300168
2178,26,5,1.0,371000.0,DELIVERED,2026-04-21 01:54:01.300168
2179,61,5,,165000.0,PENDING,2026-04-21 01:56:01.300168
2180,52,8,,30000.0,DELIVERED,2026-05-12 18:36:01.300168
2181,66,1,,210000.0,DELIVERED,2026-04-25 03:30:01.300168
2182,41,9,,25000.0,DELIVERED,2026-04-23 17:11:01.300168
2183,96,10,,270000.0,DELIVERED,2026-05-09 10:14:01.300168
2184,75,5,1.0,54000.0,CANCELLED,2026-05-01 02:59:01.300168
2185,67,3,,60000.0,CANCELLED,2026-05-09 09:52:01.300168
2186,82,5,,230000.0,DELIVERED,2026-04-22 02:40:01.300168
2187,39,10,1.0,162000.0,DELIVERED,2026-05-19 05:57:01.300168
2188,26,7,2.0,168000.0,PENDING,2026-05-02 03:45:01.300168
2189,33,2,,235000.0,DELIVERED,2026-05-12 21:40:01.300168
2190,69,9,3.0,15000.0,DELIVERED,2026-04-29 00:02:01.300168
2191,76,7,2.0,155200.0,DELIVERED,2026-04-29 02:29:01.300168
2192,64,5,2.0,132000.0,PENDING,2026-04-20 16:44:01.300168
2193,3,7,,85000.0,DELIVERED,2026-05-01 17:27:01.300168
2194,70,5,,120000.0,CANCELLED,2026-04-27 00:59:01.300168
2195,54,9,,285000.0,DELIVERED,2026-05-18 17:50:01.300168
2196,96,8,2.0,188000.0,DELIVERED,2026-05-02 03:22:01.300168
2197,46,4,3.0,34000.0,DELIVERED,2026-05-07 06:35:01.300168
2198,2,6,,5000.0,DELIVERED,2026-04-27 22:08:01.300168
2199,7,4,3.0,34000.0,CANCELLED,2026-04-23 15:53:01.300168
2200,86,4,,395000.0,DELIVERED,2026-04-21 02:16:01.300168
2201,53,10,,579000.0,DELIVERED,2026-05-03 17:53:01.300168
2202,24,10,,319000.0,CANCELLED,2026-04-26 02:29:01.300168
2203,61,2,,305000.0,DELIVERED,2026-05-19 13:56:01.300168
2204,38,1,2.0,235000.0,DELIVERED,2026-04-23 20:23:01.300168
2205,46,7,3.0,146000.0,DELIVERED,2026-05-04 19:57:01.300168
2206,34,6,3.0,72000.0,DELIVERED,2026-04-22 07:54:01.300168
2207,33,3,3.0,105000.0,DELIVERED,2026-05-15 15:46:01.300168
2208,77,6,,35000.0,DELIVERED,2026-04-25 04:06:01.300168
2209,54,2,,77000.0,CANCELLED,2026-05-03 06:36:01.300168
2210,93,6,1.0,94500.0,DELIVERED,2026-05-07 04:34:01.300168
2211,46,6,,99000.0,DELIVERED,2026-04-22 09:50:01.300168
2212,80,2,2.0,94400.0,DELIVERED,2026-05-05 03:54:01.300168
2213,65,5,2.0,180000.0,DELIVERED,2026-05-09 12:28:01.300168
2214,2,4,,148000.0,DELIVERED,2026-04-30 06:52:01.300168
2215,23,4,2.0,607000.0,DELIVERED,2026-04-22 07:18:01.300168
2216,29,2,1.0,160200.0,DELIVERED,2026-05-04 04:59:01.300168
2217,88,3,,70000.0,DELIVERED,2026-04-28 19:34:01.300168
2218,47,5,,345000.0,DELIVERED,2026-05-07 12:16:01.300168
2219,87,5,,224000.0,DELIVERED,2026-04-20 13:07:01.300168
2220,85,6,1.0,78300.0,DELIVERED,2026-05-16 15:12:01.300168
2221,55,1,,210000.0,DELIVERED,2026-04-22 13:34:01.300168
2222,94,4,,755000.0,DELIVERED,2026-05-04 20:40:01.300168
2223,59,5,,162000.0,DELIVERED,2026-04-26 00:57:01.300168
2224,31,6,,10000.0,CANCELLED,2026-04-29 00:17:01.300168
2225,43,1,1.0,260000.0,DELIVERED,2026-04-25 12:32:01.300168
2226,8,10,,768000.0,DELIVERED,2026-05-11 23:22:01.300168
2227,14,2,,19000.0,DELIVERED,2026-04-30 17:01:01.300168
2228,3,2,1.0,112500.0,DELIVERED,2026-04-27 16:32:01.300168
2229,53,7,2.0,88000.0,DELIVERED,2026-04-28 15:02:01.300168
2230,100,2,3.0,163000.0,DELIVERED,2026-05-17 21:05:01.300168
2231,84,1,,280000.0,DELIVERED,2026-05-16 08:20:01.300168
2232,66,1,,140000.0,DELIVERED,2026-04-24 21:59:01.300168
2233,71,7,,45000.0,DELIVERED,2026-04-30 14:11:01.300168
2234,92,1,3.0,115000.0,DELIVERED,2026-04-27 19:09:01.300168
2235,95,8,,125000.0,DELIVERED,2026-05-16 23:09:01.300168
2236,82,1,,220000.0,DELIVERED,2026-04-20 05:05:01.300168
2237,90,1,,10000.0,DELIVERED,2026-05-11 15:31:01.300168
2238,43,10,,270000.0,PENDING,2026-05-02 07:25:01.300168
2239,8,7,,179000.0,DELIVERED,2026-05-06 15:23:01.300168
2240,82,1,,15000.0,DELIVERED,2026-04-24 14:44:01.300168
2241,79,7,,125000.0,DELIVERED,2026-04-25 18:24:01.300168
2242,93,8,3.0,215000.0,CANCELLED,2026-05-16 06:37:01.300168
2243,83,4,,438000.0,CANCELLED,2026-05-12 00:47:01.300168
2244,18,1,2.0,230000.0,DELIVERED,2026-04-26 01:28:01.300168
2245,33,2,1.0,114300.0,DELIVERED,2026-04-30 05:56:01.300168
2246,78,10,1.0,349000.0,DELIVERED,2026-05-07 21:59:01.300168
2247,37,9,2.0,235000.0,DELIVERED,2026-04-23 13:24:01.300168
2248,84,9,,65000.0,PENDING,2026-05-04 12:18:01.300168
2249,81,1,,80000.0,DELIVERED,2026-04-25 11:09:01.300168
2250,84,3,,150000.0,DELIVERED,2026-05-15 02:57:01.300168
2251,14,10,2.0,328000.0,DELIVERED,2026-05-11 04:18:01.300168
2252,76,8,3.0,15000.0,CANCELLED,2026-05-14 18:46:01.300168
2253,87,3,,195000.0,DELIVERED,2026-05-14 20:29:01.300168
2254,75,9,,195000.0,DELIVERED,2026-04-27 12:05:01.300168
2255,12,5,1.0,162000.0,DELIVERED,2026-05-19 01:28:01.300168
2256,48,10,,539000.0,DELIVERED,2026-05-02 23:26:01.300168
2257,57,3,,55000.0,DELIVERED,2026-05-15 16:06:01.300168
2258,95,6,,97000.0,DELIVERED,2026-05-12 05:02:01.300168
2259,16,9,,15000.0,CANCELLED,2026-05-07 16:53:01.300168
2260,12,10,,588000.0,DELIVERED,2026-04-21 11:31:01.300168
2261,81,8,2.0,220000.0,DELIVERED,2026-05-05 15:18:01.300168
2262,31,1,,345000.0,DELIVERED,2026-05-18 00:35:01.300168
2263,44,6,,151000.0,DELIVERED,2026-05-12 14:57:01.300168
2264,1,6,,24000.0,DELIVERED,2026-04-23 18:16:01.300168
2265,55,10,,229000.0,DELIVERED,2026-05-12 04:48:01.300168
2266,63,7,,70000.0,DELIVERED,2026-05-12 09:16:01.300168
2267,100,2,,353000.0,DELIVERED,2026-05-02 15:31:01.300168
2268,28,8,,150000.0,CANCELLED,2026-05-03 11:12:01.300168
2269,96,7,,139000.0,DELIVERED,2026-04-24 00:30:01.300168
2270,12,3,3.0,50000.0,CANCELLED,2026-04-29 05:24:01.300168
2271,15,3,2.0,108000.0,DELIVERED,2026-04-27 10:49:01.300168
2272,40,7,,110000.0,DELIVERED,2026-05-07 09:10:01.300168
2273,45,2,,29000.0,DELIVERED,2026-05-07 18:19:01.300168
2274,35,10,,130000.0,DELIVERED,2026-05-07 14:59:01.300168
2275,4,8,,195000.0,DELIVERED,2026-05-02 15:00:01.300168
2276,72,3,,180000.0,DELIVERED,2026-05-01 20:57:01.300168
2277,75,1,,135000.0,DELIVERED,2026-05-16 12:27:01.300168
2278,4,6,1.0,73800.0,CANCELLED,2026-04-23 01:34:01.300168
2279,79,4,,98000.0,DELIVERED,2026-04-23 07:33:01.300168
2280,21,10,,390000.0,DELIVERED,2026-05-14 14:09:01.300168
2281,90,4,,198000.0,DELIVERED,2026-04-30 15:34:01.300168
2282,88,10,,688000.0,DELIVERED,2026-05-17 16:00:01.300168
2283,84,7,,7000.0,PENDING,2026-05-06 00:31:01.300168
2284,92,3,,115000.0,DELIVERED,2026-05-07 03:52:01.300168
2285,42,1,1.0,67500.0,CANCELLED,2026-05-01 07:23:01.300168
2286,94,2,,226000.0,DELIVERED,2026-05-01 00:51:01.300168
2287,48,3,,75000.0,DELIVERED,2026-05-12 03:25:01.300168
2288,63,2,3.0,23000.0,DELIVERED,2026-05-08 02:10:01.300168
2289,11,5,,284000.0,DELIVERED,2026-05-18 00:59:01.300168
2290,45,6,3.0,67000.0,DELIVERED,2026-05-18 00:41:01.300168
2291,34,2,1.0,266000.0,DELIVERED,2026-05-16 12:36:01.300168
2292,53,9,2.0,210000.0,CANCELLED,2026-05-18 07:23:01.300168
2293,54,6,3.0,79000.0,CANCELLED,2026-05-07 09:11:01.300168
2294,82,10,,189000.0,PENDING,2026-04-27 18:16:01.300168
2295,68,4,,297000.0,DELIVERED,2026-04-23 08:18:01.300168
2296,82,1,2.0,112000.0,DELIVERED,2026-04-22 21:16:01.300168
2297,55,7,,37000.0,DELIVERED,2026-04-22 07:27:01.300168
2298,22,6,2.0,88800.0,DELIVERED,2026-04-24 03:45:01.300168
2299,6,10,,270000.0,DELIVERED,2026-04-23 10:35:01.300168
2300,45,7,,62000.0,CANCELLED,2026-04-23 07:15:01.300168
2301,18,3,,180000.0,CANCELLED,2026-05-15 01:05:01.300168
2302,96,7,3.0,124000.0,PENDING,2026-04-30 00:31:01.300168
2303,54,2,,267000.0,DELIVERED,2026-05-06 10:06:01.300168
2304,100,7,,15000.0,DELIVERED,2026-04-20 11:37:01.300168
2305,71,10,,539000.0,DELIVERED,2026-05-05 22:41:01.300168
2306,100,7,,202000.0,DELIVERED,2026-05-06 13:47:01.300168
2307,38,8,,165000.0,DELIVERED,2026-05-13 12:46:01.300168
2308,57,2,,255000.0,DELIVERED,2026-05-03 11:36:01.300168
2309,45,7,,29000.0,DELIVERED,2026-04-24 14:24:01.300168
2310,91,2,2.0,116800.0,DELIVERED,2026-04-26 19:11:01.300168
2311,79,7,1.0,131400.0,DELIVERED,2026-04-27 21:40:01.300168
2312,60,10,,877000.0,DELIVERED,2026-05-04 20:00:01.300168
2313,44,2,,195000.0,DELIVERED,2026-05-01 13:45:01.300168
2314,88,1,1.0,63000.0,DELIVERED,2026-04-23 13:38:01.300168
2315,7,2,3.0,23000.0,DELIVERED,2026-04-22 19:32:01.300168
2316,66,9,2.0,148000.0,DELIVERED,2026-05-10 01:40:01.300168
2317,35,3,,220000.0,DELIVERED,2026-05-16 10:05:01.300168
2318,71,1,,135000.0,DELIVERED,2026-05-02 05:20:01.300168
2319,65,10,,309000.0,PENDING,2026-04-20 10:25:01.300168
2320,39,8,,195000.0,DELIVERED,2026-04-27 13:05:01.300168
2321,91,2,,255000.0,DELIVERED,2026-05-16 17:48:01.300168
2322,95,8,2.0,176000.0,DELIVERED,2026-05-13 20:39:01.300168
2323,78,7,,14000.0,CANCELLED,2026-04-22 14:34:01.300168
2324,77,6,2.0,88000.0,DELIVERED,2026-05-11 07:04:01.300168
2325,37,7,3.0,110000.0,DELIVERED,2026-04-30 06:49:01.300168
2326,39,9,3.0,30000.0,CANCELLED,2026-04-29 23:08:01.300168
2327,99,5,,230000.0,DELIVERED,2026-04-22 19:00:01.300168
2328,61,10,,369000.0,PENDING,2026-04-21 13:56:01.300168
2329,31,4,,516000.0,DELIVERED,2026-04-27 16:38:01.300168
2330,50,6,1.0,72900.0,DELIVERED,2026-05-04 02:52:01.300168
2331,91,3,,215000.0,DELIVERED,2026-04-21 19:35:01.300168
2332,50,7,,45000.0,DELIVERED,2026-05-02 13:07:01.300168
2333,6,3,,130000.0,DELIVERED,2026-05-13 04:04:01.300168
2334,17,3,,110000.0,DELIVERED,2026-05-15 08:24:01.300168
2335,94,6,,12000.0,CANCELLED,2026-04-29 22:18:01.300168
2336,63,7,,15000.0,DELIVERED,2026-05-01 17:13:01.300168
2337,86,2,,58000.0,DELIVERED,2026-04-28 00:05:01.300168
2338,29,8,,190000.0,DELIVERED,2026-05-09 17:40:01.300168
2339,15,8,,155000.0,DELIVERED,2026-04-27 06:52:01.300168
2340,1,2,,57000.0,DELIVERED,2026-04-27 09:10:01.300168
2341,9,1,,200000.0,DELIVERED,2026-05-07 14:23:01.300168
2342,13,9,3.0,105000.0,DELIVERED,2026-05-15 07:30:01.300168
2343,44,2,,96000.0,DELIVERED,2026-05-14 12:56:01.300168
2344,47,9,3.0,170000.0,DELIVERED,2026-05-06 05:47:01.300168
2345,59,8,1.0,245000.0,DELIVERED,2026-04-22 02:44:01.300168
2346,91,4,,657000.0,DELIVERED,2026-04-22 02:03:01.300168
2347,70,6,,29000.0,DELIVERED,2026-05-13 11:14:01.300168
2348,53,4,2.0,705000.0,PENDING,2026-05-18 02:46:01.300168
2349,30,9,,265000.0,DELIVERED,2026-05-06 06:32:01.300168
2350,37,8,,215000.0,CANCELLED,2026-04-30 19:28:01.300168
2351,48,10,2.0,151200.0,DELIVERED,2026-05-16 15:25:01.300168
2352,97,5,,342000.0,DELIVERED,2026-05-08 15:48:01.300168
2353,48,6,1.0,72900.0,PENDING,2026-04-30 14:01:01.300168
2354,4,8,,80000.0,DELIVERED,2026-05-01 04:40:01.300168
2355,97,6,,35000.0,DELIVERED,2026-04-25 23:57:01.300168
2356,86,7,,165000.0,PENDING,2026-05-15 18:41:01.300168
2357,17,8,,315000.0,DELIVERED,2026-05-09 01:21:01.300168
2358,95,2,,185000.0,DELIVERED,2026-04-23 03:08:01.300168
2359,16,9,,120000.0,DELIVERED,2026-05-11 04:38:01.300168
2360,92,9,,45000.0,DELIVERED,2026-05-04 12:03:01.300168
2361,59,6,1.0,89100.0,DELIVERED,2026-05-15 02:51:01.300168
2362,98,5,,394000.0,DELIVERED,2026-04-26 14:19:01.300168
2363,89,1,1.0,180000.0,DELIVERED,2026-05-01 16:06:01.300168
2364,14,6,,47000.0,DELIVERED,2026-05-04 05:05:01.300168
2365,9,10,,90000.0,DELIVERED,2026-05-07 23:58:01.300168
2366,36,2,,296000.0,DELIVERED,2026-05-18 11:46:01.300168
2367,41,2,,334000.0,DELIVERED,2026-05-14 05:59:01.300168
2368,19,10,3.0,772000.0,DELIVERED,2026-05-05 18:09:01.300168
2369,60,1,,5000.0,DELIVERED,2026-05-11 08:59:01.300168
2370,21,7,,201000.0,DELIVERED,2026-04-19 20:45:01.300168
2371,46,9,,155000.0,DELIVERED,2026-04-28 04:43:01.300168
2372,91,3,3.0,105000.0,DELIVERED,2026-04-28 18:21:01.300168
2373,49,2,,58000.0,DELIVERED,2026-04-29 09:22:01.300168
2374,69,3,,250000.0,DELIVERED,2026-05-09 00:11:01.300168
2375,69,5,,222000.0,DELIVERED,2026-04-26 21:11:01.300168
2376,37,5,,60000.0,CANCELLED,2026-04-22 05:13:01.300168
2377,19,2,,344000.0,DELIVERED,2026-05-15 19:52:01.300168
2378,18,8,1.0,225000.0,DELIVERED,2026-04-21 12:14:01.300168
2379,71,3,2.0,200000.0,DELIVERED,2026-05-11 17:47:01.300168
2380,99,9,3.0,205000.0,CANCELLED,2026-05-07 11:33:01.300168
2381,85,1,,350000.0,DELIVERED,2026-05-05 09:07:01.300168
2382,84,7,,125000.0,DELIVERED,2026-04-30 02:27:01.300168
2383,62,5,2.0,188000.0,DELIVERED,2026-05-03 11:06:01.300168
2384,71,9,,275000.0,CANCELLED,2026-05-11 20:48:01.300168
2385,39,4,,444000.0,CANCELLED,2026-05-07 02:35:01.300168
2386,84,1,,210000.0,CANCELLED,2026-05-16 02:13:01.300168
2387,18,1,,65000.0,DELIVERED,2026-04-24 08:35:01.300168
2388,89,3,,70000.0,DELIVERED,2026-05-08 07:25:01.300168
2389,17,4,,784000.0,DELIVERED,2026-05-04 05:26:01.300168
2390,2,7,1.0,131400.0,CANCELLED,2026-05-01 00:33:01.300168
2391,56,4,2.0,684000.0,DELIVERED,2026-05-18 07:23:01.300168
2392,95,10,,607000.0,DELIVERED,2026-05-12 11:21:01.300168
2393,78,2,,19000.0,DELIVERED,2026-04-25 00:13:01.300168
2394,53,2,,255000.0,DELIVERED,2026-05-02 19:00:01.300168
2395,31,9,3.0,30000.0,DELIVERED,2026-04-22 04:23:01.300168
2396,71,10,,648000.0,DELIVERED,2026-05-14 03:40:01.300168
2397,38,3,3.0,120000.0,DELIVERED,2026-04-27 20:32:01.300168
2398,51,9,,220000.0,CANCELLED,2026-04-25 20:46:01.300168
2399,30,1,,15000.0,DELIVERED,2026-04-19 23:37:01.300168
2400,26,8,,15000.0,DELIVERED,2026-05-11 14:31:01.300168
2401,33,4,1.0,565000.0,DELIVERED,2026-05-03 05:35:01.300168
2402,69,3,1.0,135000.0,DELIVERED,2026-05-09 08:57:01.300168
2403,70,5,3.0,272000.0,DELIVERED,2026-05-18 22:15:01.300168
2404,16,5,,331000.0,CANCELLED,2026-05-14 19:51:01.300168
2405,44,2,,118000.0,DELIVERED,2026-04-22 17:49:01.300168
2406,70,6,,71000.0,DELIVERED,2026-05-09 21:46:01.300168
2407,44,4,2.0,267000.0,CANCELLED,2026-05-10 18:57:01.300168
2408,71,1,,205000.0,CANCELLED,2026-05-11 21:41:01.300168
2409,61,4,1.0,982000.0,DELIVERED,2026-04-28 09:33:01.300168
2410,75,7,2.0,173600.0,DELIVERED,2026-05-13 22:57:01.300168
2411,54,4,,536000.0,DELIVERED,2026-05-14 02:28:01.300168
2412,58,5,1.0,317000.0,DELIVERED,2026-05-18 10:37:01.300168
2413,68,2,,19000.0,DELIVERED,2026-05-12 02:28:01.300168
2414,20,7,,14000.0,DELIVERED,2026-04-23 05:38:01.300168
2415,43,9,,250000.0,DELIVERED,2026-05-19 04:06:01.300168
2416,44,4,,147000.0,DELIVERED,2026-05-08 09:33:01.300168
2417,21,7,,70000.0,DELIVERED,2026-05-08 11:00:01.300168
2418,10,7,,36000.0,DELIVERED,2026-05-13 03:36:01.300168
2419,36,10,1.0,108000.0,DELIVERED,2026-05-04 07:05:01.300168
2420,34,6,,50000.0,DELIVERED,2026-05-08 20:42:01.300168
2421,92,1,1.0,255000.0,DELIVERED,2026-05-10 08:47:01.300168
2422,81,6,,141000.0,DELIVERED,2026-05-01 15:03:01.300168
2423,86,6,,111000.0,DELIVERED,2026-04-27 21:04:01.300168
2424,12,5,,326000.0,DELIVERED,2026-05-11 16:37:01.300168
2425,35,4,2.0,634000.0,CANCELLED,2026-04-20 03:22:01.300168
2426,12,1,,270000.0,DELIVERED,2026-04-21 05:42:01.300168
2427,98,2,,245000.0,DELIVERED,2026-05-16 03:39:01.300168
2428,89,6,,41000.0,DELIVERED,2026-04-23 17:44:01.300168
2429,14,9,,220000.0,DELIVERED,2026-05-13 20:03:01.300168
2430,65,9,,155000.0,DELIVERED,2026-04-24 14:37:01.300168
2431,88,8,1.0,81000.0,CANCELLED,2026-04-25 18:22:01.300168
2432,55,7,,172000.0,DELIVERED,2026-05-05 19:33:01.300168
2433,8,9,2.0,265000.0,PENDING,2026-05-18 14:01:01.300168
2434,46,4,,297000.0,DELIVERED,2026-04-29 15:50:01.300168
2435,81,5,,180000.0,DELIVERED,2026-05-03 09:32:01.300168
2436,9,10,,638000.0,DELIVERED,2026-05-16 15:15:01.300168
2437,76,5,,227000.0,DELIVERED,2026-05-17 13:33:01.300168
2438,20,7,,44000.0,DELIVERED,2026-04-21 16:40:01.300168
2439,34,3,,55000.0,DELIVERED,2026-04-26 21:36:01.300168
2440,52,9,,30000.0,DELIVERED,2026-05-19 12:56:01.300168
2441,90,3,,10000.0,PENDING,2026-04-30 17:33:01.300168
2442,55,6,,39000.0,DELIVERED,2026-05-18 12:29:01.300168
2443,78,1,,280000.0,DELIVERED,2026-05-04 19:48:01.300168
2444,79,8,,100000.0,DELIVERED,2026-04-24 19:44:01.300168
2445,81,9,3.0,185000.0,DELIVERED,2026-05-11 19:16:01.300168
2446,74,3,3.0,135000.0,DELIVERED,2026-04-25 03:05:01.300168
2447,31,2,,204000.0,DELIVERED,2026-04-22 15:04:01.300168
2448,13,8,,45000.0,DELIVERED,2026-04-25 05:10:01.300168
2449,26,4,,783000.0,DELIVERED,2026-05-12 05:56:01.300168
2450,89,3,,160000.0,DELIVERED,2026-04-29 08:38:01.300168
2451,71,9,,225000.0,DELIVERED,2026-04-23 02:30:01.300168
2452,81,6,3.0,56000.0,DELIVERED,2026-05-09 04:04:01.300168
2453,20,7,,30000.0,DELIVERED,2026-05-08 11:42:01.300168
2454,91,5,2.0,276000.0,DELIVERED,2026-05-09 08:53:01.300168
2455,95,4,1.0,665000.0,DELIVERED,2026-05-07 05:39:01.300168
2456,45,4,3.0,889000.0,DELIVERED,2026-05-09 17:55:01.300168
2457,22,6,1.0,53100.0,DELIVERED,2026-05-18 07:40:01.300168
2458,31,8,,215000.0,DELIVERED,2026-04-23 19:48:01.300168
2459,15,10,3.0,75000.0,DELIVERED,2026-05-11 08:58:01.300168
2460,69,5,,156000.0,DELIVERED,2026-05-05 05:18:01.300168
2461,37,8,,185000.0,DELIVERED,2026-05-08 05:41:01.300168
2462,22,1,1.0,121500.0,DELIVERED,2026-05-06 10:02:01.300168
2463,89,2,,58000.0,DELIVERED,2026-04-28 14:59:01.300168
2464,98,2,,284000.0,DELIVERED,2026-05-12 17:51:01.300168
2465,77,3,,60000.0,DELIVERED,2026-05-07 22:35:01.300168
2466,30,4,,684000.0,DELIVERED,2026-05-10 10:02:01.300168
2467,42,6,,15000.0,CANCELLED,2026-04-26 13:46:01.300168
2468,56,2,3.0,170000.0,DELIVERED,2026-04-26 15:38:01.300168
2469,31,5,2.0,89600.0,DELIVERED,2026-05-12 11:29:01.300168
2470,65,2,,207000.0,DELIVERED,2026-05-07 20:51:01.300168
2471,46,3,3.0,105000.0,CANCELLED,2026-05-12 19:14:01.300168
2472,35,9,,290000.0,DELIVERED,2026-05-05 17:03:01.300168
2473,1,8,,235000.0,CANCELLED,2026-05-02 15:52:01.300168
2474,100,7,,217000.0,DELIVERED,2026-05-12 10:55:01.300168
2475,48,1,,210000.0,DELIVERED,2026-04-28 08:42:01.300168
2476,75,3,,145000.0,CANCELLED,2026-05-02 11:04:01.300168
2477,74,8,1.0,215000.0,DELIVERED,2026-05-10 14:57:01.300168
2478,4,5,,227000.0,CANCELLED,2026-05-03 21:17:01.300168
2479,51,5,,336000.0,DELIVERED,2026-05-08 23:40:01.300168
2480,35,1,2.0,172000.0,DELIVERED,2026-05-12 17:48:01.300168
2481,81,2,,127000.0,DELIVERED,2026-04-25 21:56:01.300168
2482,66,8,,160000.0,CANCELLED,2026-05-05 11:06:01.300168
2483,14,6,,120000.0,DELIVERED,2026-04-26 21:15:01.300168
2484,72,1,,145000.0,DELIVERED,2026-05-02 09:58:01.300168
2485,4,10,,539000.0,DELIVERED,2026-04-28 19:09:01.300168
2486,69,7,,106000.0,DELIVERED,2026-05-10 01:34:01.300168
2487,21,3,3.0,45000.0,DELIVERED,2026-04-26 08:27:01.300168
2488,94,7,,124000.0,DELIVERED,2026-05-03 08:05:01.300168
2489,1,1,2.0,305000.0,CANCELLED,2026-05-15 15:35:01.300168
2490,62,1,,10000.0,DELIVERED,2026-05-06 05:16:01.300168
2491,10,6,,122000.0,CANCELLED,2026-04-26 17:06:01.300168
2492,89,2,1.0,112500.0,DELIVERED,2026-04-26 12:41:01.300168
2493,11,3,,120000.0,DELIVERED,2026-04-22 08:37:01.300168
2494,75,7,,66000.0,DELIVERED,2026-05-04 14:43:01.300168
2495,65,2,1.0,103500.0,DELIVERED,2026-04-22 17:53:01.300168
2496,47,10,,80000.0,CANCELLED,2026-05-06 17:17:01.300168
2497,3,3,,10000.0,DELIVERED,2026-04-30 14:26:01.300168
2498,19,1,2.0,112000.0,DELIVERED,2026-05-17 21:00:01.300168
2499,50,8,,250000.0,DELIVERED,2026-04-27 10:08:01.300168
2500,78,9,,245000.0,DELIVERED,2026-05-10 21:57:01.300168
2501,45,8,3.0,25000.0,DELIVERED,2026-05-17 01:36:01.300168
2502,48,5,,336000.0,DELIVERED,2026-05-06 11:02:01.300168
2503,70,3,3.0,90000.0,DELIVERED,2026-05-14 13:46:01.300168
2504,70,8,,160000.0,DELIVERED,2026-04-30 02:49:01.300168
2505,25,1,3.0,130000.0,DELIVERED,2026-04-20 23:19:01.300168
2506,35,10,,90000.0,DELIVERED,2026-05-03 01:42:01.300168
2507,98,6,,105000.0,DELIVERED,2026-05-15 22:49:01.300168
2508,52,8,2.0,104000.0,DELIVERED,2026-04-20 11:29:01.300168
2509,64,8,,15000.0,DELIVERED,2026-05-19 01:22:01.300168
2510,10,7,3.0,15000.0,CANCELLED,2026-05-17 17:55:01.300168
2511,27,10,3.0,165000.0,DELIVERED,2026-04-25 02:13:01.300168
2512,77,6,,15000.0,DELIVERED,2026-04-29 12:58:01.300168
2513,19,5,1.0,366000.0,DELIVERED,2026-05-14 15:45:01.300168
2514,38,10,,180000.0,CANCELLED,2026-05-09 19:53:01.300168
2515,34,5,1.0,311000.0,CANCELLED,2026-04-20 13:17:01.300168
2516,27,7,2.0,111200.0,DELIVERED,2026-05-05 19:11:01.300168
2517,58,3,3.0,235000.0,DELIVERED,2026-05-17 01:07:01.300168
2518,25,10,,369000.0,DELIVERED,2026-05-17 08:23:01.300168
2519,76,7,3.0,54000.0,DELIVERED,2026-04-19 22:48:01.300168
2520,8,8,1.0,185000.0,DELIVERED,2026-05-03 02:13:01.300168
2521,63,8,1.0,135000.0,DELIVERED,2026-04-27 11:08:01.300168
2522,89,7,,70000.0,DELIVERED,2026-05-19 13:54:01.300168
2523,15,3,1.0,108000.0,DELIVERED,2026-05-17 15:31:01.300168
2524,5,5,,224000.0,DELIVERED,2026-04-24 18:49:01.300168
2525,67,8,3.0,180000.0,DELIVERED,2026-05-16 00:02:01.300168
2526,3,7,3.0,15000.0,CANCELLED,2026-05-01 10:49:01.300168
2527,50,9,,80000.0,DELIVERED,2026-05-09 02:41:01.300168
2528,65,2,,185000.0,DELIVERED,2026-05-18 15:59:01.300168
2529,52,3,,60000.0,DELIVERED,2026-05-01 06:37:01.300168
2530,60,6,1.0,82800.0,DELIVERED,2026-04-22 22:01:01.300168
2531,17,6,,10000.0,DELIVERED,2026-04-23 14:03:01.300168
2532,74,3,,20000.0,DELIVERED,2026-05-02 11:56:01.300168
2533,99,3,3.0,20000.0,PENDING,2026-04-29 16:01:01.300168
2534,97,10,,449000.0,DELIVERED,2026-04-19 19:18:01.300168
2535,25,3,3.0,15000.0,DELIVERED,2026-05-18 23:29:01.300168
2536,24,5,,269000.0,DELIVERED,2026-04-24 03:49:01.300168
2537,10,10,3.0,444000.0,CANCELLED,2026-05-04 03:05:01.300168
2538,10,5,,501000.0,DELIVERED,2026-05-08 18:55:01.300168
2539,28,9,,160000.0,CANCELLED,2026-05-11 18:20:01.300168
2540,26,7,,161000.0,DELIVERED,2026-05-15 19:25:01.300168
2541,32,6,,99000.0,DELIVERED,2026-05-06 04:28:01.300168
2542,50,4,,585000.0,DELIVERED,2026-05-19 06:35:01.300168
2543,95,1,,80000.0,DELIVERED,2026-05-05 03:01:01.300168
2544,89,6,,24000.0,DELIVERED,2026-05-17 21:27:01.300168
2545,85,3,1.0,67500.0,PENDING,2026-04-29 00:44:01.300168
2546,70,5,,156000.0,DELIVERED,2026-04-23 07:49:01.300168
2547,31,1,,140000.0,DELIVERED,2026-04-24 19:56:01.300168
2548,33,2,,315000.0,DELIVERED,2026-04-25 19:49:01.300168
2549,5,10,,90000.0,DELIVERED,2026-04-20 13:37:01.300168
2550,79,1,,215000.0,DELIVERED,2026-04-25 21:57:01.300168
2551,6,5,,284000.0,DELIVERED,2026-05-15 23:58:01.300168
2552,29,2,,67000.0,DELIVERED,2026-05-04 01:42:01.300168
2553,87,7,,55000.0,DELIVERED,2026-05-05 01:40:01.300168
2554,55,4,,197000.0,DELIVERED,2026-05-02 12:46:01.300168
2555,25,8,,235000.0,DELIVERED,2026-04-27 01:54:01.300168
2556,95,1,,65000.0,DELIVERED,2026-04-24 18:04:01.300168
2557,95,8,,45000.0,DELIVERED,2026-05-03 03:03:01.300168
2558,82,7,1.0,175500.0,DELIVERED,2026-04-28 10:52:01.300168
2559,2,9,,115000.0,DELIVERED,2026-05-19 01:02:01.300168
2560,29,1,,10000.0,PENDING,2026-05-17 04:58:01.300168
2561,22,5,3.0,37000.0,CANCELLED,2026-04-30 15:42:01.300168
2562,41,4,,49000.0,DELIVERED,2026-04-22 10:40:01.300168
2563,20,1,,130000.0,DELIVERED,2026-05-13 01:17:01.300168
2564,100,9,3.0,15000.0,CANCELLED,2026-04-20 17:40:01.300168
2565,20,8,,120000.0,DELIVERED,2026-04-24 19:14:01.300168
2566,40,6,,45000.0,CANCELLED,2026-05-14 19:10:01.300168
2567,23,1,,140000.0,DELIVERED,2026-04-28 02:57:01.300168
2568,7,4,2.0,367000.0,DELIVERED,2026-04-30 09:10:01.300168
2569,16,10,,647000.0,DELIVERED,2026-05-06 18:37:01.300168
2570,76,6,1.0,99900.0,DELIVERED,2026-04-30 22:36:01.300168
2571,51,9,,275000.0,DELIVERED,2026-05-17 23:36:01.300168
2572,90,3,,185000.0,DELIVERED,2026-04-29 00:43:01.300168
2573,92,9,3.0,170000.0,DELIVERED,2026-04-23 11:30:01.300168
2574,39,6,,12000.0,DELIVERED,2026-05-12 20:17:01.300168
2575,81,4,3.0,34000.0,DELIVERED,2026-05-04 09:24:01.300168
2576,60,7,,162000.0,CANCELLED,2026-04-23 10:21:01.300168
2577,17,6,,129000.0,DELIVERED,2026-05-11 18:59:01.300168
2578,35,1,,65000.0,DELIVERED,2026-05-09 08:35:01.300168
2579,37,3,3.0,110000.0,DELIVERED,2026-05-01 19:02:01.300168
2580,75,2,1.0,264000.0,CANCELLED,2026-05-03 22:18:01.300168
2581,68,8,,125000.0,DELIVERED,2026-04-24 01:22:01.300168
2582,22,6,,34000.0,DELIVERED,2026-04-23 11:40:01.300168
2583,30,10,3.0,552000.0,DELIVERED,2026-04-24 21:08:01.300168
2584,47,9,3.0,195000.0,DELIVERED,2026-05-13 03:07:01.300168
2585,24,5,,449000.0,CANCELLED,2026-04-24 22:26:01.300168
2586,76,10,,189000.0,DELIVERED,2026-05-05 21:25:01.300168
2587,60,8,,80000.0,DELIVERED,2026-04-25 19:36:01.300168
2588,85,3,,240000.0,DELIVERED,2026-04-24 20:22:01.300168
2589,33,2,2.0,188800.0,PENDING,2026-05-10 12:27:01.300168
2590,66,8,,300000.0,DELIVERED,2026-05-18 08:04:01.300168
2591,91,1,,210000.0,DELIVERED,2026-05-04 16:49:01.300168
2592,66,9,3.0,15000.0,DELIVERED,2026-04-27 11:58:01.300168
2593,80,2,2.0,115200.0,PENDING,2026-05-06 01:56:01.300168
2594,34,8,,265000.0,DELIVERED,2026-05-17 15:09:01.300168
2595,40,10,,189000.0,DELIVERED,2026-05-18 21:14:01.300168
2596,74,9,2.0,192000.0,DELIVERED,2026-05-15 05:33:01.300168
2597,55,6,,117000.0,DELIVERED,2026-05-05 05:31:01.300168
2598,72,9,,75000.0,DELIVERED,2026-04-25 00:06:01.300168
2599,75,10,2.0,300000.0,DELIVERED,2026-05-15 23:55:01.300168
2600,67,5,1.0,202000.0,DELIVERED,2026-05-15 11:47:01.300168
2601,62,1,2.0,172000.0,DELIVERED,2026-04-25 11:58:01.300168
2602,11,9,,15000.0,PENDING,2026-04-21 18:30:01.300168
2603,59,3,3.0,110000.0,DELIVERED,2026-05-04 05:59:01.300168
2604,7,3,,35000.0,DELIVERED,2026-04-30 07:56:01.300168
2605,93,6,,85000.0,DELIVERED,2026-05-05 01:47:01.300168
2606,88,9,2.0,192000.0,DELIVERED,2026-05-16 16:16:01.300168
2607,78,10,,260000.0,DELIVERED,2026-05-19 01:43:01.300168
2608,85,8,3.0,50000.0,DELIVERED,2026-04-23 14:57:01.300168
2609,47,2,,86000.0,DELIVERED,2026-04-28 03:51:01.300168
2610,69,1,,135000.0,DELIVERED,2026-05-07 10:44:01.300168
2611,15,9,1.0,45000.0,DELIVERED,2026-05-04 23:37:01.300168
2612,23,2,,185000.0,PENDING,2026-04-20 22:31:01.300168
2613,4,5,,115000.0,DELIVERED,2026-05-11 10:51:01.300168
2614,15,10,1.0,250000.0,DELIVERED,2026-04-20 19:53:01.300168
2615,64,7,,154000.0,DELIVERED,2026-05-02 08:04:01.300168
2616,52,10,3.0,592000.0,DELIVERED,2026-05-09 20:48:01.300168
2617,80,10,,558000.0,DELIVERED,2026-05-08 19:51:01.300168
2618,4,3,,15000.0,DELIVERED,2026-04-28 09:40:01.300168
2619,77,9,,30000.0,DELIVERED,2026-05-01 04:08:01.300168
2620,6,5,1.0,301000.0,DELIVERED,2026-04-20 07:10:01.300168
2621,30,1,1.0,72000.0,DELIVERED,2026-05-16 07:58:01.300168
2622,76,9,,270000.0,DELIVERED,2026-05-18 07:41:01.300168
2623,51,3,2.0,196000.0,DELIVERED,2026-05-12 08:59:01.300168
2624,60,2,,29000.0,DELIVERED,2026-04-27 00:04:01.300168
2625,75,1,,210000.0,DELIVERED,2026-05-07 07:58:01.300168
2626,53,8,,250000.0,DELIVERED,2026-04-28 07:54:01.300168
2627,35,9,,65000.0,DELIVERED,2026-05-16 20:58:01.300168
2628,67,2,2.0,243000.0,DELIVERED,2026-05-14 10:55:01.300168
2629,65,8,1.0,85500.0,DELIVERED,2026-05-13 18:02:01.300168
2630,19,4,1.0,516000.0,DELIVERED,2026-05-13 04:01:01.300168
2631,78,1,,225000.0,DELIVERED,2026-05-07 18:38:01.300168
2632,51,7,,169000.0,DELIVERED,2026-05-11 17:52:01.300168
2633,77,6,,24000.0,DELIVERED,2026-04-23 03:51:01.300168
2634,77,10,3.0,255000.0,DELIVERED,2026-04-21 06:43:01.300168
2635,99,2,,19000.0,DELIVERED,2026-04-27 10:03:01.300168
2636,16,1,,285000.0,DELIVERED,2026-05-09 10:07:01.300168
2637,75,9,3.0,245000.0,DELIVERED,2026-05-16 03:55:01.300168
2638,73,8,2.0,96000.0,DELIVERED,2026-05-06 07:39:01.300168
2639,58,3,,30000.0,DELIVERED,2026-05-01 22:28:01.300168
2640,79,4,,657000.0,DELIVERED,2026-05-03 19:49:01.300168
2641,19,7,,155000.0,DELIVERED,2026-04-26 15:51:01.300168
2642,73,4,3.0,740000.0,CANCELLED,2026-05-15 06:12:01.300168
2643,80,2,,48000.0,DELIVERED,2026-05-01 15:52:01.300168
2644,22,3,,20000.0,DELIVERED,2026-05-11 08:56:01.300168
2645,8,3,,75000.0,DELIVERED,2026-05-08 23:27:01.300168
2646,11,4,,148000.0,DELIVERED,2026-04-23 13:13:01.300168
2647,26,5,,112000.0,DELIVERED,2026-04-23 11:04:01.300168
2648,13,7,,217000.0,DELIVERED,2026-04-28 07:09:01.300168
2649,42,8,,120000.0,DELIVERED,2026-05-03 10:57:01.300168
2650,76,3,1.0,99000.0,DELIVERED,2026-05-12 00:49:01.300168
2651,29,10,,229000.0,DELIVERED,2026-05-02 01:33:01.300168
2652,79,3,,170000.0,DELIVERED,2026-05-07 20:23:01.300168
2653,68,10,3.0,165000.0,DELIVERED,2026-05-06 20:59:01.300168
2654,70,1,,275000.0,DELIVERED,2026-04-20 01:43:01.300168
2655,65,1,,350000.0,CANCELLED,2026-05-09 16:25:01.300168
2656,85,7,,172000.0,DELIVERED,2026-04-30 21:55:01.300168
2657,39,1,,280000.0,DELIVERED,2026-04-22 22:10:01.300168
2658,56,2,,146000.0,DELIVERED,2026-04-21 21:13:01.300168
2659,34,7,3.0,15000.0,DELIVERED,2026-04-20 04:59:01.300168
2660,84,1,,210000.0,CANCELLED,2026-05-10 23:32:01.300168
2661,21,1,,285000.0,DELIVERED,2026-05-05 11:14:01.300168
2662,81,2,,38000.0,DELIVERED,2026-04-28 11:09:01.300168
2663,90,10,3.0,524000.0,DELIVERED,2026-05-05 12:14:01.300168
2664,41,8,,315000.0,DELIVERED,2026-05-10 01:41:01.300168
2665,87,4,2.0,247000.0,DELIVERED,2026-05-16 01:42:01.300168
2666,80,2,,411000.0,DELIVERED,2026-04-20 09:52:01.300168
2667,24,5,3.0,40000.0,DELIVERED,2026-04-27 19:19:01.300168
2668,98,4,3.0,867000.0,DELIVERED,2026-05-04 15:39:01.300168
2669,40,3,,225000.0,CANCELLED,2026-05-18 01:02:01.300168
2670,5,10,,260000.0,DELIVERED,2026-04-29 09:05:01.300168
2671,96,8,,135000.0,DELIVERED,2026-05-04 16:57:01.300168
2672,42,9,,65000.0,DELIVERED,2026-05-13 01:41:01.300168
2673,17,2,,265000.0,DELIVERED,2026-04-21 09:52:01.300168
2674,16,3,,60000.0,DELIVERED,2026-04-19 18:50:01.300168
2675,89,3,,250000.0,DELIVERED,2026-05-17 09:54:01.300168
2676,98,8,3.0,130000.0,DELIVERED,2026-05-07 14:04:01.300168
2677,22,6,,129000.0,DELIVERED,2026-04-22 00:30:01.300168
2678,35,6,,39000.0,DELIVERED,2026-05-13 01:17:01.300168
2679,44,9,,80000.0,DELIVERED,2026-04-30 21:03:01.300168
2680,57,1,,5000.0,DELIVERED,2026-04-20 22:29:01.300168
2681,59,2,,233000.0,DELIVERED,2026-05-15 00:08:01.300168
2682,45,10,,468000.0,CANCELLED,2026-05-03 12:49:01.300168
2683,48,9,,160000.0,DELIVERED,2026-04-24 21:22:01.300168
2684,13,1,1.0,63000.0,DELIVERED,2026-05-02 00:11:01.300168
2685,52,8,1.0,280000.0,DELIVERED,2026-05-01 15:59:01.300168
2686,93,9,3.0,15000.0,DELIVERED,2026-04-30 22:12:01.300168
2687,62,1,3.0,210000.0,PENDING,2026-05-17 22:08:01.300168
2688,42,9,,170000.0,DELIVERED,2026-04-21 10:27:01.300168
2689,78,9,,235000.0,DELIVERED,2026-04-24 14:44:01.300168
2690,86,9,,120000.0,DELIVERED,2026-05-05 20:32:01.300168
2691,80,9,,250000.0,DELIVERED,2026-04-21 15:10:01.300168
2692,35,5,3.0,314000.0,DELIVERED,2026-05-18 06:39:01.300168
2693,38,1,3.0,205000.0,DELIVERED,2026-05-15 17:36:01.300168
2694,8,2,3.0,81000.0,DELIVERED,2026-04-27 06:55:01.300168
2695,44,9,,90000.0,DELIVERED,2026-05-05 21:13:01.300168
2696,87,4,,756000.0,DELIVERED,2026-05-18 06:30:01.300168
2697,82,9,,130000.0,DELIVERED,2026-05-01 00:59:01.300168
2698,49,6,,15000.0,DELIVERED,2026-04-21 02:32:01.300168
2699,96,4,,833000.0,DELIVERED,2026-04-29 19:06:01.300168
2700,56,5,3.0,212000.0,DELIVERED,2026-05-15 03:20:01.300168
2701,18,8,,220000.0,CANCELLED,2026-04-22 19:48:01.300168
2702,88,1,,80000.0,PENDING,2026-04-25 13:49:01.300168
2703,30,6,1.0,118800.0,CANCELLED,2026-05-13 20:22:01.300168
2704,96,2,,19000.0,DELIVERED,2026-04-21 07:38:01.300168
2705,83,3,,85000.0,CANCELLED,2026-05-14 02:41:01.300168
2706,76,9,,235000.0,PENDING,2026-05-18 05:03:01.300168
2707,49,1,,140000.0,DELIVERED,2026-05-12 13:44:01.300168
2708,18,8,,205000.0,DELIVERED,2026-05-08 07:34:01.300168
2709,10,4,,657000.0,CANCELLED,2026-05-12 04:02:01.300168
2710,87,9,,195000.0,DELIVERED,2026-04-27 00:45:01.300168
2711,82,2,,156000.0,DELIVERED,2026-04-30 20:23:01.300168
2712,13,5,2.0,339000.0,DELIVERED,2026-05-12 03:59:01.300168
2713,78,3,,15000.0,DELIVERED,2026-05-12 07:33:01.300168
2714,84,4,,395000.0,CANCELLED,2026-04-28 08:27:01.300168
2715,97,7,3.0,55000.0,DELIVERED,2026-05-15 18:42:01.300168
2716,78,2,,315000.0,DELIVERED,2026-05-15 04:32:01.300168
2717,36,10,3.0,344000.0,DELIVERED,2026-05-05 21:38:01.300168
2718,10,2,,156000.0,CANCELLED,2026-04-27 03:09:01.300168
2719,69,10,,279000.0,DELIVERED,2026-04-21 05:29:01.300168
2720,34,4,,953000.0,CANCELLED,2026-05-17 22:51:01.300168
2721,14,10,,567000.0,CANCELLED,2026-05-08 20:20:01.300168
2722,89,6,,106000.0,DELIVERED,2026-05-09 00:18:01.300168
2723,68,1,1.0,190000.0,DELIVERED,2026-04-27 17:59:01.300168
2724,21,9,1.0,72000.0,DELIVERED,2026-05-02 05:37:01.300168
2725,97,7,,7000.0,DELIVERED,2026-05-14 09:09:01.300168
2726,6,2,,267000.0,DELIVERED,2026-05-03 04:06:01.300168
2727,15,1,,275000.0,DELIVERED,2026-04-30 01:08:01.300168
2728,33,10,,40000.0,PENDING,2026-04-30 09:40:01.300168
2729,16,6,3.0,106000.0,PENDING,2026-05-17 04:59:01.300168
2730,22,5,,216000.0,DELIVERED,2026-04-29 15:23:01.300168
2731,80,6,,111000.0,DELIVERED,2026-04-20 16:47:01.300168
2732,79,4,,516000.0,PENDING,2026-05-04 00:18:01.300168
2733,20,9,,95000.0,CANCELLED,2026-04-22 12:12:01.300168
2734,54,1,,10000.0,DELIVERED,2026-04-30 07:06:01.300168
2735,100,10,,399000.0,DELIVERED,2026-04-27 21:01:01.300168
2736,65,6,,36000.0,DELIVERED,2026-05-03 10:04:01.300168
2737,19,3,3.0,25000.0,DELIVERED,2026-04-25 13:18:01.300168
2738,33,5,,55000.0,DELIVERED,2026-05-09 04:40:01.300168
2739,81,4,,585000.0,DELIVERED,2026-04-30 02:22:01.300168
2740,27,8,,100000.0,DELIVERED,2026-05-03 00:07:01.300168
2741,27,8,,80000.0,DELIVERED,2026-05-03 13:09:01.300168
2742,33,3,3.0,55000.0,DELIVERED,2026-05-02 01:25:01.300168
2743,89,2,,382000.0,DELIVERED,2026-05-05 05:12:01.300168
2744,7,5,,277000.0,PENDING,2026-05-19 01:58:01.300168
2745,20,2,2.0,253000.0,DELIVERED,2026-05-04 04:52:01.300168
2746,73,3,,20000.0,DELIVERED,2026-05-10 00:13:01.300168
2747,88,9,3.0,15000.0,DELIVERED,2026-05-14 13:46:01.300168
2748,5,5,,397000.0,DELIVERED,2026-05-17 10:24:01.300168
2749,19,1,,285000.0,DELIVERED,2026-05-02 13:08:01.300168
2750,56,7,,125000.0,DELIVERED,2026-05-13 15:58:01.300168
2751,65,3,1.0,171000.0,DELIVERED,2026-04-24 22:58:01.300168
2752,28,9,,250000.0,DELIVERED,2026-05-01 01:14:01.300168
2753,58,6,1.0,99900.0,DELIVERED,2026-05-01 03:04:01.300168
2754,89,8,1.0,126000.0,DELIVERED,2026-05-17 07:39:01.300168
2755,56,10,,687000.0,DELIVERED,2026-05-03 19:02:01.300168
2756,81,3,,65000.0,DELIVERED,2026-05-11 19:07:01.300168
2757,4,4,,438000.0,DELIVERED,2026-05-01 16:46:01.300168
2758,98,2,3.0,250000.0,PENDING,2026-05-10 07:54:01.300168
2759,32,3,,180000.0,DELIVERED,2026-04-26 15:31:01.300168
2760,39,7,,30000.0,CANCELLED,2026-05-08 10:29:01.300168
2761,89,2,,324000.0,DELIVERED,2026-05-07 11:04:01.300168
2762,31,1,,270000.0,DELIVERED,2026-05-03 18:13:01.300168
2763,90,7,,91000.0,DELIVERED,2026-04-22 06:52:01.300168
2764,45,9,,130000.0,DELIVERED,2026-05-10 16:22:01.300168
2765,1,1,,405000.0,DELIVERED,2026-05-17 16:13:01.300168
2766,19,5,2.0,451000.0,DELIVERED,2026-05-12 21:13:01.300168
2767,18,7,,69000.0,DELIVERED,2026-05-11 13:42:01.300168
2768,27,3,,155000.0,DELIVERED,2026-05-01 03:38:01.300168
2769,89,7,,7000.0,DELIVERED,2026-04-19 19:54:01.300168
2770,54,9,,90000.0,DELIVERED,2026-04-26 02:15:01.300168
2771,46,1,,215000.0,DELIVERED,2026-05-11 03:37:01.300168
2772,98,9,,235000.0,DELIVERED,2026-05-06 01:26:01.300168
2773,96,2,,245000.0,DELIVERED,2026-05-08 03:01:01.300168
2774,73,7,,107000.0,DELIVERED,2026-05-06 12:35:01.300168
2775,43,2,,334000.0,DELIVERED,2026-05-16 05:23:01.300168
2776,8,3,1.0,103500.0,DELIVERED,2026-04-24 00:22:01.300168
2777,2,10,,210000.0,DELIVERED,2026-04-29 01:01:01.300168
2778,47,4,,657000.0,DELIVERED,2026-05-02 09:37:01.300168
2779,19,6,3.0,84000.0,DELIVERED,2026-04-20 18:16:01.300168
2780,88,7,,110000.0,DELIVERED,2026-05-07 09:48:01.300168
2781,65,6,,40000.0,CANCELLED,2026-05-09 18:28:01.300168
2782,71,6,1.0,66600.0,DELIVERED,2026-04-21 18:40:01.300168
2783,14,5,,110000.0,DELIVERED,2026-05-08 13:10:01.300168
2784,36,3,1.0,49500.0,DELIVERED,2026-05-10 12:52:01.300168
2785,58,5,,156000.0,DELIVERED,2026-05-02 16:08:01.300168
2786,22,1,3.0,195000.0,PENDING,2026-04-20 10:28:01.300168
2787,80,2,,87000.0,DELIVERED,2026-05-17 07:34:01.300168
2788,53,6,3.0,82000.0,DELIVERED,2026-05-02 15:53:01.300168
2789,73,4,2.0,535000.0,DELIVERED,2026-04-25 21:20:01.300168
2790,69,4,,805000.0,DELIVERED,2026-05-19 16:55:01.300168
2791,16,9,1.0,139500.0,DELIVERED,2026-05-01 09:51:01.300168
2792,48,10,,567000.0,DELIVERED,2026-05-10 17:57:01.300168
2793,94,9,1.0,72000.0,DELIVERED,2026-05-18 10:03:01.300168
2794,32,6,,12000.0,DELIVERED,2026-04-23 18:51:01.300168
2795,13,3,,70000.0,CANCELLED,2026-05-14 14:06:01.300168
2796,75,4,,565000.0,DELIVERED,2026-05-10 16:00:01.300168
2797,10,3,3.0,105000.0,DELIVERED,2026-05-14 05:36:01.300168
2798,42,1,,275000.0,DELIVERED,2026-05-18 12:49:01.300168
2799,51,6,,141000.0,DELIVERED,2026-05-19 03:08:01.300168
2800,5,5,2.0,89600.0,DELIVERED,2026-04-21 23:03:01.300168
2801,13,10,1.0,547000.0,DELIVERED,2026-05-07 14:36:01.300168
2802,4,3,3.0,200000.0,CANCELLED,2026-05-05 12:02:01.300168
2803,87,10,,588000.0,DELIVERED,2026-04-26 02:27:01.300168
2804,1,4,2.0,316000.0,CANCELLED,2026-04-22 10:58:01.300168
2805,66,9,,50000.0,DELIVERED,2026-05-17 01:58:01.300168
2806,37,9,,80000.0,DELIVERED,2026-04-30 16:09:01.300168
2807,16,8,,205000.0,DELIVERED,2026-05-10 20:17:01.300168
2808,3,9,,155000.0,DELIVERED,2026-05-12 14:05:01.300168
2809,89,7,,165000.0,DELIVERED,2026-05-17 12:21:01.300168
2810,23,7,2.0,144000.0,CANCELLED,2026-04-29 00:28:01.300168
2811,27,1,2.0,124000.0,DELIVERED,2026-05-13 18:01:01.300168
2812,22,10,,170000.0,DELIVERED,2026-05-13 07:08:01.300168
2813,24,1,1.0,255000.0,DELIVERED,2026-05-12 01:28:01.300168
2814,11,3,,5000.0,CANCELLED,2026-05-01 06:50:01.300168
2815,13,6,,71000.0,DELIVERED,2026-05-10 19:03:01.300168
2816,86,5,,104000.0,DELIVERED,2026-05-02 07:04:01.300168
2817,54,6,,62000.0,DELIVERED,2026-05-14 03:19:01.300168
2818,83,7,,187000.0,DELIVERED,2026-05-11 12:12:01.300168
2819,62,7,1.0,167400.0,DELIVERED,2026-05-11 12:50:01.300168
2820,80,6,,92000.0,DELIVERED,2026-05-14 18:19:01.300168
2821,6,9,1.0,139500.0,DELIVERED,2026-05-14 13:12:01.300168
2822,38,6,,156000.0,DELIVERED,2026-05-02 00:52:01.300168
2823,37,6,,144000.0,DELIVERED,2026-04-19 21:12:01.300168
2824,48,1,,15000.0,DELIVERED,2026-05-18 02:46:01.300168
2825,12,9,2.0,200000.0,CANCELLED,2026-04-26 17:00:01.300168
2826,90,8,1.0,265000.0,DELIVERED,2026-04-22 03:21:01.300168
2827,1,2,,108000.0,DELIVERED,2026-05-10 01:55:01.300168
2828,40,6,1.0,108000.0,DELIVERED,2026-05-05 01:17:01.300168
2829,82,8,2.0,120000.0,PENDING,2026-05-10 15:17:01.300168
2830,53,4,,1002000.0,DELIVERED,2026-05-16 08:24:01.300168
2831,28,8,2.0,152000.0,DELIVERED,2026-05-15 12:54:01.300168
2832,75,7,,139000.0,DELIVERED,2026-05-15 05:26:01.300168
2833,11,10,1.0,547000.0,DELIVERED,2026-05-14 14:24:01.300168
2834,96,3,1.0,54000.0,DELIVERED,2026-05-15 20:10:01.300168
2835,37,6,,59000.0,CANCELLED,2026-05-13 14:49:01.300168
2836,34,9,,160000.0,DELIVERED,2026-05-04 15:23:01.300168
2837,14,6,,62000.0,DELIVERED,2026-05-19 12:31:01.300168
2838,10,6,3.0,36000.0,CANCELLED,2026-05-06 22:22:01.300168
2839,45,3,1.0,49500.0,DELIVERED,2026-05-18 22:16:01.300168
2840,36,7,3.0,22000.0,DELIVERED,2026-04-26 07:57:01.300168
2841,69,2,3.0,23000.0,DELIVERED,2026-05-16 19:49:01.300168
2842,40,2,,382000.0,CANCELLED,2026-05-07 11:44:01.300168
2843,81,9,1.0,72000.0,DELIVERED,2026-04-20 07:45:01.300168
2844,89,8,,135000.0,DELIVERED,2026-05-05 01:12:01.300168
2845,61,10,,80000.0,DELIVERED,2026-05-18 05:24:01.300168
2846,79,7,,125000.0,DELIVERED,2026-05-16 23:13:01.300168
2847,82,9,,45000.0,CANCELLED,2026-05-19 13:42:01.300168
2848,78,4,3.0,83000.0,DELIVERED,2026-05-01 22:33:01.300168
2849,31,10,3.0,484000.0,DELIVERED,2026-04-23 08:43:01.300168
2850,11,8,,235000.0,DELIVERED,2026-05-18 01:23:01.300168
2851,20,7,,100000.0,DELIVERED,2026-05-05 06:43:01.300168
2852,51,1,1.0,205000.0,DELIVERED,2026-05-05 10:01:01.300168
2853,15,10,3.0,75000.0,DELIVERED,2026-05-15 22:48:01.300168
2854,94,9,,130000.0,CANCELLED,2026-05-07 16:55:01.300168
2855,55,3,,60000.0,DELIVERED,2026-04-21 15:04:01.300168
2856,78,7,,29000.0,DELIVERED,2026-04-20 15:14:01.300168
2857,35,5,1.0,215000.0,DELIVERED,2026-04-24 15:45:01.300168
2858,71,3,2.0,180000.0,CANCELLED,2026-05-16 03:46:01.300168
2859,57,3,,235000.0,PENDING,2026-04-27 23:35:01.300168
2860,54,6,,27000.0,DELIVERED,2026-05-07 14:29:01.300168
2861,21,7,,14000.0,CANCELLED,2026-04-24 23:04:01.300168
2862,13,3,,15000.0,CANCELLED,2026-04-28 04:16:01.300168
2863,40,10,1.0,249000.0,CANCELLED,2026-04-27 01:02:01.300168
2864,25,2,,77000.0,DELIVERED,2026-05-05 06:46:01.300168
2865,75,8,,45000.0,DELIVERED,2026-04-29 09:29:01.300168
2866,49,7,,21000.0,DELIVERED,2026-04-28 11:59:01.300168
2867,79,7,1.0,182000.0,CANCELLED,2026-05-17 02:01:01.300168
2868,22,6,3.0,112000.0,PENDING,2026-04-20 14:42:01.300168
2869,18,3,2.0,160000.0,DELIVERED,2026-05-09 19:22:01.300168
2870,25,5,,337000.0,DELIVERED,2026-04-27 23:42:01.300168
2871,14,1,,210000.0,DELIVERED,2026-05-19 13:08:01.300168
2872,76,10,,180000.0,CANCELLED,2026-05-14 16:37:01.300168
2873,24,4,3.0,429000.0,CANCELLED,2026-05-14 07:45:01.300168
2874,86,2,,185000.0,DELIVERED,2026-05-18 00:15:01.300168
2875,60,2,,115000.0,DELIVERED,2026-04-25 17:00:01.300168
2876,24,10,,120000.0,DELIVERED,2026-05-03 11:30:01.300168
2877,52,6,,5000.0,CANCELLED,2026-05-15 08:08:01.300168
2878,47,6,,86000.0,DELIVERED,2026-05-09 23:23:01.300168
2879,57,6,,24000.0,DELIVERED,2026-05-12 17:50:01.300168
2880,97,8,,90000.0,DELIVERED,2026-04-24 12:33:01.300168
2881,90,10,,269000.0,PENDING,2026-05-12 17:25:01.300168
2882,36,4,2.0,656000.0,DELIVERED,2026-04-28 14:52:01.300168
2883,71,2,3.0,129000.0,DELIVERED,2026-05-17 22:32:01.300168
2884,16,8,3.0,15000.0,DELIVERED,2026-04-24 14:32:01.300168
2885,57,6,,35000.0,DELIVERED,2026-04-23 18:05:01.300168
2886,7,2,2.0,117600.0,CANCELLED,2026-04-27 05:22:01.300168
2887,29,3,1.0,235000.0,DELIVERED,2026-04-30 10:59:01.300168
2888,97,7,3.0,139000.0,PENDING,2026-05-03 23:04:01.300168
2889,42,2,,67000.0,DELIVERED,2026-05-09 05:26:01.300168
2890,90,4,,345000.0,DELIVERED,2026-05-15 12:11:01.300168
2891,77,8,,90000.0,DELIVERED,2026-05-09 01:51:01.300168
2892,2,4,,657000.0,DELIVERED,2026-05-09 01:32:01.300168
2893,74,5,2.0,286000.0,DELIVERED,2026-05-01 17:29:01.300168
2894,81,9,,260000.0,CANCELLED,2026-05-01 16:20:01.300168
2895,83,8,,245000.0,DELIVERED,2026-05-16 22:56:01.300168
2896,33,10,2.0,229000.0,DELIVERED,2026-05-09 01:03:01.300168
2897,56,1,,10000.0,DELIVERED,2026-05-09 08:46:01.300168
2898,52,5,3.0,256000.0,DELIVERED,2026-05-03 14:45:01.300168
2899,16,8,,315000.0,DELIVERED,2026-05-17 03:59:01.300168
2900,3,2,,19000.0,DELIVERED,2026-04-29 08:55:01.300168
2901,19,6,,97000.0,DELIVERED,2026-04-30 06:28:01.300168
2902,71,2,,236000.0,DELIVERED,2026-04-20 16:59:01.300168
2903,31,10,,579000.0,DELIVERED,2026-04-28 23:19:01.300168
2904,13,2,1.0,157500.0,DELIVERED,2026-05-05 04:59:01.300168
2905,44,5,,165000.0,DELIVERED,2026-05-07 14:27:01.300168
2906,12,8,,275000.0,DELIVERED,2026-04-30 06:19:01.300168
2907,92,4,,247000.0,DELIVERED,2026-04-21 17:36:01.300168
2908,79,6,3.0,19000.0,DELIVERED,2026-05-15 17:38:01.300168
2909,42,1,,80000.0,DELIVERED,2026-05-04 14:12:01.300168
2910,92,4,,833000.0,DELIVERED,2026-05-01 18:18:01.300168
2911,86,2,,353000.0,DELIVERED,2026-04-29 02:37:01.300168
2912,80,1,2.0,230000.0,CANCELLED,2026-04-26 07:05:01.300168
2913,82,5,,391000.0,DELIVERED,2026-05-05 11:18:01.300168
2914,98,1,,85000.0,DELIVERED,2026-05-05 16:17:01.300168
2915,5,7,,59000.0,DELIVERED,2026-04-25 00:39:01.300168
2916,73,6,,97000.0,DELIVERED,2026-05-11 20:21:01.300168
2917,10,9,,210000.0,DELIVERED,2026-04-23 11:25:01.300168
2918,78,3,1.0,205000.0,DELIVERED,2026-05-16 22:47:01.300168
2919,51,10,,548000.0,DELIVERED,2026-04-27 11:44:01.300168
2920,55,7,,92000.0,DELIVERED,2026-04-21 11:07:01.300168
2921,100,9,,220000.0,DELIVERED,2026-04-28 14:09:01.300168
2922,85,10,1.0,280000.0,DELIVERED,2026-04-21 15:58:01.300168
2923,3,2,,108000.0,DELIVERED,2026-05-13 08:48:01.300168
2924,38,9,,235000.0,DELIVERED,2026-05-13 12:03:01.300168
2925,18,6,3.0,20000.0,DELIVERED,2026-05-08 10:40:01.300168
2926,68,8,,55000.0,DELIVERED,2026-05-06 18:28:01.300168
2927,75,3,,235000.0,CANCELLED,2026-04-29 10:00:01.300168
2928,96,3,,240000.0,CANCELLED,2026-05-14 15:41:01.300168
2929,55,8,,265000.0,DELIVERED,2026-05-03 00:48:01.300168
2930,76,9,,25000.0,DELIVERED,2026-05-14 09:34:01.300168
2931,68,9,3.0,270000.0,CANCELLED,2026-05-16 13:36:01.300168
2932,99,8,,50000.0,CANCELLED,2026-05-07 08:48:01.300168
2933,14,8,,125000.0,DELIVERED,2026-04-27 10:13:01.300168
2934,86,6,,15000.0,DELIVERED,2026-05-11 00:41:01.300168
2935,49,4,1.0,325000.0,DELIVERED,2026-04-29 06:53:01.300168
2936,85,9,,130000.0,DELIVERED,2026-04-24 05:03:01.300168
2937,36,6,,59000.0,CANCELLED,2026-05-10 15:36:01.300168
2938,89,10,,489000.0,DELIVERED,2026-04-25 21:05:01.300168
2939,97,4,,219000.0,CANCELLED,2026-05-02 08:37:01.300168
2940,63,5,,110000.0,DELIVERED,2026-04-26 12:16:01.300168
2941,21,1,,280000.0,CANCELLED,2026-04-26 06:53:01.300168
2942,77,4,,636000.0,DELIVERED,2026-04-21 20:50:01.300168
2943,36,1,,75000.0,DELIVERED,2026-04-22 18:49:01.300168
2944,92,10,3.0,552000.0,DELIVERED,2026-04-20 10:05:01.300168
2945,37,4,,198000.0,DELIVERED,2026-04-26 23:44:01.300168
2946,79,1,,280000.0,DELIVERED,2026-05-17 03:12:01.300168
2947,25,9,,195000.0,DELIVERED,2026-04-26 18:23:01.300168
2948,43,8,,220000.0,DELIVERED,2026-04-21 15:45:01.300168
2949,80,7,,202000.0,DELIVERED,2026-05-04 11:26:01.300168
2950,17,2,,293000.0,DELIVERED,2026-05-07 09:41:01.300168
2951,97,7,1.0,49500.0,DELIVERED,2026-04-24 19:58:01.300168
2952,69,8,,80000.0,DELIVERED,2026-04-24 00:26:01.300168
2953,32,6,,120000.0,DELIVERED,2026-05-09 11:17:01.300168
2954,12,4,,395000.0,DELIVERED,2026-05-01 10:48:01.300168
2955,85,4,2.0,607000.0,DELIVERED,2026-05-05 15:16:01.300168
2956,36,3,,100000.0,CANCELLED,2026-04-29 18:31:01.300168
2957,1,1,,70000.0,DELIVERED,2026-05-16 10:49:01.300168
2958,33,9,,25000.0,DELIVERED,2026-04-24 03:12:01.300168
2959,74,7,2.0,140800.0,DELIVERED,2026-05-05 20:49:01.300168
2960,56,10,,120000.0,DELIVERED,2026-05-04 10:35:01.300168
2961,50,1,,210000.0,DELIVERED,2026-04-22 15:01:01.300168
2962,74,9,,50000.0,DELIVERED,2026-05-06 18:14:01.300168
2963,51,2,,127000.0,DELIVERED,2026-05-01 13:18:01.300168
2964,79,2,,137000.0,DELIVERED,2026-05-04 01:13:01.300168
2965,73,5,,230000.0,CANCELLED,2026-04-27 13:07:01.300168
2966,100,9,3.0,40000.0,DELIVERED,2026-05-11 20:14:01.300168
2967,67,10,1.0,897000.0,DELIVERED,2026-04-25 06:40:01.300168
2968,46,1,,130000.0,DELIVERED,2026-05-15 21:32:01.300168
2969,90,9,,75000.0,DELIVERED,2026-05-08 21:37:01.300168
2970,54,9,,65000.0,DELIVERED,2026-05-14 00:47:01.300168
2971,6,8,,45000.0,DELIVERED,2026-05-03 06:36:01.300168
2972,89,4,2.0,246000.0,DELIVERED,2026-05-12 11:20:01.300168
2973,45,9,3.0,50000.0,CANCELLED,2026-04-30 23:55:01.300168
2974,36,6,,29000.0,DELIVERED,2026-05-07 19:21:01.300168
2975,96,9,,225000.0,DELIVERED,2026-04-26 04:24:01.300168
2976,62,5,,110000.0,DELIVERED,2026-05-14 14:12:01.300168
2977,2,1,,205000.0,DELIVERED,2026-04-27 15:42:01.300168
2978,64,1,,210000.0,DELIVERED,2026-05-12 20:10:01.300168
2979,82,8,,220000.0,DELIVERED,2026-05-08 01:24:01.300168
2980,79,6,1.0,53100.0,CANCELLED,2026-04-27 23:09:01.300168
2981,97,3,,5000.0,DELIVERED,2026-05-08 15:56:01.300168
2982,39,9,1.0,58500.0,DELIVERED,2026-05-06 15:45:01.300168
2983,6,2,1.0,51300.0,DELIVERED,2026-04-21 07:50:01.300168
2984,42,7,,30000.0,DELIVERED,2026-05-11 08:39:01.300168
2985,96,9,,90000.0,DELIVERED,2026-05-03 10:57:01.300168
2986,38,2,,265000.0,DELIVERED,2026-05-07 16:23:01.300168
2987,78,6,,12000.0,CANCELLED,2026-05-10 07:57:01.300168
2988,37,8,,190000.0,DELIVERED,2026-05-12 09:20:01.300168
2989,41,10,,607000.0,DELIVERED,2026-05-14 03:09:01.300168
2990,84,4,,657000.0,DELIVERED,2026-04-30 13:29:01.300168
2991,10,6,3.0,30000.0,DELIVERED,2026-05-14 14:17:01.300168
2992,85,3,3.0,45000.0,DELIVERED,2026-04-29 10:25:01.300168
2993,26,10,,369000.0,DELIVERED,2026-04-30 10:24:01.300168
2994,41,6,,106000.0,PENDING,2026-05-01 22:22:01.300168
2995,15,10,2.0,300000.0,DELIVERED,2026-05-17 11:33:01.300168
2996,77,8,,80000.0,DELIVERED,2026-04-27 12:57:01.300168
2997,78,5,,266000.0,DELIVERED,2026-04-22 17:47:01.300168
2998,71,4,,268000.0,DELIVERED,2026-05-07 10:52:01.300168
2999,44,3,,205000.0,DELIVERED,2026-05-08 02:58:01.300168
3000,24,8,,180000.0,DELIVERED,2026-04-22 08:33:01.300168
3001,33,1,,140000.0,DELIVERED,2026-05-11 18:09:01.300168
3002,51,2,2.0,142400.0,DELIVERED,2026-05-11 21:40:01.300168
3003,26,4,,317000.0,DELIVERED,2026-04-23 16:03:01.300168
3004,52,6,,144000.0,DELIVERED,2026-05-16 15:00:01.300168
3005,75,7,,202000.0,DELIVERED,2026-05-12 06:44:01.300168
3006,37,1,3.0,65000.0,DELIVERED,2026-04-28 14:02:01.300168
3007,83,10,,688000.0,DELIVERED,2026-05-17 15:33:01.300168
3008,87,8,3.0,170000.0,CANCELLED,2026-05-02 06:20:01.300168
3009,36,1,2.0,235000.0,DELIVERED,2026-04-21 09:00:01.300168
3010,45,10,,350000.0,DELIVERED,2026-04-25 11:08:01.300168
3011,47,9,3.0,300000.0,DELIVERED,2026-05-04 14:01:01.300168
3012,89,1,,280000.0,DELIVERED,2026-05-16 10:46:01.300168
3013,95,5,3.0,45000.0,DELIVERED,2026-04-19 22:33:01.300168
3014,91,3,,180000.0,DELIVERED,2026-05-04 22:37:01.300168
3015,77,3,,195000.0,PENDING,2026-05-06 22:45:01.300168
3016,84,1,,150000.0,DELIVERED,2026-05-17 03:41:01.300168
3017,65,8,,220000.0,DELIVERED,2026-05-02 04:09:01.300168
3018,62,6,,10000.0,DELIVERED,2026-05-01 08:58:01.300168
3019,35,4,,366000.0,DELIVERED,2026-05-16 17:10:01.300168
3020,28,10,,548000.0,DELIVERED,2026-05-14 04:41:01.300168
3021,19,6,,106000.0,DELIVERED,2026-05-03 01:51:01.300168
3022,46,9,,25000.0,DELIVERED,2026-05-11 07:20:01.300168
3023,69,9,,220000.0,PENDING,2026-04-23 08:19:01.300168
3024,27,1,3.0,60000.0,CANCELLED,2026-05-05 16:46:01.300168
3025,54,10,,647000.0,DELIVERED,2026-05-09 17:29:01.300168
3026,69,2,,77000.0,DELIVERED,2026-05-17 06:04:01.300168
3027,64,8,3.0,110000.0,DELIVERED,2026-05-04 22:40:01.300168
3028,91,9,3.0,140000.0,DELIVERED,2026-05-14 00:46:01.300168
3029,40,10,3.0,363000.0,DELIVERED,2026-04-20 07:40:01.300168
3030,23,6,1.0,131400.0,DELIVERED,2026-05-14 04:49:01.300168
3031,60,1,,210000.0,DELIVERED,2026-04-26 22:10:01.300168
3032,33,3,,185000.0,CANCELLED,2026-05-13 22:49:01.300168
3033,5,4,,804000.0,DELIVERED,2026-05-08 18:11:01.300168
3034,86,1,,80000.0,DELIVERED,2026-05-05 13:52:01.300168
3035,84,6,,34000.0,DELIVERED,2026-04-20 14:09:01.300168
3036,60,3,,85000.0,DELIVERED,2026-04-25 17:52:01.300168
3037,9,6,,64000.0,DELIVERED,2026-05-14 21:33:01.300168
3038,94,8,,30000.0,CANCELLED,2026-04-27 00:47:01.300168
3039,9,8,,50000.0,DELIVERED,2026-05-05 09:12:01.300168
3040,5,6,,71000.0,DELIVERED,2026-04-19 22:06:01.300168
3041,49,3,1.0,63000.0,DELIVERED,2026-05-06 19:28:01.300168
3042,93,4,,438000.0,DELIVERED,2026-05-07 13:47:01.300168
3043,1,1,,205000.0,DELIVERED,2026-05-02 12:51:01.300168
3044,15,1,,75000.0,DELIVERED,2026-05-08 08:37:01.300168
3045,28,8,,165000.0,DELIVERED,2026-04-26 04:54:01.300168
3046,21,3,,195000.0,DELIVERED,2026-04-28 16:22:01.300168
3047,7,10,,40000.0,PENDING,2026-04-25 02:34:01.300168
3048,15,6,,50000.0,DELIVERED,2026-05-19 04:51:01.300168
3049,60,3,,90000.0,DELIVERED,2026-05-09 16:19:01.300168
3050,26,6,,141000.0,DELIVERED,2026-05-05 13:07:01.300168
3051,22,5,1.0,148500.0,DELIVERED,2026-04-23 12:33:01.300168
3052,13,6,,99000.0,DELIVERED,2026-05-03 01:45:01.300168
3053,31,9,,245000.0,DELIVERED,2026-04-21 08:36:01.300168
3054,83,6,3.0,20000.0,DELIVERED,2026-05-18 18:49:01.300168
3055,3,2,,245000.0,DELIVERED,2026-05-18 04:22:01.300168
3056,52,10,,270000.0,DELIVERED,2026-05-14 10:24:01.300168
3057,4,10,,867000.0,DELIVERED,2026-05-15 20:47:01.300168
3058,9,4,,297000.0,DELIVERED,2026-04-30 01:50:01.300168
3059,44,2,,89000.0,DELIVERED,2026-05-05 11:46:01.300168
3060,1,8,1.0,45000.0,DELIVERED,2026-05-14 13:48:01.300168
3061,85,10,,747000.0,DELIVERED,2026-05-11 22:18:01.300168
3062,65,9,,15000.0,DELIVERED,2026-04-29 23:41:01.300168
3063,95,9,,275000.0,DELIVERED,2026-05-01 09:18:01.300168
3064,54,10,,270000.0,DELIVERED,2026-05-03 11:17:01.300168
3065,34,10,1.0,339000.0,DELIVERED,2026-05-17 03:32:01.300168
3066,72,6,3.0,20000.0,DELIVERED,2026-05-17 13:22:01.300168
3067,74,4,,219000.0,DELIVERED,2026-04-22 11:59:01.300168
3068,81,7,,7000.0,DELIVERED,2026-04-23 16:08:01.300168
3069,7,2,3.0,23000.0,CANCELLED,2026-04-23 13:09:01.300168
3070,64,1,1.0,330000.0,DELIVERED,2026-04-28 15:42:01.300168
3071,28,4,2.0,515000.0,DELIVERED,2026-05-13 00:38:01.300168
3072,7,3,3.0,20000.0,DELIVERED,2026-05-04 16:12:01.300168
3073,65,7,,231000.0,PENDING,2026-04-20 17:52:01.300168
3074,68,10,,170000.0,CANCELLED,2026-04-30 20:18:01.300168
3075,72,5,3.0,215000.0,DELIVERED,2026-04-24 14:35:01.300168
3076,51,3,,110000.0,DELIVERED,2026-04-26 11:54:01.300168
3077,6,2,,137000.0,DELIVERED,2026-05-19 13:00:01.300168
3078,49,9,,285000.0,DELIVERED,2026-05-08 07:43:01.300168
3079,23,6,,12000.0,CANCELLED,2026-05-19 01:05:01.300168
3080,77,5,,112000.0,DELIVERED,2026-05-18 07:46:01.300168
3081,97,10,,189000.0,DELIVERED,2026-04-28 14:11:01.300168
3082,10,6,,120000.0,DELIVERED,2026-05-07 05:29:01.300168
3083,53,4,,586000.0,DELIVERED,2026-04-25 14:39:01.300168
3084,96,6,,36000.0,DELIVERED,2026-05-01 06:13:01.300168
3085,4,6,1.0,45000.0,DELIVERED,2026-05-08 11:13:01.300168
3086,48,4,,903000.0,CANCELLED,2026-04-23 18:22:01.300168
3087,51,10,,90000.0,DELIVERED,2026-05-09 14:10:01.300168
3088,52,6,2.0,124800.0,DELIVERED,2026-05-03 22:17:01.300168
3089,92,4,,635000.0,DELIVERED,2026-04-24 17:13:01.300168
3090,40,5,2.0,232000.0,DELIVERED,2026-05-01 13:20:01.300168
3091,37,3,3.0,125000.0,DELIVERED,2026-05-18 01:49:01.300168
3092,56,6,,99000.0,DELIVERED,2026-04-29 16:25:01.300168
3093,51,5,1.0,377000.0,DELIVERED,2026-05-02 08:01:01.300168
3094,70,5,,225000.0,DELIVERED,2026-05-02 21:24:01.300168
3095,28,10,3.0,862000.0,DELIVERED,2026-05-03 19:46:01.300168
3096,86,4,3.0,83000.0,PENDING,2026-04-22 16:17:01.300168
3097,35,10,,459000.0,DELIVERED,2026-05-16 16:45:01.300168
3098,87,3,,205000.0,DELIVERED,2026-05-04 12:54:01.300168
3099,18,3,,110000.0,DELIVERED,2026-04-21 09:07:01.300168
3100,12,6,,144000.0,DELIVERED,2026-04-21 14:36:01.300168
3101,1,8,,50000.0,DELIVERED,2026-05-05 04:51:01.300168
3102,89,9,,160000.0,DELIVERED,2026-05-05 06:17:01.300168
3103,33,9,,50000.0,DELIVERED,2026-05-08 19:41:01.300168
3104,82,7,,231000.0,DELIVERED,2026-05-10 02:12:01.300168
3105,56,9,,220000.0,CANCELLED,2026-05-19 03:52:01.300168
3106,35,4,1.0,714000.0,CANCELLED,2026-04-29 23:26:01.300168
3107,73,10,,558000.0,CANCELLED,2026-05-17 15:05:01.300168
3108,72,9,3.0,210000.0,DELIVERED,2026-05-13 11:50:01.300168
3109,5,8,2.0,116000.0,DELIVERED,2026-05-16 07:33:01.300168
3110,79,10,,539000.0,DELIVERED,2026-05-09 16:05:01.300168
3111,25,2,,19000.0,CANCELLED,2026-05-13 05:17:01.300168
3112,73,1,,85000.0,DELIVERED,2026-04-20 08:15:01.300168
3113,43,9,,200000.0,PENDING,2026-04-25 21:04:01.300168
3114,48,1,,10000.0,DELIVERED,2026-05-07 23:39:01.300168
3115,9,8,1.0,135000.0,DELIVERED,2026-05-17 05:53:01.300168
3116,37,1,,290000.0,DELIVERED,2026-05-08 17:47:01.300168
3117,46,9,,140000.0,DELIVERED,2026-05-19 09:42:01.300168
3118,97,7,,76000.0,DELIVERED,2026-04-24 19:38:01.300168
3119,77,8,,120000.0,DELIVERED,2026-05-11 03:47:01.300168
3120,80,5,,276000.0,DELIVERED,2026-05-15 07:06:01.300168
3121,71,6,3.0,20000.0,DELIVERED,2026-05-19 15:46:01.300168
3122,68,10,,378000.0,PENDING,2026-05-04 04:51:01.300168
3123,20,2,,137000.0,DELIVERED,2026-05-13 14:38:01.300168
3124,87,8,3.0,245000.0,DELIVERED,2026-05-16 22:02:01.300168
3125,52,4,,49000.0,DELIVERED,2026-05-05 18:46:01.300168
3126,83,7,3.0,92000.0,DELIVERED,2026-05-02 23:14:01.300168
3127,54,9,1.0,250000.0,DELIVERED,2026-05-06 20:58:01.300168
3128,34,3,,195000.0,DELIVERED,2026-05-14 21:40:01.300168
3129,5,3,2.0,108000.0,DELIVERED,2026-04-27 09:10:01.300168
3130,54,4,,98000.0,CANCELLED,2026-05-15 07:38:01.300168
3131,96,10,,558000.0,CANCELLED,2026-04-27 08:22:01.300168
3132,78,2,,382000.0,DELIVERED,2026-05-14 10:24:01.300168
3133,61,1,,210000.0,DELIVERED,2026-05-01 22:55:01.300168
3134,97,2,,178000.0,DELIVERED,2026-05-18 09:28:01.300168
3135,33,9,,120000.0,DELIVERED,2026-05-03 00:57:01.300168
3136,65,1,,205000.0,DELIVERED,2026-04-21 09:37:01.300168
3137,51,1,,195000.0,DELIVERED,2026-04-25 22:13:01.300168
3138,90,2,1.0,184000.0,DELIVERED,2026-04-20 04:11:01.300168
3139,94,8,3.0,65000.0,DELIVERED,2026-05-14 04:45:01.300168
3140,99,10,1.0,162000.0,DELIVERED,2026-04-29 17:03:01.300168
3141,96,6,,74000.0,DELIVERED,2026-05-16 20:33:01.300168
3142,99,9,,75000.0,DELIVERED,2026-05-16 18:59:01.300168
3143,26,4,,99000.0,DELIVERED,2026-05-16 04:12:01.300168
3144,9,4,2.0,317000.0,CANCELLED,2026-05-17 04:50:01.300168
3145,45,2,,29000.0,DELIVERED,2026-05-11 10:10:01.300168
3146,32,8,,150000.0,DELIVERED,2026-05-09 03:45:01.300168
3147,71,8,,285000.0,DELIVERED,2026-05-11 05:09:01.300168
3148,31,9,,210000.0,DELIVERED,2026-05-18 23:15:01.300168
3149,67,2,,265000.0,DELIVERED,2026-05-17 12:47:01.300168
3150,20,7,,15000.0,DELIVERED,2026-05-04 07:33:01.300168
3151,86,9,,65000.0,DELIVERED,2026-05-07 17:15:01.300168
3152,16,2,,322000.0,DELIVERED,2026-04-28 23:05:01.300168
3153,62,2,,176000.0,DELIVERED,2026-04-28 01:26:01.300168
3154,23,8,,130000.0,DELIVERED,2026-05-18 17:32:01.300168
3155,18,5,,180000.0,DELIVERED,2026-05-02 04:54:01.300168
3156,69,4,,98000.0,CANCELLED,2026-05-15 13:41:01.300168
3157,77,1,3.0,250000.0,CANCELLED,2026-05-07 05:04:01.300168
3158,65,4,2.0,388000.0,DELIVERED,2026-05-18 21:19:01.300168
3159,53,2,1.0,216000.0,DELIVERED,2026-04-29 16:52:01.300168
3160,23,2,,58000.0,DELIVERED,2026-04-19 21:13:01.300168
3161,33,7,,100000.0,DELIVERED,2026-05-13 05:49:01.300168
3162,66,7,,161000.0,DELIVERED,2026-05-05 00:38:01.300168
3163,40,5,3.0,141000.0,DELIVERED,2026-05-04 05:01:01.300168
3164,79,10,2.0,399000.0,DELIVERED,2026-05-11 15:35:01.300168
3165,16,2,3.0,23000.0,CANCELLED,2026-05-08 19:17:01.300168
3166,63,7,,146000.0,DELIVERED,2026-04-23 20:27:01.300168
3167,34,8,,135000.0,DELIVERED,2026-05-14 16:28:01.300168
3168,88,8,1.0,45000.0,DELIVERED,2026-04-23 23:47:01.300168
3169,97,5,,381000.0,DELIVERED,2026-04-24 04:06:01.300168
3170,10,6,3.0,21000.0,DELIVERED,2026-05-11 09:05:01.300168
3171,65,8,3.0,15000.0,DELIVERED,2026-05-04 14:26:01.300168
3172,33,5,,446000.0,DELIVERED,2026-05-05 17:55:01.300168
3173,17,8,3.0,25000.0,DELIVERED,2026-05-12 18:06:01.300168
3174,77,3,,190000.0,DELIVERED,2026-04-21 07:41:01.300168
3175,71,5,1.0,103500.0,DELIVERED,2026-05-18 16:36:01.300168
3176,2,2,,144000.0,DELIVERED,2026-04-22 12:49:01.300168
3177,70,4,,564000.0,CANCELLED,2026-05-03 20:48:01.300168
3178,38,7,,52000.0,DELIVERED,2026-04-23 06:16:01.300168
3179,19,5,3.0,270000.0,DELIVERED,2026-04-20 06:45:01.300168
3180,93,6,,141000.0,DELIVERED,2026-04-22 11:33:01.300168
3181,63,10,3.0,772000.0,DELIVERED,2026-05-02 22:15:01.300168
3182,95,4,,536000.0,DELIVERED,2026-05-10 19:48:01.300168
3183,13,9,1.0,215000.0,DELIVERED,2026-04-30 12:20:01.300168
3184,51,5,2.0,399000.0,DELIVERED,2026-05-18 03:06:01.300168
3185,68,8,1.0,205000.0,DELIVERED,2026-05-06 00:45:01.300168
3186,81,5,,107000.0,DELIVERED,2026-04-27 20:40:01.300168
3187,98,10,2.0,349000.0,DELIVERED,2026-05-14 03:54:01.300168
3188,48,1,1.0,255000.0,DELIVERED,2026-05-15 19:49:01.300168
3189,35,1,,10000.0,DELIVERED,2026-04-20 00:05:01.300168
3190,11,2,,67000.0,DELIVERED,2026-04-19 19:41:01.300168
3191,27,8,,170000.0,DELIVERED,2026-05-19 08:54:01.300168
3192,85,8,,165000.0,DELIVERED,2026-04-29 01:33:01.300168
3193,62,8,2.0,136000.0,DELIVERED,2026-05-10 12:30:01.300168
3194,66,6,,22000.0,DELIVERED,2026-04-22 02:29:01.300168
3195,92,9,2.0,200000.0,CANCELLED,2026-04-26 05:09:01.300168
3196,1,10,,737000.0,DELIVERED,2026-04-23 16:30:01.300168
3197,82,7,,194000.0,CANCELLED,2026-04-23 22:21:01.300168
3198,81,9,,80000.0,CANCELLED,2026-05-15 09:22:01.300168
3199,57,4,,148000.0,PENDING,2026-04-26 00:05:01.300168
3200,26,5,,120000.0,DELIVERED,2026-05-14 12:24:01.300168
3201,62,6,1.0,108900.0,DELIVERED,2026-05-15 01:47:01.300168
3202,53,2,2.0,117600.0,CANCELLED,2026-04-30 12:44:01.300168
3203,22,6,2.0,103200.0,DELIVERED,2026-05-12 02:33:01.300168
3204,99,4,1.0,326000.0,DELIVERED,2026-04-21 11:25:01.300168
3205,92,2,,89000.0,DELIVERED,2026-05-15 00:14:01.300168
3206,53,2,,144000.0,DELIVERED,2026-05-09 02:17:01.300168
3207,81,5,,339000.0,DELIVERED,2026-04-20 01:05:01.300168
3208,27,7,2.0,155200.0,DELIVERED,2026-04-27 13:26:01.300168
3209,61,4,,1002000.0,DELIVERED,2026-05-05 13:29:01.300168
3210,26,7,,14000.0,CANCELLED,2026-04-19 21:58:01.300168
3211,33,1,,5000.0,CANCELLED,2026-05-11 04:04:01.300168
3212,26,4,2.0,388000.0,CANCELLED,2026-05-16 04:20:01.300168
3213,69,3,,40000.0,DELIVERED,2026-05-12 23:55:01.300168
3214,22,5,,282000.0,CANCELLED,2026-05-05 23:02:01.300168
3215,58,9,,195000.0,DELIVERED,2026-05-04 02:35:01.300168
3216,97,10,,378000.0,DELIVERED,2026-05-11 08:00:01.300168
3217,40,7,,30000.0,DELIVERED,2026-05-06 16:57:01.300168
3218,16,6,,22000.0,DELIVERED,2026-05-01 14:46:01.300168
3219,30,2,2.0,342000.0,DELIVERED,2026-05-03 10:58:01.300168
3220,20,10,,260000.0,DELIVERED,2026-05-15 05:46:01.300168
3221,23,8,,30000.0,CANCELLED,2026-04-30 08:44:01.300168
3222,39,1,,275000.0,DELIVERED,2026-05-12 05:42:01.300168
3223,64,3,3.0,75000.0,DELIVERED,2026-04-22 03:09:01.300168
3224,81,8,,45000.0,DELIVERED,2026-05-04 12:36:01.300168
3225,24,2,,89000.0,DELIVERED,2026-05-14 08:29:01.300168
3226,7,4,,198000.0,DELIVERED,2026-04-27 07:32:01.300168
3227,10,9,,235000.0,DELIVERED,2026-05-16 05:47:01.300168
3228,16,9,1.0,215000.0,DELIVERED,2026-05-03 13:22:01.300168
3229,69,3,1.0,108000.0,PENDING,2026-05-07 16:33:01.300168
3230,43,2,2.0,255000.0,DELIVERED,2026-05-06 05:43:01.300168
3231,49,1,2.0,220000.0,DELIVERED,2026-05-13 03:20:01.300168
3232,68,6,,121000.0,DELIVERED,2026-05-04 13:26:01.300168
3233,41,5,,225000.0,DELIVERED,2026-04-28 14:36:01.300168
3234,53,4,1.0,983000.0,DELIVERED,2026-05-13 08:07:01.300168
3235,29,8,,30000.0,CANCELLED,2026-05-01 01:16:01.300168
3236,31,5,3.0,89000.0,DELIVERED,2026-04-29 21:55:01.300168
3237,65,7,1.0,111600.0,CANCELLED,2026-05-10 15:09:01.300168
3238,69,6,,15000.0,DELIVERED,2026-04-24 17:23:01.300168
3239,90,1,,70000.0,DELIVERED,2026-05-03 22:21:01.300168
3240,74,7,,110000.0,DELIVERED,2026-05-03 17:50:01.300168
3241,94,7,,76000.0,DELIVERED,2026-04-29 01:34:01.300168
3242,14,4,3.0,132000.0,DELIVERED,2026-05-19 06:11:01.300168
3243,18,2,,144000.0,CANCELLED,2026-05-03 00:09:01.300168
3244,58,9,,45000.0,DELIVERED,2026-05-14 15:19:01.300168
3245,89,4,,395000.0,DELIVERED,2026-05-12 10:00:01.300168
3246,68,10,2.0,418000.0,DELIVERED,2026-04-28 10:58:01.300168
3247,7,6,,76000.0,CANCELLED,2026-05-04 14:46:01.300168
3248,27,9,,65000.0,DELIVERED,2026-04-23 00:20:01.300168
3249,24,9,,130000.0,PENDING,2026-05-14 17:17:01.300168
3250,71,2,2.0,275000.0,DELIVERED,2026-04-24 22:11:01.300168
3251,26,7,,161000.0,CANCELLED,2026-05-01 09:52:01.300168
3252,54,7,,44000.0,PENDING,2026-04-23 05:04:01.300168
3253,85,3,,185000.0,DELIVERED,2026-05-10 00:49:01.300168
3254,45,10,,229000.0,CANCELLED,2026-05-01 11:08:01.300168
3255,17,6,,109000.0,DELIVERED,2026-04-23 05:09:01.300168
3256,81,5,,501000.0,DELIVERED,2026-04-25 08:04:01.300168
3257,26,10,3.0,214000.0,DELIVERED,2026-05-18 07:15:01.300168
3258,93,6,,70000.0,DELIVERED,2026-04-28 06:28:01.300168
3259,35,8,2.0,148000.0,DELIVERED,2026-05-18 09:40:01.300168
3260,39,3,,10000.0,DELIVERED,2026-05-04 07:03:01.300168
3261,35,5,,276000.0,DELIVERED,2026-04-30 04:37:01.300168
3262,9,4,3.0,423000.0,DELIVERED,2026-05-18 12:37:01.300168
3263,94,7,,209000.0,CANCELLED,2026-05-15 11:59:01.300168
3264,12,6,3.0,30000.0,CANCELLED,2026-04-30 03:57:01.300168
3265,58,7,,92000.0,DELIVERED,2026-04-26 15:13:01.300168
3266,74,3,2.0,152000.0,DELIVERED,2026-04-21 18:27:01.300168
3267,71,3,,60000.0,DELIVERED,2026-05-16 05:53:01.300168
3268,11,8,,45000.0,DELIVERED,2026-05-11 21:13:01.300168
3269,92,8,,100000.0,DELIVERED,2026-05-11 00:58:01.300168
3270,64,2,,334000.0,DELIVERED,2026-05-09 17:37:01.300168
3271,15,8,,220000.0,CANCELLED,2026-04-30 18:23:01.300168
3272,13,4,,395000.0,DELIVERED,2026-04-23 02:44:01.300168
3273,15,3,1.0,121500.0,DELIVERED,2026-05-06 03:59:01.300168
3274,12,7,3.0,164000.0,DELIVERED,2026-05-06 15:48:01.300168
3275,99,6,3.0,72000.0,DELIVERED,2026-04-26 00:26:01.300168
3276,45,1,3.0,265000.0,DELIVERED,2026-04-27 12:42:01.300168
3277,99,1,1.0,260000.0,DELIVERED,2026-05-08 12:06:01.300168
3278,72,8,,130000.0,DELIVERED,2026-05-01 09:49:01.300168
3279,96,9,,155000.0,CANCELLED,2026-05-16 16:02:01.300168
3280,49,4,,1003000.0,DELIVERED,2026-04-26 11:33:01.300168
3281,20,1,3.0,325000.0,PENDING,2026-05-09 20:40:01.300168
3282,58,6,3.0,90000.0,DELIVERED,2026-04-22 17:00:01.300168
3283,90,2,,19000.0,DELIVERED,2026-04-24 11:27:01.300168
3284,91,5,,211000.0,DELIVERED,2026-05-06 16:02:01.300168
3285,59,10,1.0,528000.0,DELIVERED,2026-05-11 14:25:01.300168
3286,55,3,,70000.0,DELIVERED,2026-05-11 09:47:01.300168
3287,47,2,1.0,106200.0,DELIVERED,2026-05-09 22:10:01.300168
3288,29,7,,202000.0,CANCELLED,2026-05-02 23:00:01.300168
3289,12,4,,657000.0,DELIVERED,2026-05-14 18:44:01.300168
3290,2,3,,190000.0,DELIVERED,2026-05-18 07:44:01.300168
3291,97,7,3.0,110000.0,DELIVERED,2026-04-27 20:42:01.300168
3292,24,9,,95000.0,DELIVERED,2026-04-21 04:43:01.300168
3293,95,4,,783000.0,DELIVERED,2026-04-29 18:36:01.300168
3294,41,4,3.0,648000.0,CANCELLED,2026-05-13 10:00:01.300168
3295,24,5,2.0,237000.0,CANCELLED,2026-05-17 01:40:01.300168
3296,16,2,,178000.0,DELIVERED,2026-05-08 20:45:01.300168
3297,1,1,1.0,117000.0,DELIVERED,2026-05-10 22:35:01.300168
3298,1,2,,197000.0,DELIVERED,2026-04-22 03:03:01.300168
3299,100,6,3.0,42000.0,PENDING,2026-05-18 04:12:01.300168
3300,51,10,2.0,418000.0,DELIVERED,2026-04-25 09:49:01.300168
3301,89,6,,105000.0,DELIVERED,2026-05-07 14:06:01.300168
3302,40,5,2.0,235000.0,DELIVERED,2026-05-04 11:16:01.300168
3303,48,3,,20000.0,DELIVERED,2026-04-25 12:51:01.300168
3304,11,1,,285000.0,DELIVERED,2026-04-24 10:23:01.300168
3305,7,1,,405000.0,DELIVERED,2026-04-23 14:04:01.300168
3306,8,5,,230000.0,DELIVERED,2026-05-02 22:10:01.300168
3307,51,7,3.0,116000.0,DELIVERED,2026-04-22 11:32:01.300168
3308,59,4,,685000.0,DELIVERED,2026-05-16 15:28:01.300168
3309,71,4,2.0,246000.0,CANCELLED,2026-05-11 07:22:01.300168
3310,96,5,,276000.0,DELIVERED,2026-04-30 17:16:01.300168
3311,92,3,,165000.0,PENDING,2026-04-24 00:30:01.300168
3312,44,4,,586000.0,DELIVERED,2026-05-08 07:36:01.300168
3313,75,8,,40000.0,PENDING,2026-04-21 13:16:01.300168
3314,2,9,3.0,80000.0,CANCELLED,2026-05-18 03:02:01.300168
3315,9,2,,144000.0,DELIVERED,2026-05-04 09:04:01.300168
3316,15,5,1.0,46800.0,DELIVERED,2026-05-11 14:38:01.300168
3317,6,8,3.0,25000.0,CANCELLED,2026-05-15 02:22:01.300168
3318,67,7,,99000.0,DELIVERED,2026-04-20 11:31:01.300168
3319,51,10,,359000.0,DELIVERED,2026-04-29 15:47:01.300168
3320,85,2,,147000.0,DELIVERED,2026-05-11 10:06:01.300168
3321,95,1,,210000.0,DELIVERED,2026-05-04 18:18:01.300168
3322,57,8,,90000.0,DELIVERED,2026-04-26 13:34:01.300168
3323,33,3,,80000.0,CANCELLED,2026-05-03 11:15:01.300168
3324,7,4,,444000.0,PENDING,2026-05-10 12:02:01.300168
3325,37,10,,787000.0,DELIVERED,2026-04-30 23:36:01.300168
3326,14,6,,85000.0,DELIVERED,2026-05-06 04:50:01.300168
3327,36,6,,141000.0,DELIVERED,2026-04-25 01:20:01.300168
3328,28,2,,176000.0,DELIVERED,2026-04-23 08:00:01.300168
3329,72,7,,147000.0,DELIVERED,2026-04-20 10:25:01.300168
3330,82,9,3.0,180000.0,DELIVERED,2026-05-12 09:14:01.300168
3331,7,1,,70000.0,CANCELLED,2026-04-30 02:35:01.300168
3332,96,5,1.0,54000.0,DELIVERED,2026-04-24 23:53:01.300168
3333,96,8,3.0,25000.0,DELIVERED,2026-05-18 11:13:01.300168
3334,22,3,,45000.0,CANCELLED,2026-05-07 17:38:01.300168
3335,6,2,,118000.0,DELIVERED,2026-04-26 07:10:01.300168
3336,86,1,,130000.0,PENDING,2026-04-22 05:41:01.300168
3337,76,6,,24000.0,CANCELLED,2026-05-18 12:56:01.300168
3338,25,4,,564000.0,DELIVERED,2026-05-13 18:46:01.300168
3339,98,2,,207000.0,DELIVERED,2026-05-14 21:49:01.300168
3340,40,8,3.0,270000.0,DELIVERED,2026-04-23 10:26:01.300168
3341,66,6,3.0,19000.0,DELIVERED,2026-05-14 13:45:01.300168
3342,7,8,1.0,45000.0,PENDING,2026-04-19 19:26:01.300168
3343,37,2,,236000.0,DELIVERED,2026-05-01 01:14:01.300168
3344,44,5,3.0,147000.0,DELIVERED,2026-05-07 05:56:01.300168
3345,30,3,,165000.0,DELIVERED,2026-05-15 19:02:01.300168
3346,85,2,,166000.0,DELIVERED,2026-05-02 09:34:01.300168
3347,52,10,,120000.0,DELIVERED,2026-04-29 20:46:01.300168
3348,17,1,,85000.0,DELIVERED,2026-05-02 00:02:01.300168
3349,99,8,,70000.0,DELIVERED,2026-04-29 07:03:01.300168
3350,39,2,,38000.0,DELIVERED,2026-05-13 11:18:01.300168
3351,75,5,3.0,37000.0,DELIVERED,2026-04-22 10:55:01.300168
3352,94,1,1.0,63000.0,DELIVERED,2026-04-29 14:35:01.300168
3353,12,9,,200000.0,DELIVERED,2026-04-25 13:31:01.300168
3354,85,10,2.0,489000.0,PENDING,2026-04-30 17:16:01.300168
3355,15,3,2.0,144000.0,DELIVERED,2026-04-20 06:24:01.300168
3356,85,7,3.0,110000.0,DELIVERED,2026-05-03 07:40:01.300168
3357,86,6,,104000.0,DELIVERED,2026-04-20 03:31:01.300168
3358,31,2,2.0,142400.0,DELIVERED,2026-05-11 04:38:01.300168
3359,54,3,2.0,108000.0,DELIVERED,2026-05-02 21:38:01.300168
3360,14,3,2.0,156000.0,DELIVERED,2026-05-10 03:38:01.300168
3361,63,2,1.0,51300.0,DELIVERED,2026-04-24 10:58:01.300168
3362,22,8,2.0,84000.0,DELIVERED,2026-04-30 14:12:01.300168
3363,3,8,1.0,85500.0,DELIVERED,2026-05-09 02:52:01.300168
3364,100,1,,225000.0,CANCELLED,2026-04-20 23:24:01.300168
3365,20,7,,165000.0,DELIVERED,2026-04-30 19:15:01.300168
3366,10,10,,310000.0,DELIVERED,2026-05-14 07:05:01.300168
3367,29,5,,232000.0,DELIVERED,2026-04-25 17:51:01.300168
3368,75,4,,516000.0,DELIVERED,2026-05-13 10:48:01.300168
3369,68,5,,180000.0,DELIVERED,2026-05-12 06:16:01.300168
3370,80,9,,120000.0,DELIVERED,2026-05-16 17:00:01.300168
3371,65,5,2.0,89600.0,DELIVERED,2026-04-23 02:12:01.300168
3372,92,5,,276000.0,DELIVERED,2026-05-12 04:46:01.300168
3373,60,3,,5000.0,DELIVERED,2026-05-13 23:48:01.300168
3374,77,2,3.0,23000.0,DELIVERED,2026-04-28 13:56:01.300168
3375,55,7,,131000.0,DELIVERED,2026-05-06 18:47:01.300168
3376,82,9,,75000.0,PENDING,2026-05-13 13:02:01.300168
3377,18,7,2.0,93600.0,DELIVERED,2026-05-01 16:37:01.300168
3378,80,9,,260000.0,DELIVERED,2026-05-07 09:19:01.300168
3379,20,7,,29000.0,DELIVERED,2026-05-03 07:24:01.300168
3380,12,3,,80000.0,DELIVERED,2026-05-06 15:31:01.300168
3381,68,4,,882000.0,DELIVERED,2026-04-20 01:33:01.300168
3382,73,3,,45000.0,PENDING,2026-04-20 01:52:01.300168
3383,24,2,1.0,51300.0,DELIVERED,2026-04-20 07:20:01.300168
3384,94,2,,29000.0,DELIVERED,2026-04-28 22:24:01.300168
3385,62,6,,22000.0,DELIVERED,2026-04-22 09:45:01.300168
3386,51,10,1.0,108000.0,DELIVERED,2026-05-03 08:54:01.300168
3387,28,9,,130000.0,DELIVERED,2026-05-08 13:01:01.300168
3388,90,7,,14000.0,DELIVERED,2026-05-18 09:37:01.300168
3389,30,6,1.0,140400.0,DELIVERED,2026-04-21 04:28:01.300168
3390,25,9,3.0,90000.0,DELIVERED,2026-04-30 16:10:01.300168
3391,43,4,,49000.0,DELIVERED,2026-05-10 09:29:01.300168
3392,51,2,,106000.0,DELIVERED,2026-05-05 20:13:01.300168
3393,75,1,,75000.0,DELIVERED,2026-05-07 20:54:01.300168
3394,10,7,,100000.0,DELIVERED,2026-04-25 01:48:01.300168
3395,3,10,3.0,155000.0,DELIVERED,2026-05-15 11:52:01.300168
3396,84,6,,22000.0,DELIVERED,2026-04-23 14:40:01.300168
3397,99,2,,146000.0,CANCELLED,2026-05-19 02:39:01.300168
3398,69,9,,140000.0,DELIVERED,2026-05-18 07:26:01.300168
3399,85,6,3.0,26000.0,DELIVERED,2026-05-03 21:40:01.300168
3400,20,6,,17000.0,DELIVERED,2026-05-09 06:41:01.300168
3401,82,3,,15000.0,DELIVERED,2026-05-17 04:46:01.300168
3402,5,5,1.0,309000.0,DELIVERED,2026-05-05 05:49:01.300168
3403,29,10,,539000.0,DELIVERED,2026-05-01 02:14:01.300168
3404,92,2,,77000.0,DELIVERED,2026-05-03 06:50:01.300168
3405,63,5,2.0,227000.0,DELIVERED,2026-04-23 00:04:01.300168
3406,14,8,,70000.0,CANCELLED,2026-05-09 10:29:01.300168
3407,8,6,1.0,82800.0,DELIVERED,2026-05-11 04:14:01.300168
3408,77,9,,50000.0,DELIVERED,2026-05-05 17:39:01.300168
3409,43,9,1.0,180000.0,DELIVERED,2026-05-18 04:05:01.300168
3410,18,2,,38000.0,DELIVERED,2026-05-14 02:51:01.300168
3411,52,2,1.0,51300.0,DELIVERED,2026-04-19 20:31:01.300168
3412,86,3,,20000.0,DELIVERED,2026-05-15 16:22:01.300168
3413,53,10,3.0,533000.0,DELIVERED,2026-04-24 12:10:01.300168
3414,92,6,,116000.0,DELIVERED,2026-05-17 13:51:01.300168
3415,85,4,1.0,835000.0,DELIVERED,2026-05-05 22:41:01.300168
3416,8,3,2.0,88000.0,DELIVERED,2026-05-09 17:21:01.300168
3417,47,8,3.0,250000.0,DELIVERED,2026-05-19 00:54:01.300168
3418,7,4,2.0,175200.0,DELIVERED,2026-05-14 15:27:01.300168
3419,68,3,1.0,171000.0,CANCELLED,2026-04-29 03:50:01.300168
3420,4,3,2.0,100000.0,DELIVERED,2026-05-05 11:15:01.300168
3421,50,3,,85000.0,DELIVERED,2026-05-02 15:45:01.300168
3422,47,5,,110000.0,CANCELLED,2026-04-25 11:10:01.300168
3423,53,7,3.0,164000.0,DELIVERED,2026-04-22 01:22:01.300168
3424,60,7,,21000.0,DELIVERED,2026-05-18 11:26:01.300168
3425,62,7,,21000.0,DELIVERED,2026-05-02 06:08:01.300168
3426,44,1,2.0,168000.0,PENDING,2026-05-17 05:29:01.300168
3427,33,5,1.0,322000.0,DELIVERED,2026-04-28 06:21:01.300168
3428,60,6,,5000.0,DELIVERED,2026-05-02 15:04:01.300168
3429,14,10,,120000.0,DELIVERED,2026-04-20 17:12:01.300168
3430,78,5,,159000.0,DELIVERED,2026-05-16 03:00:01.300168
3431,60,10,2.0,588000.0,DELIVERED,2026-04-26 18:32:01.300168
3432,8,2,,87000.0,DELIVERED,2026-05-02 12:33:01.300168
3433,36,6,,127000.0,DELIVERED,2026-04-20 05:44:01.300168
3434,67,6,,120000.0,DELIVERED,2026-04-22 00:19:01.300168
3435,36,10,,180000.0,DELIVERED,2026-05-16 23:06:01.300168
3436,20,2,,286000.0,DELIVERED,2026-05-10 12:34:01.300168
3437,42,8,,80000.0,DELIVERED,2026-04-28 09:42:01.300168
3438,62,3,3.0,15000.0,PENDING,2026-05-03 23:39:01.300168
3439,48,6,2.0,96000.0,DELIVERED,2026-05-01 18:21:01.300168
3440,91,4,,49000.0,PENDING,2026-05-10 10:13:01.300168
3441,19,10,,567000.0,DELIVERED,2026-05-04 16:48:01.300168
3442,2,2,1.0,244000.0,DELIVERED,2026-04-23 01:50:01.300168
3443,29,3,3.0,25000.0,DELIVERED,2026-05-03 17:46:01.300168
3444,65,10,,588000.0,DELIVERED,2026-05-16 12:45:01.300168
3445,34,8,,140000.0,PENDING,2026-05-07 16:41:01.300168
3446,75,6,3.0,35000.0,CANCELLED,2026-05-03 23:40:01.300168
3447,33,10,3.0,633000.0,DELIVERED,2026-05-15 15:25:01.300168
3448,19,8,,225000.0,DELIVERED,2026-05-03 21:49:01.300168
3449,47,4,,346000.0,DELIVERED,2026-05-11 22:28:01.300168
3450,73,1,,285000.0,DELIVERED,2026-05-18 13:16:01.300168
3451,8,3,2.0,148000.0,CANCELLED,2026-04-22 01:16:01.300168
3452,3,2,,178000.0,DELIVERED,2026-05-17 09:46:01.300168
3453,12,3,,110000.0,DELIVERED,2026-05-16 02:31:01.300168
3454,28,4,1.0,495000.0,CANCELLED,2026-05-01 10:15:01.300168
3455,38,2,,115000.0,CANCELLED,2026-05-01 19:05:01.300168
3456,2,8,,210000.0,CANCELLED,2026-04-24 21:58:01.300168
3457,52,2,3.0,182000.0,DELIVERED,2026-05-05 23:14:01.300168
3458,51,7,3.0,76000.0,DELIVERED,2026-05-05 08:41:01.300168
3459,93,7,1.0,49500.0,DELIVERED,2026-05-13 19:36:01.300168
3460,69,6,,12000.0,DELIVERED,2026-04-20 10:09:01.300168
3461,32,1,,285000.0,CANCELLED,2026-05-16 12:09:01.300168
3462,10,7,,36000.0,DELIVERED,2026-05-17 23:20:01.300168
3463,68,1,,75000.0,PENDING,2026-05-03 19:16:01.300168
3464,90,1,,5000.0,DELIVERED,2026-05-04 17:28:01.300168
3465,57,1,1.0,180000.0,DELIVERED,2026-04-20 06:45:01.300168
3466,47,8,2.0,250000.0,DELIVERED,2026-05-11 08:43:01.300168
3467,22,6,3.0,55000.0,DELIVERED,2026-05-09 16:56:01.300168
3468,53,9,1.0,215000.0,DELIVERED,2026-04-29 10:37:01.300168
3469,2,9,,80000.0,DELIVERED,2026-04-28 01:13:01.300168
3470,38,3,,180000.0,DELIVERED,2026-05-16 10:03:01.300168
3471,72,1,,150000.0,DELIVERED,2026-05-18 14:46:01.300168
3472,82,6,2.0,101600.0,CANCELLED,2026-04-25 21:10:01.300168
3473,2,4,,586000.0,DELIVERED,2026-05-12 05:56:01.300168
3474,96,10,,319000.0,DELIVERED,2026-04-25 09:35:01.300168
3475,14,9,,160000.0,DELIVERED,2026-04-22 17:37:01.300168
3476,98,3,,90000.0,DELIVERED,2026-05-03 18:03:01.300168
3477,68,2,,284000.0,DELIVERED,2026-04-25 12:12:01.300168
3478,6,10,1.0,162000.0,CANCELLED,2026-05-18 18:47:01.300168
3479,64,4,,416000.0,DELIVERED,2026-05-01 17:40:01.300168
3480,71,6,1.0,53100.0,DELIVERED,2026-05-05 04:13:01.300168
3481,57,7,3.0,29000.0,CANCELLED,2026-05-06 05:08:01.300168
3482,39,6,,139000.0,DELIVERED,2026-04-28 00:19:01.300168
3483,100,3,,165000.0,DELIVERED,2026-05-16 10:04:01.300168
3484,35,9,,270000.0,DELIVERED,2026-04-28 11:28:01.300168
3485,94,3,,170000.0,CANCELLED,2026-05-01 22:38:01.300168
3486,100,10,,260000.0,DELIVERED,2026-04-20 18:39:01.300168
3487,9,9,1.0,270000.0,DELIVERED,2026-04-23 11:14:01.300168
3488,90,5,,337000.0,CANCELLED,2026-05-10 16:43:01.300168
3489,35,2,2.0,101600.0,DELIVERED,2026-05-06 14:16:01.300168
3490,22,5,3.0,157000.0,DELIVERED,2026-04-22 01:21:01.300168
3491,53,5,2.0,347000.0,CANCELLED,2026-05-10 06:11:01.300168
3492,18,9,,315000.0,PENDING,2026-04-24 05:09:01.300168
3493,52,10,2.0,439000.0,DELIVERED,2026-05-04 08:23:01.300168
3494,82,2,,147000.0,DELIVERED,2026-04-24 10:36:01.300168
3495,26,1,,225000.0,DELIVERED,2026-04-26 03:15:01.300168
3496,4,8,,80000.0,DELIVERED,2026-04-25 18:49:01.300168
3497,95,7,,59000.0,DELIVERED,2026-04-21 16:52:01.300168
3498,16,10,,468000.0,DELIVERED,2026-05-12 23:55:01.300168
3499,56,5,1.0,153000.0,DELIVERED,2026-05-18 07:36:01.300168
3500,23,6,,15000.0,DELIVERED,2026-05-06 09:41:01.300168
3501,8,6,,92000.0,DELIVERED,2026-04-23 12:13:01.300168
3502,89,6,,97000.0,PENDING,2026-04-30 22:07:01.300168
3503,67,9,,145000.0,DELIVERED,2026-05-05 15:06:01.300168
3504,87,8,1.0,45000.0,CANCELLED,2026-05-17 04:28:01.300168
3505,85,10,,350000.0,DELIVERED,2026-05-16 19:45:01.300168
3506,92,10,1.0,658000.0,DELIVERED,2026-05-10 17:43:01.300168
3507,92,8,,235000.0,DELIVERED,2026-05-12 13:52:01.300168
3508,82,4,,98000.0,CANCELLED,2026-04-23 02:39:01.300168
3509,88,3,,15000.0,DELIVERED,2026-05-09 00:34:01.300168
3510,72,6,,64000.0,DELIVERED,2026-05-13 02:48:01.300168
3511,11,4,,657000.0,DELIVERED,2026-04-30 21:44:01.300168
3512,98,8,,100000.0,DELIVERED,2026-04-25 19:04:01.300168
3513,97,6,,105000.0,DELIVERED,2026-05-05 12:45:01.300168
3514,14,5,,225000.0,DELIVERED,2026-04-30 13:02:01.300168
3515,8,6,,116000.0,DELIVERED,2026-05-13 00:08:01.300168
3516,53,3,,160000.0,DELIVERED,2026-04-27 07:00:01.300168
3517,48,7,,15000.0,DELIVERED,2026-05-06 10:33:01.300168
3518,39,4,1.0,763000.0,DELIVERED,2026-05-05 00:12:01.300168
3519,78,7,1.0,69300.0,DELIVERED,2026-05-08 19:10:01.300168
3520,20,10,1.0,250000.0,DELIVERED,2026-04-30 03:21:01.300168
3521,74,4,1.0,934000.0,DELIVERED,2026-05-11 11:44:01.300168
3522,79,10,3.0,165000.0,DELIVERED,2026-05-03 07:12:01.300168
3523,3,5,3.0,100000.0,DELIVERED,2026-05-13 13:33:01.300168
3524,76,5,3.0,264000.0,DELIVERED,2026-05-19 07:54:01.300168
3525,16,3,,15000.0,DELIVERED,2026-05-11 12:27:01.300168
3526,16,8,,235000.0,CANCELLED,2026-05-19 01:00:01.300168
3527,86,6,,24000.0,DELIVERED,2026-05-15 01:42:01.300168
3528,34,1,,210000.0,DELIVERED,2026-04-23 22:50:01.300168
3529,36,2,,274000.0,DELIVERED,2026-05-09 05:43:01.300168
3530,7,7,,14000.0,DELIVERED,2026-04-26 06:48:01.300168
3531,89,3,1.0,63000.0,DELIVERED,2026-04-20 20:25:01.300168
3532,99,7,,7000.0,DELIVERED,2026-05-19 01:19:01.300168
3533,62,10,,40000.0,DELIVERED,2026-05-03 01:03:01.300168
3534,18,1,,275000.0,DELIVERED,2026-04-23 10:28:01.300168
3535,46,8,,45000.0,DELIVERED,2026-05-07 23:32:01.300168
3536,10,7,2.0,179200.0,DELIVERED,2026-05-07 10:27:01.300168
3537,41,4,,564000.0,DELIVERED,2026-04-20 08:58:01.300168
3538,98,6,,12000.0,DELIVERED,2026-05-14 20:09:01.300168
3539,34,9,,75000.0,DELIVERED,2026-04-26 02:29:01.300168
3540,85,9,,105000.0,DELIVERED,2026-05-02 02:01:01.300168
3541,79,8,,230000.0,DELIVERED,2026-05-13 12:16:01.300168
3542,65,9,,65000.0,DELIVERED,2026-05-04 09:31:01.300168
3543,91,5,,329000.0,DELIVERED,2026-05-02 23:16:01.300168
3544,86,8,,80000.0,DELIVERED,2026-05-01 17:01:01.300168
3545,53,4,1.0,637000.0,DELIVERED,2026-05-07 12:42:01.300168
3546,41,9,,15000.0,DELIVERED,2026-04-27 17:55:01.300168
3547,77,4,,465000.0,CANCELLED,2026-05-08 00:26:01.300168
3548,3,6,,129000.0,CANCELLED,2026-05-16 02:52:01.300168
3549,25,8,,40000.0,DELIVERED,2026-05-17 12:13:01.300168
3550,20,8,,50000.0,DELIVERED,2026-04-26 00:28:01.300168
3551,97,10,,270000.0,DELIVERED,2026-04-23 05:00:01.300168
3552,52,4,2.0,607000.0,DELIVERED,2026-05-16 06:03:01.300168
3553,24,8,,215000.0,DELIVERED,2026-05-05 16:32:01.300168
3554,23,6,,62000.0,PENDING,2026-05-05 01:03:01.300168
3555,94,7,,195000.0,DELIVERED,2026-05-19 02:57:01.300168
3556,86,7,3.0,117000.0,DELIVERED,2026-04-26 17:15:01.300168
3557,11,3,,120000.0,DELIVERED,2026-05-14 07:23:01.300168
3558,41,4,,904000.0,CANCELLED,2026-04-26 14:50:01.300168
3559,98,1,,405000.0,DELIVERED,2026-04-29 14:51:01.300168
3560,64,9,3.0,115000.0,DELIVERED,2026-05-12 20:44:01.300168
3561,77,2,1.0,78300.0,DELIVERED,2026-04-26 20:11:01.300168
3562,4,3,1.0,139500.0,CANCELLED,2026-05-10 14:54:01.300168
3563,42,5,,386000.0,DELIVERED,2026-05-10 06:55:01.300168
3564,13,2,,363000.0,DELIVERED,2026-04-30 06:45:01.300168
3565,72,7,1.0,75600.0,CANCELLED,2026-05-01 02:06:01.300168
3566,30,9,,195000.0,DELIVERED,2026-05-18 18:33:01.300168
3567,41,9,1.0,67500.0,DELIVERED,2026-04-26 06:12:01.300168
3568,80,9,,90000.0,CANCELLED,2026-05-03 08:32:01.300168
3569,89,9,,160000.0,DELIVERED,2026-04-26 17:01:01.300168
3570,100,1,3.0,185000.0,DELIVERED,2026-05-11 10:36:01.300168
3571,20,6,,50000.0,DELIVERED,2026-05-10 22:12:01.300168
3572,45,4,1.0,178200.0,DELIVERED,2026-05-14 17:48:01.300168
3573,76,7,,7000.0,DELIVERED,2026-04-27 19:36:01.300168
3574,44,2,,57000.0,DELIVERED,2026-05-07 11:03:01.300168
3575,9,3,,5000.0,DELIVERED,2026-05-10 08:32:01.300168
3576,56,6,,80000.0,DELIVERED,2026-05-12 08:29:01.300168
3577,19,4,,833000.0,PENDING,2026-05-17 21:07:01.300168
3578,32,3,1.0,166500.0,CANCELLED,2026-05-14 17:05:01.300168
3579,62,1,,355000.0,DELIVERED,2026-04-29 16:16:01.300168
3580,23,5,1.0,140400.0,DELIVERED,2026-04-30 23:01:01.300168
3581,79,6,,15000.0,DELIVERED,2026-05-14 10:43:01.300168
3582,1,8,,205000.0,CANCELLED,2026-05-14 10:59:01.300168
3583,71,4,,198000.0,DELIVERED,2026-05-10 10:21:01.300168
3584,87,7,,194000.0,DELIVERED,2026-05-15 01:36:01.300168
3585,27,5,,164000.0,DELIVERED,2026-04-20 20:12:01.300168
3586,30,1,,215000.0,PENDING,2026-04-20 06:26:01.300168
3587,83,2,,255000.0,DELIVERED,2026-05-09 02:55:01.300168
3588,23,9,,225000.0,DELIVERED,2026-05-18 18:55:01.300168
3589,92,8,,90000.0,DELIVERED,2026-05-12 03:52:01.300168
3590,76,4,1.0,88200.0,DELIVERED,2026-05-09 02:26:01.300168
3591,12,2,,57000.0,DELIVERED,2026-05-11 13:20:01.300168
3592,45,8,,15000.0,DELIVERED,2026-05-16 01:21:01.300168
3593,68,10,,697000.0,DELIVERED,2026-05-04 17:52:01.300168
3594,52,8,2.0,116000.0,DELIVERED,2026-05-14 05:18:01.300168
3595,91,10,,647000.0,DELIVERED,2026-05-19 11:03:01.300168
3596,53,8,2.0,235000.0,DELIVERED,2026-05-09 17:44:01.300168
3597,54,4,,904000.0,DELIVERED,2026-04-23 22:11:01.300168
3598,9,2,1.0,52200.0,CANCELLED,2026-05-16 23:17:01.300168
3599,71,9,,15000.0,DELIVERED,2026-05-14 00:52:01.300168
3600,15,8,,300000.0,DELIVERED,2026-05-08 04:57:01.300168
3601,91,2,,77000.0,DELIVERED,2026-05-13 17:25:01.300168
3602,47,1,3.0,50000.0,DELIVERED,2026-04-24 19:31:01.300168
3603,52,1,,145000.0,CANCELLED,2026-05-08 01:43:01.300168
3604,84,6,,64000.0,DELIVERED,2026-04-27 14:01:01.300168
3605,61,1,,15000.0,DELIVERED,2026-04-30 08:02:01.300168
3606,33,4,2.0,158400.0,DELIVERED,2026-05-02 18:32:01.300168
3607,28,1,2.0,168000.0,DELIVERED,2026-05-11 01:06:01.300168
3608,51,6,,139000.0,CANCELLED,2026-04-21 08:26:01.300168
3609,81,10,,120000.0,DELIVERED,2026-04-28 11:26:01.300168
3610,80,8,,120000.0,DELIVERED,2026-04-28 11:35:01.300168
3611,21,7,,124000.0,PENDING,2026-05-06 15:51:01.300168
3612,69,3,3.0,50000.0,DELIVERED,2026-05-19 09:20:01.300168
3613,42,1,,10000.0,DELIVERED,2026-04-25 00:25:01.300168
3614,62,7,,14000.0,CANCELLED,2026-05-10 02:35:01.300168
3615,31,7,,202000.0,DELIVERED,2026-04-28 01:08:01.300168
3616,42,7,2.0,173600.0,DELIVERED,2026-05-07 06:31:01.300168
3617,35,5,,342000.0,DELIVERED,2026-04-28 22:54:01.300168
3618,69,8,,165000.0,DELIVERED,2026-05-04 10:41:01.300168
3619,15,6,,97000.0,DELIVERED,2026-05-05 18:40:01.300168
3620,63,7,,7000.0,DELIVERED,2026-05-05 10:57:01.300168
3621,91,5,2.0,279000.0,DELIVERED,2026-05-04 14:22:01.300168
3622,36,10,,687000.0,DELIVERED,2026-05-03 03:01:01.300168
3623,22,2,1.0,131400.0,DELIVERED,2026-05-02 16:08:01.300168
3624,96,9,1.0,85500.0,DELIVERED,2026-04-21 20:30:01.300168
3625,99,2,1.0,86400.0,DELIVERED,2026-05-06 07:28:01.300168
3626,5,10,,90000.0,CANCELLED,2026-04-29 08:59:01.300168
3627,71,8,,80000.0,DELIVERED,2026-05-14 15:03:01.300168
3628,54,1,1.0,385000.0,DELIVERED,2026-05-16 02:00:01.300168
3629,60,3,2.0,144000.0,DELIVERED,2026-05-08 23:07:01.300168
3630,46,2,3.0,278000.0,DELIVERED,2026-04-22 17:09:01.300168
3631,13,2,,67000.0,PENDING,2026-04-29 03:27:01.300168
3632,16,3,,95000.0,DELIVERED,2026-05-05 06:03:01.300168
3633,26,6,3.0,31000.0,CANCELLED,2026-05-17 18:04:01.300168
3634,92,2,,57000.0,DELIVERED,2026-04-30 12:51:01.300168
3635,69,8,,50000.0,DELIVERED,2026-05-16 11:26:01.300168
3636,3,4,1.0,1032000.0,DELIVERED,2026-05-18 06:15:01.300168
3637,66,10,1.0,478000.0,DELIVERED,2026-05-19 10:19:01.300168
3638,46,7,,209000.0,CANCELLED,2026-05-05 03:38:01.300168
3639,86,10,,508000.0,DELIVERED,2026-05-02 02:40:01.300168
3640,36,7,2.0,168000.0,DELIVERED,2026-05-07 14:29:01.300168
3641,46,2,,354000.0,DELIVERED,2026-04-24 20:35:01.300168
3642,27,10,,40000.0,DELIVERED,2026-04-20 01:05:01.300168
3643,72,8,,105000.0,DELIVERED,2026-05-12 00:11:01.300168
3644,20,2,,178000.0,DELIVERED,2026-04-27 23:46:01.300168
3645,12,8,,30000.0,DELIVERED,2026-04-22 06:00:01.300168
3646,30,1,3.0,270000.0,DELIVERED,2026-04-26 04:14:01.300168
3647,6,5,,284000.0,DELIVERED,2026-04-25 09:41:01.300168
3648,28,2,3.0,23000.0,DELIVERED,2026-05-03 18:56:01.300168
3649,53,2,3.0,129000.0,DELIVERED,2026-05-11 19:38:01.300168
3650,43,4,3.0,839000.0,CANCELLED,2026-05-18 14:24:01.300168
3651,56,1,,140000.0,DELIVERED,2026-05-07 15:23:01.300168
3652,46,10,3.0,105000.0,DELIVERED,2026-04-27 16:17:01.300168
3653,84,10,,260000.0,DELIVERED,2026-04-24 19:06:01.300168
3654,8,5,,277000.0,DELIVERED,2026-05-02 18:39:01.300168
3655,56,9,2.0,124000.0,DELIVERED,2026-05-16 04:49:01.300168
3656,63,5,,284000.0,DELIVERED,2026-04-23 13:12:01.300168
3657,68,8,,130000.0,DELIVERED,2026-05-01 07:01:01.300168
3658,4,5,,165000.0,DELIVERED,2026-05-09 11:03:01.300168
3659,29,6,,36000.0,DELIVERED,2026-05-08 23:36:01.300168
3660,65,4,2.0,247000.0,DELIVERED,2026-04-25 08:35:01.300168
3661,70,7,3.0,154000.0,DELIVERED,2026-05-04 06:08:01.300168
3662,44,4,,657000.0,DELIVERED,2026-05-18 13:26:01.300168
3663,4,5,2.0,226000.0,DELIVERED,2026-05-14 22:29:01.300168
3664,55,10,,170000.0,DELIVERED,2026-04-24 19:34:01.300168
3665,54,2,,204000.0,DELIVERED,2026-05-11 03:41:01.300168
3666,20,4,,1002000.0,DELIVERED,2026-05-13 06:07:01.300168
3667,83,3,,30000.0,DELIVERED,2026-05-14 05:18:01.300168
3668,4,10,,687000.0,DELIVERED,2026-04-27 03:19:01.300168
3669,60,9,3.0,205000.0,DELIVERED,2026-04-24 11:00:01.300168
3670,21,8,,185000.0,CANCELLED,2026-04-27 07:35:01.300168
3671,79,6,2.0,88000.0,DELIVERED,2026-04-29 17:13:01.300168
3672,36,5,,170000.0,DELIVERED,2026-05-07 04:51:01.300168
3673,21,1,3.0,195000.0,CANCELLED,2026-05-03 23:03:01.300168
3674,70,7,,209000.0,DELIVERED,2026-04-23 10:46:01.300168
3675,87,4,,345000.0,DELIVERED,2026-04-28 06:00:01.300168
3676,36,6,3.0,20000.0,DELIVERED,2026-04-23 22:06:01.300168
3677,19,7,3.0,30000.0,DELIVERED,2026-05-12 19:10:01.300168
3678,62,8,,150000.0,CANCELLED,2026-05-18 05:09:01.300168
3679,61,2,,29000.0,DELIVERED,2026-05-18 12:37:01.300168
3680,82,3,,40000.0,DELIVERED,2026-05-08 19:26:01.300168
3681,38,9,,55000.0,DELIVERED,2026-05-09 01:13:01.300168
3682,65,9,3.0,60000.0,DELIVERED,2026-04-22 18:19:01.300168
3683,34,8,,85000.0,DELIVERED,2026-05-05 06:37:01.300168
3684,44,10,1.0,250000.0,CANCELLED,2026-05-15 06:57:01.300168
3685,61,8,,315000.0,CANCELLED,2026-05-11 08:57:01.300168
3686,81,8,3.0,285000.0,DELIVERED,2026-04-29 22:22:01.300168
3687,94,10,,378000.0,DELIVERED,2026-05-07 10:24:01.300168
3688,53,6,1.0,68400.0,DELIVERED,2026-05-05 16:42:01.300168
3689,78,3,,85000.0,DELIVERED,2026-05-09 04:16:01.300168
3690,9,10,,180000.0,DELIVERED,2026-05-09 22:07:01.300168
3691,50,5,,112000.0,DELIVERED,2026-04-30 12:47:01.300168
3692,24,4,,147000.0,DELIVERED,2026-05-01 18:32:01.300168
3693,79,1,1.0,400000.0,DELIVERED,2026-05-07 11:07:01.300168
3694,100,2,1.0,175500.0,PENDING,2026-04-21 05:48:01.300168
3695,12,7,,44000.0,DELIVERED,2026-05-07 21:13:01.300168
3696,7,6,,12000.0,DELIVERED,2026-05-11 16:39:01.300168
3697,8,8,,30000.0,CANCELLED,2026-05-12 00:50:01.300168
3698,85,10,,189000.0,DELIVERED,2026-04-20 04:41:01.300168
3699,99,6,,24000.0,CANCELLED,2026-05-06 01:01:01.300168
3700,39,10,1.0,259000.0,DELIVERED,2026-05-19 02:46:01.300168
3701,73,10,,180000.0,DELIVERED,2026-05-04 22:23:01.300168
3702,49,3,1.0,90000.0,DELIVERED,2026-04-21 21:49:01.300168
3703,30,6,3.0,100000.0,DELIVERED,2026-05-18 03:34:01.300168
3704,53,1,,210000.0,CANCELLED,2026-05-09 07:45:01.300168
3705,2,3,,40000.0,CANCELLED,2026-05-11 17:09:01.300168
3706,23,2,3.0,240000.0,DELIVERED,2026-05-15 08:57:01.300168
3707,51,2,3.0,269000.0,DELIVERED,2026-05-08 09:21:01.300168
3708,46,8,,120000.0,DELIVERED,2026-05-16 02:28:01.300168
3709,96,5,2.0,281000.0,DELIVERED,2026-04-21 08:52:01.300168
3710,40,7,,30000.0,DELIVERED,2026-05-11 04:52:01.300168
3711,82,8,,200000.0,DELIVERED,2026-05-04 16:42:01.300168
3712,89,1,3.0,405000.0,DELIVERED,2026-04-25 13:31:01.300168
3713,10,5,,446000.0,DELIVERED,2026-05-19 15:42:01.300168
3714,86,5,3.0,37000.0,DELIVERED,2026-05-14 14:23:01.300168
3715,95,5,,55000.0,DELIVERED,2026-04-26 01:48:01.300168
3716,97,6,,127000.0,DELIVERED,2026-04-20 06:33:01.300168
3717,13,10,2.0,269000.0,DELIVERED,2026-05-12 03:23:01.300168
3718,29,6,,115000.0,DELIVERED,2026-04-21 01:48:01.300168
3719,75,2,,118000.0,DELIVERED,2026-04-27 07:43:01.300168
3720,37,4,,345000.0,CANCELLED,2026-04-22 01:47:01.300168
3721,6,4,,98000.0,DELIVERED,2026-04-30 01:19:01.300168
3722,84,2,3.0,182000.0,DELIVERED,2026-05-19 08:14:01.300168
3723,58,2,3.0,81000.0,DELIVERED,2026-04-25 01:17:01.300168
3724,28,7,2.0,172800.0,DELIVERED,2026-05-08 03:06:01.300168
3725,3,5,,381000.0,CANCELLED,2026-04-23 09:32:01.300168
3726,88,8,,205000.0,CANCELLED,2026-05-13 19:29:01.300168
3727,11,9,3.0,195000.0,CANCELLED,2026-04-23 11:04:01.300168
3728,2,5,,339000.0,DELIVERED,2026-05-18 04:23:01.300168
3729,49,2,3.0,42000.0,CANCELLED,2026-04-28 01:01:01.300168
3730,19,7,3.0,30000.0,DELIVERED,2026-05-19 04:13:01.300168
3731,21,6,,94000.0,DELIVERED,2026-05-02 01:38:01.300168
3732,86,8,,50000.0,DELIVERED,2026-04-30 02:02:01.300168
3733,19,5,,211000.0,DELIVERED,2026-05-08 12:44:01.300168
3734,78,2,,87000.0,DELIVERED,2026-05-14 03:36:01.300168
3735,23,3,3.0,55000.0,DELIVERED,2026-05-18 07:16:01.300168
3736,35,7,1.0,204000.0,DELIVERED,2026-05-16 17:55:01.300168
3737,46,3,3.0,25000.0,DELIVERED,2026-05-13 02:24:01.300168
3738,68,5,2.0,88000.0,DELIVERED,2026-05-10 03:55:01.300168
3739,78,4,,635000.0,DELIVERED,2026-04-27 19:22:01.300168
3740,51,10,,80000.0,DELIVERED,2026-05-05 20:59:01.300168
3741,30,4,,318000.0,DELIVERED,2026-05-01 17:53:01.300168
3742,52,8,,140000.0,DELIVERED,2026-04-20 11:01:01.300168
3743,76,1,,410000.0,DELIVERED,2026-05-07 03:01:01.300168
3744,56,8,3.0,65000.0,DELIVERED,2026-04-22 13:04:01.300168
3745,98,10,1.0,708000.0,DELIVERED,2026-04-26 00:18:01.300168
3746,41,3,,160000.0,DELIVERED,2026-04-27 18:34:01.300168
3747,82,5,3.0,150000.0,DELIVERED,2026-05-18 13:34:01.300168
3748,2,1,1.0,385000.0,DELIVERED,2026-05-13 00:31:01.300168
3749,41,2,3.0,33000.0,DELIVERED,2026-04-26 21:35:01.300168
3750,14,7,,99000.0,DELIVERED,2026-05-16 21:58:01.300168
3751,100,10,1.0,200000.0,DELIVERED,2026-04-24 13:11:01.300168
3752,65,6,,22000.0,DELIVERED,2026-05-07 14:41:01.300168
3753,2,6,,50000.0,DELIVERED,2026-05-17 15:21:01.300168
3754,33,3,,60000.0,DELIVERED,2026-04-30 05:18:01.300168
3755,88,9,,120000.0,DELIVERED,2026-04-22 21:43:01.300168
3756,83,9,3.0,220000.0,DELIVERED,2026-05-05 01:04:01.300168
3757,2,2,,296000.0,PENDING,2026-05-05 15:45:01.300168
3758,3,1,,85000.0,CANCELLED,2026-05-12 10:16:01.300168
3759,21,8,3.0,80000.0,DELIVERED,2026-05-02 15:31:01.300168
3760,32,3,,5000.0,DELIVERED,2026-04-29 14:21:01.300168
3761,73,4,1.0,545000.0,DELIVERED,2026-05-02 23:45:01.300168
3762,10,10,,867000.0,DELIVERED,2026-05-04 16:02:01.300168
3763,48,5,,391000.0,DELIVERED,2026-05-04 01:07:01.300168
3764,15,9,,110000.0,DELIVERED,2026-05-07 15:05:01.300168
3765,97,6,,99000.0,DELIVERED,2026-05-08 00:25:01.300168
3766,81,1,,200000.0,PENDING,2026-04-28 11:07:01.300168
3767,36,8,1.0,45000.0,DELIVERED,2026-05-02 06:25:01.300168
3768,89,4,1.0,544000.0,DELIVERED,2026-05-19 09:19:01.300168
3769,4,7,,154000.0,DELIVERED,2026-04-29 00:31:01.300168
3770,55,3,,30000.0,DELIVERED,2026-05-03 13:04:01.300168
3771,70,2,,125000.0,DELIVERED,2026-04-29 22:51:01.300168
3772,30,1,,270000.0,CANCELLED,2026-05-01 16:49:01.300168
3773,26,7,3.0,150000.0,DELIVERED,2026-04-24 13:01:01.300168
3774,82,4,1.0,862000.0,DELIVERED,2026-05-07 17:52:01.300168
3775,6,5,,172000.0,DELIVERED,2026-04-27 21:22:01.300168
3776,19,4,,657000.0,DELIVERED,2026-05-14 06:27:01.300168
3777,64,9,1.0,63000.0,DELIVERED,2026-04-23 03:37:01.300168
3778,23,5,,501000.0,CANCELLED,2026-05-03 01:49:01.300168
3779,74,1,2.0,120000.0,DELIVERED,2026-04-25 04:19:01.300168
3780,17,3,1.0,200000.0,DELIVERED,2026-04-22 08:06:01.300168
3781,12,4,,98000.0,DELIVERED,2026-04-30 19:24:01.300168
3782,92,6,,92000.0,DELIVERED,2026-05-17 07:18:01.300168
3783,71,4,,297000.0,DELIVERED,2026-04-21 21:15:01.300168
3784,33,9,,160000.0,CANCELLED,2026-04-25 05:17:01.300168
3785,100,8,,85000.0,DELIVERED,2026-05-01 17:25:01.300168
3786,56,4,3.0,34000.0,DELIVERED,2026-04-30 19:56:01.300168
3787,33,10,2.0,151200.0,CANCELLED,2026-05-06 16:58:01.300168
3788,7,2,,303000.0,DELIVERED,2026-04-27 11:10:01.300168
3789,53,2,,58000.0,DELIVERED,2026-04-27 07:34:01.300168
3790,56,9,,195000.0,DELIVERED,2026-05-08 01:59:01.300168
3791,13,5,2.0,132000.0,DELIVERED,2026-05-16 03:22:01.300168
3792,73,8,,80000.0,DELIVERED,2026-05-07 16:13:01.300168
3793,73,10,2.0,96000.0,DELIVERED,2026-05-13 01:33:01.300168
3794,75,4,2.0,117600.0,DELIVERED,2026-04-29 20:23:01.300168
3795,30,1,,415000.0,DELIVERED,2026-05-19 15:35:01.300168
3796,84,6,1.0,87300.0,DELIVERED,2026-05-15 23:44:01.300168
3797,26,2,3.0,72000.0,DELIVERED,2026-05-06 00:04:01.300168
3798,55,4,,516000.0,DELIVERED,2026-05-12 21:37:01.300168
3799,47,8,3.0,35000.0,DELIVERED,2026-04-25 23:38:01.300168
3800,9,7,,231000.0,CANCELLED,2026-04-27 07:18:01.300168
3801,57,5,,290000.0,DELIVERED,2026-05-09 10:16:01.300168
3802,42,9,,75000.0,DELIVERED,2026-05-13 04:45:01.300168
3803,22,1,,70000.0,DELIVERED,2026-05-12 02:22:01.300168
3804,21,8,,40000.0,DELIVERED,2026-05-10 09:44:01.300168
3805,61,9,3.0,15000.0,DELIVERED,2026-05-15 23:59:01.300168
3806,34,6,3.0,71000.0,DELIVERED,2026-04-29 16:50:01.300168
3807,8,7,,210000.0,DELIVERED,2026-05-07 14:10:01.300168
3808,65,9,,105000.0,DELIVERED,2026-05-13 06:24:01.300168
3809,59,2,,267000.0,DELIVERED,2026-05-09 20:53:01.300168
3810,75,5,1.0,270000.0,CANCELLED,2026-05-08 18:43:01.300168
3811,37,4,2.0,755000.0,PENDING,2026-04-25 01:36:01.300168
3812,83,1,,275000.0,DELIVERED,2026-05-19 17:41:01.300168
3813,29,10,,567000.0,DELIVERED,2026-04-29 09:41:01.300168
3814,61,3,3.0,15000.0,DELIVERED,2026-05-07 17:13:01.300168
3815,95,7,3.0,22000.0,DELIVERED,2026-05-09 12:53:01.300168
3816,36,10,,579000.0,DELIVERED,2026-05-09 23:55:01.300168
3817,71,4,3.0,282000.0,DELIVERED,2026-05-08 23:42:01.300168
3818,76,9,,25000.0,DELIVERED,2026-04-28 08:44:01.300168
3819,4,5,,386000.0,DELIVERED,2026-04-27 17:33:01.300168
3820,34,8,,45000.0,DELIVERED,2026-05-14 15:04:01.300168
3821,99,6,,5000.0,DELIVERED,2026-05-08 06:34:01.300168
3822,64,10,1.0,250000.0,DELIVERED,2026-05-14 16:31:01.300168
3823,24,7,3.0,139000.0,DELIVERED,2026-04-21 17:30:01.300168
3824,7,5,1.0,254000.0,DELIVERED,2026-05-16 09:47:01.300168
3825,30,9,,105000.0,DELIVERED,2026-05-08 01:00:01.300168
3826,5,1,1.0,121500.0,PENDING,2026-05-02 14:00:01.300168
3827,73,3,,115000.0,DELIVERED,2026-05-16 20:23:01.300168
3828,92,2,,38000.0,DELIVERED,2026-05-16 05:59:01.300168
3829,75,3,,120000.0,CANCELLED,2026-05-16 08:13:01.300168
3830,37,10,,567000.0,DELIVERED,2026-05-05 03:14:01.300168
3831,50,2,,185000.0,CANCELLED,2026-04-29 20:02:01.300168
3832,37,3,,135000.0,DELIVERED,2026-04-27 02:36:01.300168
3833,43,4,,219000.0,DELIVERED,2026-04-26 01:44:01.300168
3834,4,10,,648000.0,DELIVERED,2026-05-17 17:53:01.300168
3835,13,6,3.0,37000.0,CANCELLED,2026-04-25 09:29:01.300168
3836,45,4,2.0,175200.0,DELIVERED,2026-04-24 10:43:01.300168
3837,11,10,,678000.0,DELIVERED,2026-04-28 01:50:01.300168
3838,67,8,2.0,96000.0,DELIVERED,2026-05-01 11:20:01.300168
3839,9,2,3.0,281000.0,DELIVERED,2026-04-28 04:02:01.300168
3840,6,8,,195000.0,DELIVERED,2026-04-23 23:51:01.300168
3841,41,4,3.0,571000.0,DELIVERED,2026-05-06 18:50:01.300168
3842,18,6,3.0,55000.0,CANCELLED,2026-05-03 21:46:01.300168
3843,39,7,3.0,157000.0,DELIVERED,2026-05-04 00:16:01.300168
3844,9,7,,21000.0,CANCELLED,2026-04-25 23:11:01.300168
3845,78,9,3.0,60000.0,DELIVERED,2026-05-16 04:40:01.300168
3846,53,8,,170000.0,DELIVERED,2026-04-29 03:09:01.300168
3847,20,9,3.0,25000.0,DELIVERED,2026-05-15 05:34:01.300168
3848,54,1,,355000.0,DELIVERED,2026-05-05 15:57:01.300168
3849,72,5,1.0,316000.0,DELIVERED,2026-05-11 19:43:01.300168
3850,22,9,2.0,140000.0,DELIVERED,2026-04-26 15:50:01.300168
3851,58,3,,180000.0,CANCELLED,2026-05-13 13:01:01.300168
3852,29,4,,219000.0,DELIVERED,2026-04-22 00:56:01.300168
3853,61,2,,57000.0,CANCELLED,2026-04-26 10:46:01.300168
3854,51,10,,220000.0,DELIVERED,2026-05-13 07:06:01.300168
3855,48,7,,224000.0,PENDING,2026-04-24 11:44:01.300168
3856,92,4,,904000.0,CANCELLED,2026-05-06 05:43:01.300168
3857,77,3,,185000.0,CANCELLED,2026-05-11 07:00:01.300168
3858,45,8,3.0,85000.0,DELIVERED,2026-04-19 18:19:01.300168
3859,93,5,,60000.0,DELIVERED,2026-05-08 18:18:01.300168
3860,61,4,,198000.0,DELIVERED,2026-04-24 13:49:01.300168
3861,28,2,,115000.0,DELIVERED,2026-04-30 17:44:01.300168
3862,12,3,,70000.0,DELIVERED,2026-05-06 22:59:01.300168
3863,12,6,,117000.0,PENDING,2026-04-27 18:07:01.300168
3864,76,9,3.0,15000.0,DELIVERED,2026-05-03 17:34:01.300168
3865,68,8,3.0,175000.0,DELIVERED,2026-05-11 09:30:01.300168
3866,67,1,,215000.0,DELIVERED,2026-05-09 12:44:01.300168
3867,9,7,2.0,116800.0,DELIVERED,2026-05-14 18:48:01.300168
3868,85,10,,539000.0,DELIVERED,2026-05-08 14:02:01.300168
3869,57,2,,89000.0,PENDING,2026-05-02 11:06:01.300168
3870,46,2,,178000.0,DELIVERED,2026-04-25 21:01:01.300168
3871,96,1,,410000.0,DELIVERED,2026-04-27 17:04:01.300168
3872,50,10,,309000.0,DELIVERED,2026-04-22 18:48:01.300168
3873,20,2,3.0,112000.0,DELIVERED,2026-05-03 03:18:01.300168
3874,51,1,2.0,290000.0,DELIVERED,2026-05-18 21:48:01.300168
3875,46,9,,25000.0,CANCELLED,2026-04-19 22:40:01.300168
3876,18,8,,95000.0,DELIVERED,2026-05-17 12:16:01.300168
3877,1,1,,220000.0,CANCELLED,2026-04-23 14:43:01.300168
3878,3,4,,99000.0,PENDING,2026-05-08 03:58:01.300168
3879,95,7,,7000.0,DELIVERED,2026-05-01 20:26:01.300168
3880,22,3,,120000.0,DELIVERED,2026-05-17 16:39:01.300168
3881,10,1,,130000.0,DELIVERED,2026-04-30 07:04:01.300168
3882,100,9,,130000.0,DELIVERED,2026-04-23 22:17:01.300168
3883,57,1,1.0,72000.0,DELIVERED,2026-05-16 02:29:01.300168
3884,50,5,3.0,374000.0,CANCELLED,2026-04-25 11:37:01.300168
3885,28,9,2.0,215000.0,DELIVERED,2026-05-03 07:39:01.300168
3886,37,2,,58000.0,DELIVERED,2026-05-10 04:34:01.300168
3887,75,4,,417000.0,DELIVERED,2026-04-25 14:24:01.300168
3888,2,7,3.0,95000.0,DELIVERED,2026-05-10 19:06:01.300168
3889,30,2,,57000.0,DELIVERED,2026-04-25 04:08:01.300168
3890,2,9,3.0,155000.0,DELIVERED,2026-05-13 04:52:01.300168
3891,58,5,,170000.0,DELIVERED,2026-04-22 04:13:01.300168
3892,15,10,,678000.0,DELIVERED,2026-04-20 10:37:01.300168
3893,94,6,,15000.0,DELIVERED,2026-05-16 23:38:01.300168
3894,3,8,,65000.0,DELIVERED,2026-05-14 00:57:01.300168
3895,35,9,,250000.0,DELIVERED,2026-05-02 18:13:01.300168
3896,27,2,3.0,74000.0,DELIVERED,2026-05-13 00:06:01.300168
3897,58,2,3.0,81000.0,DELIVERED,2026-05-17 10:32:01.300168
3898,73,10,,657000.0,PENDING,2026-05-07 21:53:01.300168
3899,41,3,,35000.0,DELIVERED,2026-05-13 19:12:01.300168
3900,17,7,1.0,148500.0,DELIVERED,2026-04-29 22:55:01.300168
3901,40,4,3.0,620000.0,DELIVERED,2026-05-08 18:29:01.300168
3902,93,4,2.0,607000.0,DELIVERED,2026-04-24 23:18:01.300168
3903,21,4,,148000.0,DELIVERED,2026-05-03 08:56:01.300168
3904,30,9,3.0,105000.0,DELIVERED,2026-05-02 09:03:01.300168
3905,54,9,3.0,30000.0,DELIVERED,2026-04-25 04:16:01.300168
3906,95,8,3.0,175000.0,CANCELLED,2026-04-29 15:02:01.300168
3907,36,6,,139000.0,DELIVERED,2026-04-30 19:30:01.300168
3908,28,6,,46000.0,DELIVERED,2026-05-12 04:47:01.300168
3909,59,5,2.0,175200.0,DELIVERED,2026-05-12 10:45:01.300168
3910,66,6,,117000.0,DELIVERED,2026-05-07 07:07:01.300168
3911,36,5,,104000.0,DELIVERED,2026-05-17 04:31:01.300168
3912,15,8,,100000.0,DELIVERED,2026-05-12 03:40:01.300168
3913,23,5,,115000.0,DELIVERED,2026-04-30 04:25:01.300168
3914,58,7,,30000.0,DELIVERED,2026-04-29 11:28:01.300168
3915,4,6,,70000.0,DELIVERED,2026-04-22 23:03:01.300168
3916,52,1,,195000.0,DELIVERED,2026-04-28 17:48:01.300168
3917,68,9,3.0,80000.0,DELIVERED,2026-04-28 16:34:01.300168
3918,9,6,,82000.0,DELIVERED,2026-04-25 23:39:01.300168
3919,93,9,2.0,116000.0,DELIVERED,2026-05-03 18:35:01.300168
3920,50,9,,75000.0,CANCELLED,2026-05-06 00:48:01.300168
3921,24,6,3.0,21000.0,DELIVERED,2026-05-15 16:03:01.300168
3922,94,5,,397000.0,DELIVERED,2026-04-25 14:19:01.300168
3923,36,10,3.0,25000.0,DELIVERED,2026-05-05 04:45:01.300168
3924,88,2,,87000.0,DELIVERED,2026-05-16 19:48:01.300168
3925,75,10,3.0,65000.0,DELIVERED,2026-05-11 01:32:01.300168
3926,61,1,,290000.0,DELIVERED,2026-05-15 03:30:01.300168
3927,9,2,,392000.0,DELIVERED,2026-04-23 13:22:01.300168
3928,29,3,3.0,165000.0,DELIVERED,2026-05-07 14:51:01.300168
3929,36,1,2.0,160000.0,DELIVERED,2026-05-01 16:51:01.300168
3930,78,9,,170000.0,CANCELLED,2026-05-11 04:30:01.300168
3931,28,8,,80000.0,DELIVERED,2026-05-18 02:08:01.300168
3932,98,6,,59000.0,DELIVERED,2026-05-17 10:35:01.300168
3933,33,5,,290000.0,DELIVERED,2026-05-17 17:19:01.300168
3934,84,2,2.0,265000.0,DELIVERED,2026-05-18 15:37:01.300168
3935,20,2,3.0,377000.0,DELIVERED,2026-05-04 22:03:01.300168
3936,100,5,,386000.0,DELIVERED,2026-04-29 11:34:01.300168
3937,1,8,,195000.0,DELIVERED,2026-04-24 04:48:01.300168
3938,43,6,,122000.0,DELIVERED,2026-05-15 15:57:01.300168
3939,72,4,1.0,248000.0,DELIVERED,2026-05-01 15:07:01.300168
3940,82,6,3.0,30000.0,DELIVERED,2026-05-17 02:26:01.300168
3941,47,7,,30000.0,DELIVERED,2026-05-04 08:15:01.300168
3942,45,1,3.0,50000.0,DELIVERED,2026-04-21 11:33:01.300168
3943,35,10,,638000.0,DELIVERED,2026-05-08 11:25:01.300168
3944,22,8,2.0,108000.0,DELIVERED,2026-05-11 03:44:01.300168
3945,45,9,,200000.0,DELIVERED,2026-05-01 21:01:01.300168
3946,88,9,3.0,65000.0,DELIVERED,2026-04-20 20:53:01.300168
3947,2,5,,394000.0,DELIVERED,2026-05-16 16:01:01.300168
3948,56,6,,24000.0,CANCELLED,2026-05-12 14:03:01.300168
3949,57,7,2.0,137600.0,DELIVERED,2026-05-16 11:44:01.300168
3950,19,4,,345000.0,DELIVERED,2026-04-29 19:10:01.300168
3951,19,9,2.0,84000.0,DELIVERED,2026-05-01 15:25:01.300168
3952,34,5,,52000.0,DELIVERED,2026-04-29 05:34:01.300168
3953,48,1,,195000.0,DELIVERED,2026-04-27 18:04:01.300168
3954,42,2,2.0,101600.0,DELIVERED,2026-04-23 01:20:01.300168
3955,79,2,,57000.0,PENDING,2026-05-07 12:47:01.300168
3956,87,2,3.0,189000.0,PENDING,2026-05-13 23:11:01.300168
3957,26,8,,110000.0,DELIVERED,2026-05-07 12:47:01.300168
3958,21,4,,804000.0,DELIVERED,2026-05-17 05:40:01.300168
3959,73,1,,210000.0,DELIVERED,2026-05-06 06:52:01.300168
3960,22,10,2.0,517000.0,DELIVERED,2026-04-27 05:30:01.300168
3961,32,8,,180000.0,DELIVERED,2026-04-29 09:12:01.300168
3962,42,9,,175000.0,DELIVERED,2026-04-30 16:48:01.300168
3963,79,7,3.0,131000.0,DELIVERED,2026-04-29 04:52:01.300168
3964,20,7,3.0,21000.0,DELIVERED,2026-05-03 09:19:01.300168
3965,63,4,,395000.0,DELIVERED,2026-05-16 18:47:01.300168
3966,44,9,,170000.0,CANCELLED,2026-04-30 01:41:01.300168
3967,2,2,,296000.0,DELIVERED,2026-05-09 04:46:01.300168
3968,7,8,2.0,104000.0,CANCELLED,2026-05-06 20:49:01.300168
3969,41,8,,260000.0,DELIVERED,2026-05-12 22:38:01.300168
3970,94,7,3.0,22000.0,DELIVERED,2026-04-23 07:53:01.300168
3971,87,7,,14000.0,DELIVERED,2026-04-20 20:33:01.300168
3972,68,4,2.0,247000.0,DELIVERED,2026-05-14 06:08:01.300168
3973,6,8,1.0,135000.0,DELIVERED,2026-05-19 09:44:01.300168
3974,5,8,2.0,136000.0,PENDING,2026-05-18 21:00:01.300168
3975,90,6,,45000.0,DELIVERED,2026-05-08 20:34:01.300168
3976,55,1,,420000.0,DELIVERED,2026-05-04 03:01:01.300168
3977,60,5,1.0,374000.0,CANCELLED,2026-04-25 13:05:01.300168
3978,40,7,,110000.0,CANCELLED,2026-05-18 08:10:01.300168
3979,35,4,,734000.0,DELIVERED,2026-04-28 04:46:01.300168
3980,45,2,,392000.0,CANCELLED,2026-05-19 04:57:01.300168
3981,48,2,,147000.0,CANCELLED,2026-04-23 05:53:01.300168
3982,1,10,,489000.0,DELIVERED,2026-05-05 20:32:01.300168
3983,51,10,1.0,807000.0,DELIVERED,2026-05-14 07:17:01.300168
3984,72,6,,12000.0,DELIVERED,2026-04-23 06:47:01.300168
3985,82,4,,366000.0,DELIVERED,2026-05-10 13:03:01.300168
3986,22,4,,903000.0,CANCELLED,2026-05-04 03:28:01.300168
3987,65,10,,418000.0,DELIVERED,2026-05-02 13:16:01.300168
3988,28,6,,46000.0,DELIVERED,2026-05-16 02:18:01.300168
3989,45,9,3.0,130000.0,DELIVERED,2026-04-29 06:28:01.300168
3990,75,6,,12000.0,DELIVERED,2026-04-23 19:45:01.300168
3991,46,2,,235000.0,DELIVERED,2026-04-29 12:45:01.300168
3992,69,6,2.0,97600.0,DELIVERED,2026-04-23 05:24:01.300168
3993,81,6,,64000.0,DELIVERED,2026-04-28 04:22:01.300168
3994,77,6,,12000.0,CANCELLED,2026-05-04 18:29:01.300168
3995,91,9,,240000.0,PENDING,2026-05-17 20:49:01.300168
3996,65,4,,147000.0,DELIVERED,2026-04-23 16:03:01.300168
3997,60,1,2.0,168000.0,DELIVERED,2026-05-01 01:16:01.300168
3998,64,1,,140000.0,DELIVERED,2026-04-28 20:36:01.300168
3999,17,7,,29000.0,DELIVERED,2026-05-10 06:34:01.300168
4000,71,1,,80000.0,DELIVERED,2026-05-18 14:05:01.300168
4001,89,1,3.0,265000.0,DELIVERED,2026-05-01 20:12:01.300168
4002,65,2,1.0,52200.0,DELIVERED,2026-05-09 01:11:01.300168
4003,61,3,,5000.0,DELIVERED,2026-05-17 09:41:01.300168
4004,16,5,2.0,88000.0,DELIVERED,2026-05-03 11:18:01.300168
4005,60,9,,250000.0,DELIVERED,2026-05-15 17:09:01.300168
4006,14,5,2.0,284000.0,DELIVERED,2026-04-27 15:50:01.300168
4007,75,7,1.0,90000.0,CANCELLED,2026-05-01 02:30:01.300168
4008,60,1,,5000.0,DELIVERED,2026-05-07 11:00:01.300168
4009,90,8,,205000.0,DELIVERED,2026-05-16 16:46:01.300168
4010,75,4,,657000.0,DELIVERED,2026-05-04 02:29:01.300168
4011,65,2,3.0,199000.0,DELIVERED,2026-05-05 16:03:01.300168
4012,99,7,,14000.0,DELIVERED,2026-04-26 14:48:01.300168
4013,39,5,,156000.0,DELIVERED,2026-04-30 12:36:01.300168
4014,36,5,,277000.0,DELIVERED,2026-05-13 10:44:01.300168
4015,12,7,,36000.0,DELIVERED,2026-05-03 05:57:01.300168
4016,13,4,,1101000.0,DELIVERED,2026-04-30 20:53:01.300168
4017,15,4,,247000.0,DELIVERED,2026-04-27 00:19:01.300168
4018,36,6,,12000.0,PENDING,2026-04-26 08:55:01.300168
4019,53,10,,567000.0,DELIVERED,2026-05-07 19:18:01.300168
4020,11,3,,215000.0,DELIVERED,2026-05-05 02:32:01.300168
4021,41,1,,65000.0,DELIVERED,2026-05-14 15:51:01.300168
4022,27,5,2.0,344000.0,DELIVERED,2026-04-23 05:10:01.300168
4023,34,8,1.0,63000.0,DELIVERED,2026-05-14 03:29:01.300168
4024,31,10,,657000.0,DELIVERED,2026-05-04 11:39:01.300168
4025,49,8,3.0,150000.0,DELIVERED,2026-04-22 15:26:01.300168
4026,46,3,2.0,156000.0,PENDING,2026-04-30 07:15:01.300168
4027,42,2,,255000.0,DELIVERED,2026-05-10 13:53:01.300168
4028,78,7,,37000.0,CANCELLED,2026-05-09 04:06:01.300168
4029,21,1,,5000.0,CANCELLED,2026-04-21 04:23:01.300168
4030,24,8,2.0,188000.0,DELIVERED,2026-04-29 22:41:01.300168
4031,14,7,,85000.0,DELIVERED,2026-05-12 06:29:01.300168
4032,31,8,2.0,140000.0,DELIVERED,2026-05-13 17:59:01.300168
4033,15,8,2.0,144000.0,CANCELLED,2026-05-04 07:12:01.300168
4034,97,5,,120000.0,PENDING,2026-05-15 23:35:01.300168
4035,8,4,2.0,158400.0,DELIVERED,2026-04-20 10:22:01.300168
4036,48,9,3.0,180000.0,DELIVERED,2026-04-22 09:04:01.300168
4037,61,2,1.0,132300.0,DELIVERED,2026-04-20 03:53:01.300168
4038,80,4,3.0,34000.0,CANCELLED,2026-05-08 11:52:01.300168
4039,39,3,,135000.0,DELIVERED,2026-04-27 05:28:01.300168
4040,22,1,1.0,117000.0,DELIVERED,2026-05-13 03:49:01.300168
4041,21,2,,67000.0,DELIVERED,2026-05-14 22:54:01.300168
4042,6,9,,30000.0,DELIVERED,2026-05-19 03:24:01.300168
4043,68,4,,1003000.0,CANCELLED,2026-04-28 07:34:01.300168
4044,48,9,,75000.0,DELIVERED,2026-05-07 22:47:01.300168
4045,40,7,3.0,106000.0,DELIVERED,2026-05-13 11:21:01.300168
4046,24,9,3.0,60000.0,DELIVERED,2026-05-08 14:36:01.300168
4047,8,6,,15000.0,DELIVERED,2026-04-29 11:47:01.300168
4048,61,3,,60000.0,CANCELLED,2026-04-21 07:47:01.300168
4049,77,9,,300000.0,DELIVERED,2026-04-28 06:07:01.300168
4050,30,10,3.0,344000.0,DELIVERED,2026-05-11 01:56:01.300168
4051,93,2,,86000.0,CANCELLED,2026-04-21 17:09:01.300168
4052,62,6,2.0,84800.0,DELIVERED,2026-04-27 22:18:01.300168
4053,93,8,,235000.0,DELIVERED,2026-05-01 09:20:01.300168
4054,85,9,,15000.0,DELIVERED,2026-05-05 19:02:01.300168
4055,97,7,,30000.0,DELIVERED,2026-05-10 09:11:01.300168
4056,47,7,,110000.0,CANCELLED,2026-04-21 21:44:01.300168
4057,61,9,,50000.0,DELIVERED,2026-05-05 12:33:01.300168
4058,74,9,,220000.0,DELIVERED,2026-05-02 01:46:01.300168
4059,34,1,2.0,108000.0,DELIVERED,2026-05-10 18:50:01.300168
4060,57,2,3.0,23000.0,DELIVERED,2026-05-12 19:06:01.300168
4061,80,10,,80000.0,DELIVERED,2026-05-05 03:36:01.300168
4062,39,5,,334000.0,DELIVERED,2026-04-27 21:24:01.300168
4063,25,1,,220000.0,DELIVERED,2026-05-11 13:01:01.300168
4064,26,7,,92000.0,CANCELLED,2026-05-01 04:39:01.300168
4065,95,3,2.0,96000.0,DELIVERED,2026-04-29 03:42:01.300168
4066,55,2,1.0,114300.0,CANCELLED,2026-04-22 04:21:01.300168
4067,13,7,,15000.0,DELIVERED,2026-04-21 10:43:01.300168
4068,54,1,,145000.0,DELIVERED,2026-04-29 00:38:01.300168
4069,12,10,,170000.0,DELIVERED,2026-05-09 10:41:01.300168
4070,92,3,,225000.0,DELIVERED,2026-04-28 23:30:01.300168
4071,14,10,,378000.0,CANCELLED,2026-05-08 05:16:01.300168
4072,8,5,,282000.0,DELIVERED,2026-05-10 11:25:01.300168
4073,89,4,3.0,83000.0,DELIVERED,2026-05-14 15:53:01.300168
4074,50,7,,117000.0,DELIVERED,2026-05-05 19:25:01.300168
4075,38,5,,269000.0,DELIVERED,2026-05-10 11:55:01.300168
4076,25,1,,220000.0,DELIVERED,2026-05-08 10:25:01.300168
4077,53,2,,226000.0,DELIVERED,2026-05-10 02:59:01.300168
4078,35,4,1.0,397000.0,DELIVERED,2026-05-18 13:02:01.300168
4079,87,10,2.0,176000.0,CANCELLED,2026-05-18 07:40:01.300168
4080,6,10,,90000.0,DELIVERED,2026-05-15 08:20:01.300168
4081,50,1,,335000.0,DELIVERED,2026-04-21 23:49:01.300168
4082,1,8,,45000.0,DELIVERED,2026-05-14 19:54:01.300168
4083,90,7,2.0,184800.0,DELIVERED,2026-05-15 20:33:01.300168
4084,29,9,,300000.0,PENDING,2026-05-13 00:56:01.300168
4085,37,10,3.0,453000.0,DELIVERED,2026-04-30 11:02:01.300168
4086,7,6,,76000.0,PENDING,2026-05-17 21:38:01.300168
4087,3,4,1.0,89100.0,DELIVERED,2026-05-18 07:43:01.300168
4088,59,4,,833000.0,DELIVERED,2026-05-10 04:38:01.300168
4089,83,2,,38000.0,DELIVERED,2026-05-14 00:39:01.300168
4090,53,5,3.0,254000.0,CANCELLED,2026-04-26 19:33:01.300168
4091,78,7,1.0,144900.0,DELIVERED,2026-04-20 14:46:01.300168
4092,2,9,,45000.0,PENDING,2026-04-20 05:54:01.300168
4093,23,3,,80000.0,DELIVERED,2026-05-09 19:46:01.300168
4094,31,4,,219000.0,DELIVERED,2026-05-13 17:32:01.300168
4095,52,6,3.0,26000.0,DELIVERED,2026-04-22 07:18:01.300168
4096,97,4,3.0,34000.0,DELIVERED,2026-05-07 06:59:01.300168
4097,20,9,,50000.0,DELIVERED,2026-04-24 13:42:01.300168
4098,65,5,,104000.0,CANCELLED,2026-04-26 03:35:01.300168
4099,17,9,,50000.0,DELIVERED,2026-05-07 09:42:01.300168
4100,28,5,2.0,216000.0,DELIVERED,2026-05-19 14:33:01.300168
4101,25,1,,75000.0,DELIVERED,2026-05-16 03:26:01.300168
4102,98,3,3.0,120000.0,DELIVERED,2026-05-10 04:37:01.300168
4103,49,1,,410000.0,DELIVERED,2026-04-21 14:26:01.300168
4104,81,9,,160000.0,DELIVERED,2026-05-03 16:02:01.300168
4105,84,9,3.0,180000.0,DELIVERED,2026-04-27 05:51:01.300168
4106,92,5,1.0,46800.0,DELIVERED,2026-05-10 11:08:01.300168
4107,44,8,,80000.0,DELIVERED,2026-05-19 16:20:01.300168
4108,10,4,,1101000.0,DELIVERED,2026-05-13 04:35:01.300168
4109,3,9,1.0,58500.0,DELIVERED,2026-05-08 00:08:01.300168
4110,43,3,,105000.0,CANCELLED,2026-04-23 12:46:01.300168
4111,62,9,,50000.0,DELIVERED,2026-05-03 02:49:01.300168
4112,41,1,,415000.0,DELIVERED,2026-04-27 00:05:01.300168
4113,15,7,1.0,197000.0,DELIVERED,2026-04-27 21:20:01.300168
4114,72,4,,198000.0,DELIVERED,2026-05-16 18:24:01.300168
4115,67,9,,160000.0,DELIVERED,2026-05-12 10:06:01.300168
4116,45,2,,58000.0,DELIVERED,2026-04-29 04:57:01.300168
4117,53,9,,140000.0,CANCELLED,2026-04-24 16:56:01.300168
4118,72,8,,190000.0,DELIVERED,2026-04-28 09:09:01.300168
4119,70,2,,267000.0,DELIVERED,2026-05-14 20:46:01.300168
4120,7,7,,21000.0,DELIVERED,2026-04-20 11:18:01.300168
4121,7,4,3.0,231000.0,PENDING,2026-05-05 03:48:01.300168
4122,61,5,,225000.0,DELIVERED,2026-05-16 12:52:01.300168
4123,92,5,,156000.0,CANCELLED,2026-05-09 19:37:01.300168
4124,11,6,,15000.0,CANCELLED,2026-04-25 03:02:01.300168
4125,99,5,2.0,227000.0,CANCELLED,2026-04-24 16:59:01.300168
4126,57,6,,5000.0,DELIVERED,2026-05-13 16:35:01.300168
4127,62,5,,164000.0,DELIVERED,2026-04-27 06:43:01.300168
4128,67,10,,588000.0,CANCELLED,2026-05-17 17:37:01.300168
4129,69,6,,5000.0,DELIVERED,2026-05-13 01:12:01.300168
4130,88,5,,277000.0,DELIVERED,2026-05-16 18:43:01.300168
4131,77,2,3.0,259000.0,CANCELLED,2026-05-05 17:36:01.300168
4132,12,6,,85000.0,DELIVERED,2026-04-21 20:27:01.300168
4133,11,2,2.0,115200.0,DELIVERED,2026-05-06 10:27:01.300168
4134,18,2,1.0,213000.0,DELIVERED,2026-05-17 22:07:01.300168
4135,84,2,,137000.0,DELIVERED,2026-05-02 01:31:01.300168
4136,35,7,1.0,99000.0,DELIVERED,2026-05-15 04:37:01.300168
4137,14,8,,115000.0,DELIVERED,2026-05-10 22:02:01.300168
4138,62,7,,14000.0,DELIVERED,2026-05-01 09:46:01.300168
4139,79,10,,827000.0,DELIVERED,2026-05-11 14:22:01.300168
4140,42,7,,15000.0,PENDING,2026-04-22 12:51:01.300168
4141,97,7,3.0,85000.0,DELIVERED,2026-05-06 17:10:01.300168
4142,86,2,3.0,42000.0,DELIVERED,2026-05-13 00:36:01.300168
4143,71,7,,165000.0,CANCELLED,2026-05-04 22:18:01.300168
4144,48,10,,120000.0,DELIVERED,2026-04-24 03:31:01.300168
4145,34,2,3.0,91000.0,DELIVERED,2026-05-05 14:31:01.300168
4146,37,7,,147000.0,CANCELLED,2026-05-11 05:12:01.300168
4147,48,2,1.0,264000.0,DELIVERED,2026-05-17 18:08:01.300168
4148,35,9,,210000.0,DELIVERED,2026-05-04 22:52:01.300168
4149,87,10,1.0,240000.0,DELIVERED,2026-05-14 10:46:01.300168
4150,8,8,3.0,105000.0,DELIVERED,2026-04-23 22:55:01.300168
4151,68,2,1.0,131400.0,DELIVERED,2026-05-12 15:12:01.300168
4152,60,7,,176000.0,DELIVERED,2026-05-16 14:01:01.300168
4153,57,2,,293000.0,DELIVERED,2026-05-01 06:08:01.300168
4154,55,10,,180000.0,DELIVERED,2026-04-21 03:57:01.300168
4155,35,5,,230000.0,CANCELLED,2026-04-29 17:40:01.300168
4156,94,1,3.0,320000.0,CANCELLED,2026-05-17 11:01:01.300168
4157,40,6,1.0,98100.0,DELIVERED,2026-04-20 07:54:01.300168
4158,20,1,,140000.0,DELIVERED,2026-04-28 21:18:01.300168
4159,4,6,1.0,62100.0,DELIVERED,2026-05-07 18:16:01.300168
4160,15,4,,636000.0,PENDING,2026-05-04 12:34:01.300168
4161,31,3,,10000.0,DELIVERED,2026-05-14 09:24:01.300168
4162,28,3,,20000.0,DELIVERED,2026-04-30 13:56:01.300168
4163,14,7,2.0,179200.0,DELIVERED,2026-05-17 15:54:01.300168
4164,62,5,1.0,270000.0,DELIVERED,2026-05-02 10:19:01.300168
4165,52,4,,663000.0,DELIVERED,2026-05-15 18:35:01.300168
4166,8,1,,270000.0,DELIVERED,2026-05-19 06:05:01.300168
4167,79,5,,285000.0,DELIVERED,2026-04-20 21:32:01.300168
4168,25,4,1.0,637000.0,DELIVERED,2026-04-23 02:04:01.300168
4169,79,4,,706000.0,DELIVERED,2026-04-21 17:02:01.300168
4170,67,2,1.0,52200.0,DELIVERED,2026-04-22 23:27:01.300168
4171,79,1,,415000.0,DELIVERED,2026-05-11 01:37:01.300168
4172,100,4,,219000.0,DELIVERED,2026-04-22 23:59:01.300168
4173,92,2,,265000.0,CANCELLED,2026-05-14 14:08:01.300168
4174,38,6,,82000.0,DELIVERED,2026-05-19 10:43:01.300168
4175,88,5,,216000.0,DELIVERED,2026-05-08 08:43:01.300168
4176,25,2,,106000.0,DELIVERED,2026-05-19 14:47:01.300168
4177,57,9,,65000.0,DELIVERED,2026-05-15 19:08:01.300168
4178,16,9,,65000.0,DELIVERED,2026-04-28 19:17:01.300168
4179,72,6,,144000.0,CANCELLED,2026-05-03 01:56:01.300168
4180,11,8,,285000.0,DELIVERED,2026-04-24 20:26:01.300168
4181,62,8,,55000.0,CANCELLED,2026-05-03 14:26:01.300168
4182,68,3,2.0,116000.0,DELIVERED,2026-05-04 19:01:01.300168
4183,70,4,1.0,686000.0,DELIVERED,2026-05-18 10:53:01.300168
4184,15,1,,210000.0,DELIVERED,2026-05-06 19:54:01.300168
4185,34,1,,335000.0,DELIVERED,2026-05-13 17:22:01.300168
4186,32,4,,367000.0,DELIVERED,2026-05-12 06:49:01.300168
4187,62,8,,200000.0,DELIVERED,2026-05-06 07:31:01.300168
4188,77,6,,5000.0,DELIVERED,2026-04-24 06:24:01.300168
4189,8,10,2.0,220000.0,DELIVERED,2026-05-05 07:30:01.300168
4190,8,7,,179000.0,DELIVERED,2026-05-18 04:03:01.300168
4191,40,4,,564000.0,CANCELLED,2026-04-25 19:17:01.300168
4192,49,2,,334000.0,CANCELLED,2026-04-20 05:47:01.300168
4193,97,6,,15000.0,DELIVERED,2026-05-15 14:19:01.300168
4194,58,6,,132000.0,DELIVERED,2026-04-26 23:49:01.300168
4195,32,2,,175000.0,DELIVERED,2026-05-12 19:52:01.300168
4196,54,10,3.0,264000.0,DELIVERED,2026-05-08 07:02:01.300168
4197,24,1,,70000.0,DELIVERED,2026-05-15 05:43:01.300168
4198,53,3,,25000.0,CANCELLED,2026-05-16 13:00:01.300168
4199,30,5,,339000.0,DELIVERED,2026-04-28 13:09:01.300168
4200,8,9,,15000.0,DELIVERED,2026-05-07 13:20:01.300168
4201,86,6,1.0,94500.0,DELIVERED,2026-05-12 20:44:01.300168
4202,9,5,3.0,379000.0,DELIVERED,2026-04-24 11:39:01.300168
4203,54,4,,367000.0,CANCELLED,2026-04-21 20:08:01.300168
4204,17,8,,40000.0,CANCELLED,2026-05-07 23:02:01.300168
4205,4,3,,165000.0,PENDING,2026-05-16 15:11:01.300168
4206,65,3,,20000.0,CANCELLED,2026-05-08 03:48:01.300168
4207,52,5,1.0,46800.0,CANCELLED,2026-04-20 02:54:01.300168
4208,48,10,,558000.0,DELIVERED,2026-04-27 00:04:01.300168
4209,100,4,1.0,88200.0,DELIVERED,2026-05-15 10:16:01.300168
4210,45,10,,687000.0,DELIVERED,2026-04-28 06:52:01.300168
4211,78,7,,106000.0,DELIVERED,2026-05-11 12:50:01.300168
4212,9,10,,180000.0,DELIVERED,2026-05-06 06:35:01.300168
4213,57,7,1.0,75600.0,PENDING,2026-05-03 19:31:01.300168
4214,61,7,,195000.0,DELIVERED,2026-05-14 23:38:01.300168
4215,39,9,1.0,58500.0,DELIVERED,2026-05-09 15:06:01.300168
4216,59,6,,39000.0,DELIVERED,2026-05-18 15:05:01.300168
4217,43,7,,30000.0,DELIVERED,2026-04-29 04:24:01.300168
4218,50,6,,117000.0,DELIVERED,2026-05-11 11:36:01.300168
4219,55,1,,215000.0,CANCELLED,2026-04-30 08:01:01.300168
4220,24,1,,140000.0,DELIVERED,2026-05-09 01:45:01.300168
4221,30,7,,92000.0,DELIVERED,2026-04-21 10:48:01.300168
4222,30,1,,215000.0,DELIVERED,2026-05-13 01:53:01.300168
4223,59,10,,548000.0,CANCELLED,2026-04-20 05:14:01.300168
4224,31,4,2.0,904000.0,DELIVERED,2026-04-25 20:32:01.300168
4225,16,7,3.0,61000.0,CANCELLED,2026-05-09 18:35:01.300168
4226,90,5,,156000.0,DELIVERED,2026-04-24 15:32:01.300168
4227,57,7,1.0,204000.0,DELIVERED,2026-04-21 00:03:01.300168
4228,55,1,,75000.0,DELIVERED,2026-05-09 03:19:01.300168
4229,85,2,,255000.0,DELIVERED,2026-04-29 20:14:01.300168
4230,99,10,,350000.0,DELIVERED,2026-05-19 13:34:01.300168
4231,48,10,2.0,647000.0,DELIVERED,2026-05-11 20:24:01.300168
4232,15,1,,130000.0,DELIVERED,2026-04-27 12:00:01.300168
4233,6,4,,219000.0,DELIVERED,2026-05-11 12:43:01.300168
4234,81,8,,120000.0,DELIVERED,2026-05-16 19:27:01.300168
4235,58,10,,638000.0,DELIVERED,2026-05-08 12:10:01.300168
4236,67,7,,69000.0,DELIVERED,2026-05-10 14:13:01.300168
4237,71,6,,71000.0,DELIVERED,2026-04-23 22:11:01.300168
4238,32,8,,260000.0,DELIVERED,2026-05-08 22:09:01.300168
4239,92,9,,170000.0,DELIVERED,2026-05-05 00:34:01.300168
4240,75,7,,14000.0,CANCELLED,2026-05-02 15:35:01.300168
4241,35,7,,217000.0,PENDING,2026-05-03 13:04:01.300168
4242,69,4,,487000.0,DELIVERED,2026-05-17 13:09:01.300168
4243,56,1,,270000.0,DELIVERED,2026-04-22 15:04:01.300168
4244,33,1,,345000.0,DELIVERED,2026-05-14 06:17:01.300168
4245,30,7,3.0,47000.0,DELIVERED,2026-05-09 23:29:01.300168
4246,48,8,,100000.0,DELIVERED,2026-05-14 00:39:01.300168
4247,54,2,,178000.0,DELIVERED,2026-04-22 07:17:01.300168
4248,70,10,,647000.0,CANCELLED,2026-04-22 01:58:01.300168
4249,65,6,1.0,129600.0,DELIVERED,2026-05-06 13:35:01.300168
4250,5,5,,162000.0,DELIVERED,2026-05-11 04:11:01.300168
4251,71,8,3.0,30000.0,DELIVERED,2026-05-06 05:12:01.300168
4252,65,7,,21000.0,DELIVERED,2026-05-11 02:17:01.300168
4253,14,6,,39000.0,DELIVERED,2026-04-30 07:18:01.300168
4254,58,2,,392000.0,DELIVERED,2026-05-18 17:05:01.300168
4255,86,6,,71000.0,CANCELLED,2026-04-25 06:22:01.300168
4256,22,8,2.0,80000.0,DELIVERED,2026-04-29 15:52:01.300168
4257,82,1,,350000.0,CANCELLED,2026-04-26 14:14:01.300168
4258,44,6,,39000.0,PENDING,2026-04-20 06:09:01.300168
4259,9,8,1.0,210000.0,DELIVERED,2026-05-15 23:01:01.300168
4260,45,7,,224000.0,DELIVERED,2026-05-01 15:48:01.300168
4261,11,5,,165000.0,DELIVERED,2026-05-05 01:37:01.300168
4262,53,9,,15000.0,DELIVERED,2026-05-09 02:12:01.300168
4263,81,3,,205000.0,DELIVERED,2026-05-02 13:52:01.300168
4264,61,8,,15000.0,DELIVERED,2026-05-11 22:55:01.300168
4265,32,8,,150000.0,DELIVERED,2026-05-03 05:18:01.300168
4266,89,3,1.0,200000.0,CANCELLED,2026-04-26 06:41:01.300168
4267,2,8,1.0,85500.0,DELIVERED,2026-04-29 11:43:01.300168
4268,29,10,1.0,559000.0,DELIVERED,2026-05-14 18:15:01.300168
4269,14,4,,1003000.0,CANCELLED,2026-04-29 06:36:01.300168
4270,36,1,,280000.0,CANCELLED,2026-05-10 22:16:01.300168
4271,91,5,,165000.0,DELIVERED,2026-05-03 03:33:01.300168
4272,37,5,2.0,399000.0,DELIVERED,2026-05-17 01:32:01.300168
4273,91,10,,747000.0,CANCELLED,2026-05-18 01:04:01.300168
4274,43,2,1.0,103500.0,DELIVERED,2026-05-04 17:03:01.300168
4275,48,10,,877000.0,DELIVERED,2026-05-04 08:25:01.300168
4276,19,8,3.0,175000.0,PENDING,2026-05-10 19:56:01.300168
4277,10,4,3.0,330000.0,DELIVERED,2026-05-18 07:40:01.300168
4278,72,8,,145000.0,DELIVERED,2026-05-10 21:43:01.300168
4279,99,5,,165000.0,CANCELLED,2026-05-02 12:49:01.300168
4280,90,3,,10000.0,DELIVERED,2026-05-12 05:19:01.300168
4281,11,4,,198000.0,DELIVERED,2026-04-21 07:37:01.300168
4282,88,4,1.0,982000.0,DELIVERED,2026-05-02 20:44:01.300168
4283,78,6,,121000.0,DELIVERED,2026-05-04 09:05:01.300168
4284,65,9,,180000.0,CANCELLED,2026-05-18 00:03:01.300168
4285,38,3,,120000.0,DELIVERED,2026-05-01 14:41:01.300168
4286,8,10,3.0,255000.0,DELIVERED,2026-05-16 07:51:01.300168
4287,38,5,2.0,132000.0,DELIVERED,2026-05-17 01:23:01.300168
4288,58,10,,220000.0,DELIVERED,2026-05-10 22:54:01.300168
4289,29,6,1.0,72000.0,DELIVERED,2026-05-07 17:54:01.300168
4290,88,3,,35000.0,DELIVERED,2026-05-16 00:42:01.300168
4291,46,3,3.0,190000.0,DELIVERED,2026-05-11 09:37:01.300168
4292,19,1,,210000.0,DELIVERED,2026-05-04 05:36:01.300168
4293,93,7,,146000.0,DELIVERED,2026-05-10 05:26:01.300168
4294,59,2,1.0,247000.0,DELIVERED,2026-05-12 06:28:01.300168
4295,67,9,,235000.0,DELIVERED,2026-05-09 15:36:01.300168
4296,47,8,,135000.0,CANCELLED,2026-05-12 08:53:01.300168
4297,5,9,1.0,230000.0,DELIVERED,2026-05-16 19:16:01.300168
4298,65,9,,235000.0,DELIVERED,2026-04-25 04:18:01.300168
4299,96,7,,59000.0,DELIVERED,2026-05-13 01:41:01.300168
4300,100,9,1.0,45000.0,DELIVERED,2026-05-10 00:48:01.300168
4301,88,4,3.0,550000.0,DELIVERED,2026-04-26 02:38:01.300168
4302,23,1,,155000.0,DELIVERED,2026-04-27 23:32:01.300168
4303,62,10,2.0,219000.0,DELIVERED,2026-05-07 06:06:01.300168
4304,42,2,3.0,43000.0,DELIVERED,2026-05-02 12:12:01.300168
4305,33,6,,10000.0,DELIVERED,2026-04-21 05:32:01.300168
4306,46,10,3.0,165000.0,DELIVERED,2026-04-30 16:59:01.300168
4307,86,1,,210000.0,CANCELLED,2026-05-17 04:00:01.300168
4308,85,1,,70000.0,DELIVERED,2026-04-22 11:01:01.300168
4309,97,8,1.0,148500.0,DELIVERED,2026-05-14 18:53:01.300168
4310,84,3,1.0,54000.0,DELIVERED,2026-04-25 06:28:01.300168
4311,8,7,,125000.0,DELIVERED,2026-05-14 19:50:01.300168
4312,97,2,,67000.0,DELIVERED,2026-05-10 04:34:01.300168
4313,12,10,,539000.0,DELIVERED,2026-05-04 18:47:01.300168
4314,15,2,,411000.0,DELIVERED,2026-04-24 22:09:01.300168
4315,74,6,1.0,116100.0,DELIVERED,2026-05-14 01:44:01.300168
4316,58,4,,855000.0,DELIVERED,2026-05-05 08:23:01.300168
4317,76,3,3.0,25000.0,DELIVERED,2026-05-13 16:26:01.300168
4318,42,9,,65000.0,DELIVERED,2026-05-03 10:23:01.300168
4319,59,1,1.0,205000.0,CANCELLED,2026-05-16 21:01:01.300168
4320,31,2,,57000.0,DELIVERED,2026-05-18 21:22:01.300168
4321,82,2,2.0,217000.0,DELIVERED,2026-04-29 10:32:01.300168
4322,10,1,,355000.0,CANCELLED,2026-05-07 06:48:01.300168
4323,45,6,2.0,107200.0,DELIVERED,2026-05-14 07:28:01.300168
4324,21,3,,160000.0,DELIVERED,2026-05-09 08:45:01.300168
4325,90,8,1.0,90000.0,DELIVERED,2026-04-29 17:05:01.300168
4326,17,7,,216000.0,PENDING,2026-05-11 08:27:01.300168
4327,51,8,,170000.0,DELIVERED,2026-04-21 15:10:01.300168
4328,37,3,,225000.0,DELIVERED,2026-04-24 22:11:01.300168
4329,79,8,1.0,135000.0,PENDING,2026-04-23 00:25:01.300168
4330,20,3,,50000.0,DELIVERED,2026-04-23 18:59:01.300168
4331,70,8,,195000.0,DELIVERED,2026-04-19 19:57:01.300168
4332,19,7,3.0,15000.0,DELIVERED,2026-04-23 09:08:01.300168
4333,40,1,,140000.0,DELIVERED,2026-04-22 07:35:01.300168
4334,94,6,1.0,89100.0,DELIVERED,2026-05-10 00:23:01.300168
4335,100,3,1.0,171000.0,DELIVERED,2026-05-07 00:59:01.300168
4336,57,7,,92000.0,DELIVERED,2026-05-18 16:34:01.300168
4337,3,2,,19000.0,DELIVERED,2026-04-23 18:55:01.300168
4338,30,8,,220000.0,DELIVERED,2026-04-30 17:44:01.300168
4339,47,10,3.0,25000.0,DELIVERED,2026-05-10 08:32:01.300168
4340,96,7,,124000.0,PENDING,2026-05-05 13:50:01.300168
4341,48,9,,55000.0,CANCELLED,2026-05-14 18:59:01.300168
4342,96,3,,130000.0,DELIVERED,2026-05-11 12:26:01.300168
4343,20,9,2.0,168000.0,DELIVERED,2026-05-18 21:00:01.300168
4344,69,9,,315000.0,DELIVERED,2026-04-21 02:45:01.300168
4345,30,10,,688000.0,DELIVERED,2026-05-05 16:28:01.300168
4346,95,9,,40000.0,DELIVERED,2026-05-09 12:10:01.300168
4347,73,8,1.0,112500.0,CANCELLED,2026-05-07 22:25:01.300168
4348,7,10,,269000.0,DELIVERED,2026-04-24 11:16:01.300168
4349,27,3,,180000.0,CANCELLED,2026-05-17 23:54:01.300168
4350,48,9,,75000.0,DELIVERED,2026-04-24 12:42:01.300168
4351,80,2,,373000.0,DELIVERED,2026-05-12 12:09:01.300168
4352,27,6,,10000.0,DELIVERED,2026-04-29 20:02:01.300168
4353,25,5,2.0,396000.0,DELIVERED,2026-04-26 01:26:01.300168
4354,14,8,3.0,245000.0,CANCELLED,2026-04-29 08:49:01.300168
4355,50,3,,30000.0,DELIVERED,2026-04-25 10:39:01.300168
4356,6,5,2.0,234000.0,DELIVERED,2026-05-01 00:51:01.300168
4357,41,5,3.0,141000.0,DELIVERED,2026-05-03 15:18:01.300168
4358,24,5,,55000.0,DELIVERED,2026-05-12 17:41:01.300168
4359,64,6,,85000.0,DELIVERED,2026-05-09 12:20:01.300168
4360,19,5,3.0,89000.0,DELIVERED,2026-05-16 04:54:01.300168
4361,12,3,,230000.0,DELIVERED,2026-05-16 08:49:01.300168
4362,44,1,,150000.0,DELIVERED,2026-04-21 19:05:01.300168
4363,62,8,,265000.0,DELIVERED,2026-05-11 10:13:01.300168
4364,47,2,,19000.0,DELIVERED,2026-05-06 14:03:01.300168
4365,55,6,,39000.0,CANCELLED,2026-05-10 02:19:01.300168
4366,41,4,3.0,740000.0,DELIVERED,2026-05-05 14:08:01.300168
4367,45,9,,235000.0,DELIVERED,2026-05-08 10:51:01.300168
4368,77,10,2.0,817000.0,DELIVERED,2026-05-16 22:03:01.300168
4369,69,5,2.0,295000.0,DELIVERED,2026-05-01 12:04:01.300168
4370,87,7,1.0,81900.0,DELIVERED,2026-05-18 11:18:01.300168
4371,93,5,,279000.0,DELIVERED,2026-05-09 04:09:01.300168
4372,55,2,2.0,157600.0,DELIVERED,2026-05-05 23:47:01.300168
4373,82,10,,957000.0,DELIVERED,2026-05-05 18:55:01.300168
4374,91,5,,287000.0,DELIVERED,2026-05-05 17:26:01.300168
4375,10,4,1.0,199000.0,CANCELLED,2026-04-29 11:19:01.300168
4376,70,4,2.0,157600.0,DELIVERED,2026-05-09 19:40:01.300168
4377,71,1,,405000.0,CANCELLED,2026-05-02 14:35:01.300168
4378,70,7,,51000.0,DELIVERED,2026-05-19 07:00:01.300168
4379,30,7,,70000.0,DELIVERED,2026-05-16 07:45:01.300168
4380,54,7,,187000.0,DELIVERED,2026-05-12 04:06:01.300168
4381,81,2,3.0,43000.0,DELIVERED,2026-05-01 06:40:01.300168
4382,70,7,3.0,30000.0,DELIVERED,2026-04-22 08:12:01.300168
4383,98,3,,15000.0,DELIVERED,2026-05-05 08:28:01.300168
4384,14,4,,367000.0,DELIVERED,2026-05-11 06:43:01.300168
4385,19,10,,777000.0,DELIVERED,2026-05-16 21:08:01.300168
4386,8,3,3.0,20000.0,PENDING,2026-05-11 16:03:01.300168
4387,64,5,,389000.0,CANCELLED,2026-04-27 20:27:01.300168
4388,13,2,2.0,188000.0,DELIVERED,2026-05-07 09:17:01.300168
4389,37,4,,99000.0,PENDING,2026-05-15 08:15:01.300168
4390,30,5,,52000.0,DELIVERED,2026-04-24 06:54:01.300168
4391,92,3,3.0,195000.0,CANCELLED,2026-04-25 15:54:01.300168
4392,98,8,,185000.0,DELIVERED,2026-05-09 09:52:01.300168
4393,74,2,,267000.0,DELIVERED,2026-05-13 15:53:01.300168
4394,48,6,,70000.0,DELIVERED,2026-05-08 16:25:01.300168
4395,75,1,,15000.0,DELIVERED,2026-04-27 10:56:01.300168
4396,51,5,,120000.0,PENDING,2026-04-28 05:46:01.300168
4397,69,3,,155000.0,DELIVERED,2026-05-08 15:02:01.300168
4398,51,7,,155000.0,DELIVERED,2026-05-01 05:49:01.300168
4399,40,2,,267000.0,DELIVERED,2026-05-09 08:21:01.300168
4400,69,6,,36000.0,DELIVERED,2026-05-07 02:44:01.300168
4401,29,4,,564000.0,DELIVERED,2026-04-29 14:27:01.300168
4402,98,1,,340000.0,DELIVERED,2026-05-10 19:40:01.300168
4403,10,10,,567000.0,DELIVERED,2026-04-29 02:56:01.300168
4404,59,5,,216000.0,DELIVERED,2026-04-29 14:45:01.300168
4405,10,8,,150000.0,DELIVERED,2026-05-07 22:22:01.300168
4406,3,6,,105000.0,DELIVERED,2026-04-22 17:38:01.300168
4407,71,2,,214000.0,DELIVERED,2026-04-22 09:16:01.300168
4408,59,3,,95000.0,DELIVERED,2026-05-06 21:39:01.300168
4409,99,6,,17000.0,DELIVERED,2026-04-26 00:44:01.300168
4410,70,9,,170000.0,DELIVERED,2026-04-19 17:59:01.300168
4411,78,1,2.0,235000.0,DELIVERED,2026-04-27 21:10:01.300168
4412,68,7,,210000.0,DELIVERED,2026-05-14 04:16:01.300168
4413,16,8,1.0,108000.0,DELIVERED,2026-04-22 17:45:01.300168
4414,81,3,,20000.0,CANCELLED,2026-05-08 03:27:01.300168
4415,52,10,,579000.0,PENDING,2026-05-19 11:12:01.300168
4416,81,9,,160000.0,DELIVERED,2026-05-05 21:56:01.300168
4417,76,10,,747000.0,DELIVERED,2026-05-03 17:54:01.300168
4418,12,4,2.0,158400.0,DELIVERED,2026-05-12 17:04:01.300168
4419,28,6,,27000.0,CANCELLED,2026-05-14 16:11:01.300168
4420,54,9,,205000.0,DELIVERED,2026-05-07 22:55:01.300168
4421,6,8,,195000.0,CANCELLED,2026-05-03 15:15:01.300168
4422,82,5,,284000.0,DELIVERED,2026-05-14 06:22:01.300168
4423,26,7,,209000.0,DELIVERED,2026-05-18 01:01:01.300168
4424,56,1,3.0,195000.0,DELIVERED,2026-05-16 19:48:01.300168
4425,52,3,,45000.0,PENDING,2026-05-05 10:10:01.300168
4426,17,3,,20000.0,DELIVERED,2026-05-05 16:11:01.300168
4427,99,3,2.0,112000.0,DELIVERED,2026-04-20 13:04:01.300168
4428,76,10,3.0,115000.0,DELIVERED,2026-05-05 16:01:01.300168
4429,47,2,3.0,141000.0,DELIVERED,2026-04-26 08:16:01.300168
4430,35,7,3.0,15000.0,DELIVERED,2026-05-06 09:38:01.300168
4431,62,5,1.0,205000.0,DELIVERED,2026-05-06 19:02:01.300168
4432,69,10,,80000.0,DELIVERED,2026-05-09 17:17:01.300168
4433,32,7,,106000.0,DELIVERED,2026-04-28 18:12:01.300168
4434,71,8,,50000.0,DELIVERED,2026-05-16 20:53:01.300168
4435,82,6,,122000.0,DELIVERED,2026-05-19 08:05:01.300168
4436,44,2,,118000.0,DELIVERED,2026-04-30 13:24:01.300168
4437,42,9,,145000.0,DELIVERED,2026-05-04 12:46:01.300168
4438,32,2,3.0,319000.0,DELIVERED,2026-04-30 00:07:01.300168
4439,84,10,,390000.0,DELIVERED,2026-05-17 01:31:01.300168
4440,40,7,,7000.0,DELIVERED,2026-05-04 09:24:01.300168
4441,58,8,,150000.0,DELIVERED,2026-05-13 13:58:01.300168
4442,40,5,,217000.0,DELIVERED,2026-04-25 07:50:01.300168
4443,64,8,,90000.0,CANCELLED,2026-05-18 00:45:01.300168
4444,27,5,,60000.0,DELIVERED,2026-05-05 05:35:01.300168
4445,51,10,,678000.0,DELIVERED,2026-04-24 08:32:01.300168
4446,24,4,,663000.0,DELIVERED,2026-04-25 06:19:01.300168
4447,73,2,,392000.0,CANCELLED,2026-04-26 07:19:01.300168
4448,58,10,,390000.0,PENDING,2026-04-27 09:53:01.300168
4449,62,2,,19000.0,DELIVERED,2026-04-28 16:51:01.300168
4450,27,5,,175000.0,DELIVERED,2026-05-13 09:59:01.300168
4451,43,2,,57000.0,DELIVERED,2026-05-09 09:24:01.300168
4452,65,7,,21000.0,DELIVERED,2026-04-26 07:00:01.300168
4453,92,3,3.0,45000.0,DELIVERED,2026-05-16 07:22:01.300168
4454,42,3,1.0,225000.0,DELIVERED,2026-05-01 11:21:01.300168
4455,86,5,2.0,137600.0,DELIVERED,2026-05-11 15:19:01.300168
4456,29,3,1.0,130500.0,DELIVERED,2026-05-09 00:38:01.300168
4457,81,4,2.0,586000.0,CANCELLED,2026-04-26 11:23:01.300168
4458,39,1,,65000.0,CANCELLED,2026-05-05 20:33:01.300168
4459,67,10,,638000.0,DELIVERED,2026-05-02 09:42:01.300168
4460,17,6,,127000.0,DELIVERED,2026-04-25 16:38:01.300168
4461,7,8,3.0,155000.0,DELIVERED,2026-05-05 03:01:01.300168
4462,89,9,,105000.0,CANCELLED,2026-05-08 16:04:01.300168
4463,98,4,3.0,423000.0,CANCELLED,2026-05-13 04:24:01.300168
4464,10,10,,378000.0,DELIVERED,2026-05-16 02:29:01.300168
4465,70,2,,293000.0,CANCELLED,2026-04-24 01:22:01.300168
4466,74,10,,80000.0,DELIVERED,2026-05-03 10:41:01.300168
4467,94,8,,120000.0,CANCELLED,2026-04-24 00:35:01.300168
4468,65,1,,410000.0,PENDING,2026-04-22 22:25:01.300168
4469,99,9,1.0,144000.0,CANCELLED,2026-04-29 04:29:01.300168
4470,33,9,,160000.0,DELIVERED,2026-04-30 07:54:01.300168
4471,19,9,,40000.0,CANCELLED,2026-05-17 14:40:01.300168
4472,52,2,,233000.0,DELIVERED,2026-04-23 09:01:01.300168
4473,81,6,3.0,31000.0,DELIVERED,2026-05-18 06:51:01.300168
4474,41,2,,303000.0,DELIVERED,2026-05-10 17:27:01.300168
4475,89,3,,10000.0,DELIVERED,2026-05-11 14:23:01.300168
4476,29,9,1.0,85500.0,DELIVERED,2026-04-28 22:11:01.300168
4477,40,9,,65000.0,DELIVERED,2026-05-08 00:31:01.300168
4478,32,5,,165000.0,DELIVERED,2026-05-14 05:02:01.300168
4479,31,6,,104000.0,DELIVERED,2026-05-09 01:14:01.300168
4480,52,8,2.0,96000.0,DELIVERED,2026-04-26 14:21:01.300168
4481,11,4,3.0,331000.0,PENDING,2026-05-08 20:53:01.300168
4482,81,9,1.0,200000.0,CANCELLED,2026-05-17 11:23:01.300168
4483,83,7,,76000.0,CANCELLED,2026-04-22 06:28:01.300168
4484,95,6,,12000.0,DELIVERED,2026-05-19 14:12:01.300168
4485,53,6,1.0,98100.0,DELIVERED,2026-05-01 13:19:01.300168
4486,51,10,3.0,623000.0,DELIVERED,2026-04-24 13:18:01.300168
4487,60,5,,55000.0,DELIVERED,2026-05-05 19:12:01.300168
4488,13,7,,107000.0,PENDING,2026-05-05 09:35:01.300168
4489,21,2,,411000.0,DELIVERED,2026-05-05 18:32:01.300168
4490,53,8,,190000.0,DELIVERED,2026-04-26 14:58:01.300168
4491,89,6,,62000.0,DELIVERED,2026-05-04 19:03:01.300168
4492,2,2,,144000.0,DELIVERED,2026-05-06 06:01:01.300168
4493,93,5,3.0,150000.0,DELIVERED,2026-05-11 02:58:01.300168
4494,100,7,,180000.0,DELIVERED,2026-04-28 14:54:01.300168
4495,58,6,,82000.0,DELIVERED,2026-05-12 05:27:01.300168
4496,76,10,3.0,255000.0,DELIVERED,2026-04-25 05:27:01.300168
4497,85,5,,52000.0,DELIVERED,2026-05-08 13:56:01.300168
4498,41,5,1.0,140400.0,DELIVERED,2026-05-13 02:58:01.300168
4499,72,10,,120000.0,DELIVERED,2026-04-25 18:44:01.300168
4500,8,4,,219000.0,DELIVERED,2026-04-25 17:18:01.300168
4501,70,2,,324000.0,DELIVERED,2026-05-19 09:35:01.300168
4502,24,10,2.0,777000.0,DELIVERED,2026-05-08 05:46:01.300168
4503,41,10,,378000.0,DELIVERED,2026-05-17 21:41:01.300168
4504,16,5,,386000.0,PENDING,2026-05-05 13:29:01.300168
4505,50,7,,14000.0,CANCELLED,2026-05-10 18:08:01.300168
4506,78,10,,458000.0,DELIVERED,2026-05-09 18:41:01.300168
4507,59,2,2.0,188000.0,DELIVERED,2026-05-04 19:42:01.300168
4508,71,3,,10000.0,DELIVERED,2026-05-13 05:57:01.300168
4509,79,1,1.0,126000.0,DELIVERED,2026-05-03 07:12:01.300168
4510,63,2,1.0,304000.0,DELIVERED,2026-05-14 21:54:01.300168
4511,98,8,,100000.0,DELIVERED,2026-04-27 02:32:01.300168
4512,56,9,1.0,175500.0,DELIVERED,2026-05-09 23:18:01.300168
4513,3,1,3.0,195000.0,DELIVERED,2026-05-01 19:58:01.300168
4514,4,1,3.0,190000.0,DELIVERED,2026-05-02 00:37:01.300168
4515,85,3,1.0,190000.0,CANCELLED,2026-05-13 16:51:01.300168
4516,53,6,,51000.0,DELIVERED,2026-04-22 12:12:01.300168
4517,88,8,,150000.0,DELIVERED,2026-04-20 03:09:01.300168
4518,1,3,,15000.0,DELIVERED,2026-05-12 02:25:01.300168
4519,31,2,,195000.0,DELIVERED,2026-05-03 02:58:01.300168
4520,80,1,,130000.0,DELIVERED,2026-05-12 08:38:01.300168
4521,20,10,,378000.0,DELIVERED,2026-04-22 10:24:01.300168
4522,57,2,2.0,172800.0,DELIVERED,2026-04-20 16:56:01.300168
4523,12,3,3.0,230000.0,DELIVERED,2026-05-08 06:43:01.300168
4524,49,4,,246000.0,DELIVERED,2026-05-18 23:54:01.300168
4525,21,4,,98000.0,DELIVERED,2026-04-30 19:12:01.300168
4526,19,9,,300000.0,DELIVERED,2026-05-04 14:22:01.300168
4527,28,5,,394000.0,DELIVERED,2026-04-20 11:07:01.300168
4528,36,9,2.0,156000.0,DELIVERED,2026-05-04 09:25:01.300168
4529,38,3,2.0,160000.0,CANCELLED,2026-04-20 07:13:01.300168
4530,61,4,3.0,740000.0,DELIVERED,2026-05-09 05:29:01.300168
4531,80,9,,235000.0,DELIVERED,2026-05-04 01:17:01.300168
4532,96,1,,205000.0,DELIVERED,2026-04-20 09:03:01.300168
4533,21,7,3.0,22000.0,DELIVERED,2026-05-04 08:52:01.300168
4534,97,3,,190000.0,CANCELLED,2026-05-09 02:44:01.300168
4535,45,7,,161000.0,DELIVERED,2026-05-05 05:01:01.300168
4536,19,6,,35000.0,CANCELLED,2026-05-17 00:28:01.300168
4537,34,2,2.0,172800.0,DELIVERED,2026-05-11 05:08:01.300168
4538,34,5,,235000.0,DELIVERED,2026-05-09 14:04:01.300168
4539,24,2,,392000.0,DELIVERED,2026-04-30 20:32:01.300168
4540,24,6,3.0,20000.0,PENDING,2026-05-17 06:08:01.300168
4541,32,7,,15000.0,DELIVERED,2026-05-16 00:21:01.300168
4542,11,5,,159000.0,DELIVERED,2026-05-08 03:32:01.300168
4543,59,6,1.0,57600.0,DELIVERED,2026-05-15 04:58:01.300168
4544,87,10,1.0,767000.0,DELIVERED,2026-04-23 19:28:01.300168
4545,5,3,,120000.0,DELIVERED,2026-05-09 17:43:01.300168
4546,2,3,,180000.0,DELIVERED,2026-05-03 04:57:01.300168
4547,11,2,,144000.0,DELIVERED,2026-05-01 16:22:01.300168
4548,60,7,,7000.0,DELIVERED,2026-05-18 06:01:01.300168
4549,57,5,,156000.0,DELIVERED,2026-05-19 01:51:01.300168
4550,10,6,,156000.0,DELIVERED,2026-05-02 00:33:01.300168
4551,16,10,,310000.0,DELIVERED,2026-05-17 06:06:01.300168
4552,69,5,,266000.0,DELIVERED,2026-04-20 04:07:01.300168
4553,79,5,,156000.0,DELIVERED,2026-04-22 11:53:01.300168
4554,11,1,,5000.0,DELIVERED,2026-04-25 15:15:01.300168
4555,12,9,,65000.0,CANCELLED,2026-05-04 14:19:01.300168
4556,82,2,2.0,217000.0,DELIVERED,2026-05-15 03:41:01.300168
4557,94,10,1.0,72000.0,DELIVERED,2026-05-12 19:06:01.300168
4558,3,4,,1002000.0,DELIVERED,2026-05-02 15:56:01.300168
4559,7,5,3.0,105000.0,DELIVERED,2026-05-02 12:55:01.300168
4560,97,3,3.0,25000.0,DELIVERED,2026-05-10 04:01:01.300168
4561,81,5,,276000.0,DELIVERED,2026-04-26 05:40:01.300168
4562,91,5,,156000.0,DELIVERED,2026-05-19 03:11:01.300168
4563,89,7,2.0,167200.0,DELIVERED,2026-05-08 07:19:01.300168
4564,32,10,,180000.0,DELIVERED,2026-05-16 08:26:01.300168
4565,85,4,2.0,854000.0,DELIVERED,2026-05-10 03:44:01.300168
4566,21,9,2.0,215000.0,DELIVERED,2026-05-11 00:34:01.300168
4567,28,10,3.0,772000.0,DELIVERED,2026-05-08 16:08:01.300168
4568,47,8,3.0,65000.0,DELIVERED,2026-04-23 11:33:01.300168
4569,3,7,3.0,40000.0,DELIVERED,2026-04-23 18:30:01.300168
4570,96,4,3.0,550000.0,DELIVERED,2026-05-04 08:36:01.300168
4571,100,6,,39000.0,DELIVERED,2026-05-02 23:41:01.300168
4572,55,7,3.0,30000.0,CANCELLED,2026-04-27 10:09:01.300168
4573,82,1,1.0,190000.0,DELIVERED,2026-05-08 05:31:01.300168
4574,37,4,1.0,132300.0,DELIVERED,2026-05-18 11:36:01.300168
4575,36,10,,399000.0,DELIVERED,2026-04-27 13:55:01.300168
4576,80,9,,15000.0,DELIVERED,2026-04-22 23:16:01.300168
4577,20,3,,180000.0,DELIVERED,2026-05-04 08:02:01.300168
4578,84,3,,75000.0,DELIVERED,2026-05-11 14:05:01.300168
4579,14,6,3.0,20000.0,DELIVERED,2026-04-25 16:44:01.300168
4580,85,9,3.0,15000.0,DELIVERED,2026-05-04 04:52:01.300168
4581,77,9,,195000.0,DELIVERED,2026-05-12 01:26:01.300168
4582,52,3,,180000.0,DELIVERED,2026-05-03 20:16:01.300168
4583,19,2,3.0,161000.0,DELIVERED,2026-04-20 07:40:01.300168
4584,83,10,2.0,517000.0,PENDING,2026-04-22 01:48:01.300168
4585,71,3,,255000.0,DELIVERED,2026-04-20 20:54:01.300168
4586,59,1,1.0,58500.0,CANCELLED,2026-05-06 10:26:01.300168
4587,31,9,,200000.0,DELIVERED,2026-05-04 20:50:01.300168
4588,61,4,,1003000.0,CANCELLED,2026-05-07 04:42:01.300168
4589,63,9,,55000.0,DELIVERED,2026-04-21 03:26:01.300168
4590,1,1,,340000.0,DELIVERED,2026-05-15 20:38:01.300168
4591,97,4,,882000.0,DELIVERED,2026-05-02 00:12:01.300168
4592,1,6,,17000.0,DELIVERED,2026-04-29 22:28:01.300168
4593,3,2,3.0,189000.0,DELIVERED,2026-05-17 12:55:01.300168
4594,30,1,,350000.0,DELIVERED,2026-04-27 13:02:01.300168
4595,66,6,3.0,20000.0,CANCELLED,2026-04-19 19:01:01.300168
4596,86,2,,77000.0,DELIVERED,2026-05-01 03:58:01.300168
4597,4,7,3.0,92000.0,DELIVERED,2026-04-25 18:25:01.300168
4598,76,1,,70000.0,DELIVERED,2026-04-21 22:40:01.300168
4599,73,10,,390000.0,DELIVERED,2026-05-06 08:09:01.300168
4600,58,4,,438000.0,DELIVERED,2026-04-27 03:48:01.300168
4601,99,9,,55000.0,DELIVERED,2026-05-11 19:14:01.300168
4602,12,5,1.0,429000.0,DELIVERED,2026-05-11 14:37:01.300168
4603,54,6,3.0,20000.0,DELIVERED,2026-04-24 22:09:01.300168
4604,4,3,,160000.0,DELIVERED,2026-04-23 08:12:01.300168
4605,97,5,,321000.0,DELIVERED,2026-05-08 06:43:01.300168
4606,12,10,,350000.0,DELIVERED,2026-05-17 12:55:01.300168
4607,9,9,2.0,188000.0,DELIVERED,2026-05-07 16:48:01.300168
4608,82,7,,7000.0,DELIVERED,2026-05-02 15:10:01.300168
4609,97,6,,70000.0,CANCELLED,2026-05-07 12:05:01.300168
4610,8,8,3.0,25000.0,DELIVERED,2026-05-05 07:08:01.300168
4611,77,6,,116000.0,DELIVERED,2026-04-29 08:09:01.300168
4612,82,3,1.0,225000.0,DELIVERED,2026-04-21 06:46:01.300168
4613,55,8,1.0,117000.0,DELIVERED,2026-05-13 23:04:01.300168
4614,64,2,,178000.0,DELIVERED,2026-05-01 20:44:01.300168
4615,84,8,1.0,99000.0,DELIVERED,2026-05-01 19:57:01.300168
4616,3,8,,130000.0,DELIVERED,2026-05-03 22:27:01.300168
4617,49,10,,567000.0,DELIVERED,2026-05-03 05:55:01.300168
4618,17,8,1.0,72000.0,DELIVERED,2026-05-09 23:24:01.300168
4619,94,10,,260000.0,DELIVERED,2026-04-28 10:09:01.300168
4620,51,6,,5000.0,DELIVERED,2026-04-28 13:07:01.300168
4621,53,2,,57000.0,DELIVERED,2026-05-10 22:45:01.300168
4622,88,10,3.0,75000.0,CANCELLED,2026-05-14 22:31:01.300168
4623,53,5,2.0,175200.0,DELIVERED,2026-04-30 01:48:01.300168
4624,83,5,1.0,140400.0,DELIVERED,2026-04-25 12:22:01.300168
4625,77,1,1.0,180000.0,DELIVERED,2026-04-23 17:56:01.300168
4626,68,7,,162000.0,DELIVERED,2026-04-23 19:21:01.300168
4627,87,3,,135000.0,DELIVERED,2026-05-11 17:42:01.300168
4628,2,3,,180000.0,DELIVERED,2026-04-20 09:09:01.300168
4629,39,9,,15000.0,CANCELLED,2026-04-26 12:04:01.300168
4630,6,7,,44000.0,DELIVERED,2026-04-27 11:54:01.300168
4631,57,1,3.0,195000.0,DELIVERED,2026-05-12 04:28:01.300168
4632,97,8,1.0,45000.0,DELIVERED,2026-05-08 10:24:01.300168
4633,27,1,,285000.0,DELIVERED,2026-05-12 21:40:01.300168
4634,12,3,2.0,148000.0,PENDING,2026-04-20 21:42:01.300168
4635,92,3,,35000.0,DELIVERED,2026-04-24 13:46:01.300168
4636,42,9,,75000.0,PENDING,2026-04-20 21:49:01.300168
4637,22,8,,170000.0,DELIVERED,2026-05-10 23:33:01.300168
4638,8,2,,137000.0,DELIVERED,2026-05-13 13:08:01.300168
4639,39,3,,60000.0,DELIVERED,2026-04-24 12:57:01.300168
4640,73,2,1.0,184000.0,DELIVERED,2026-05-07 03:54:01.300168
4641,57,1,3.0,130000.0,PENDING,2026-05-19 09:03:01.300168
4642,69,5,,235000.0,DELIVERED,2026-04-30 07:20:01.300168
4643,18,7,3.0,61000.0,CANCELLED,2026-05-09 04:07:01.300168
4644,44,4,,148000.0,DELIVERED,2026-04-26 10:19:01.300168
4645,6,8,,170000.0,DELIVERED,2026-05-05 13:11:01.300168
4646,16,4,,318000.0,DELIVERED,2026-05-10 15:07:01.300168
4647,27,1,1.0,72000.0,DELIVERED,2026-04-29 05:20:01.300168
4648,99,2,,382000.0,DELIVERED,2026-04-23 23:25:01.300168
4649,54,10,,678000.0,DELIVERED,2026-05-07 00:38:01.300168
4650,29,7,2.0,85600.0,DELIVERED,2026-04-23 02:43:01.300168
4651,90,8,,120000.0,DELIVERED,2026-04-25 18:00:01.300168
4652,27,2,,87000.0,CANCELLED,2026-05-02 03:25:01.300168
4653,35,10,,567000.0,CANCELLED,2026-05-19 01:34:01.300168
4654,24,8,,130000.0,DELIVERED,2026-05-11 21:37:01.300168
4655,32,9,,15000.0,CANCELLED,2026-05-13 01:19:01.300168
4656,5,8,,235000.0,DELIVERED,2026-05-13 14:19:01.300168
4657,98,2,,233000.0,DELIVERED,2026-04-22 22:55:01.300168
4658,1,10,3.0,285000.0,DELIVERED,2026-05-19 07:30:01.300168
4659,92,6,,41000.0,DELIVERED,2026-05-19 00:23:01.300168
4660,16,9,1.0,117000.0,DELIVERED,2026-05-01 10:37:01.300168
4661,2,7,,217000.0,DELIVERED,2026-05-07 13:29:01.300168
4662,17,3,,20000.0,DELIVERED,2026-04-19 20:28:01.300168
4663,98,8,3.0,165000.0,PENDING,2026-05-12 00:36:01.300168
4664,89,4,2.0,118400.0,DELIVERED,2026-05-02 11:07:01.300168
4665,34,5,2.0,188000.0,DELIVERED,2026-05-08 02:35:01.300168
4666,9,6,,92000.0,DELIVERED,2026-05-02 22:20:01.300168
4667,58,5,3.0,150000.0,DELIVERED,2026-05-13 05:04:01.300168
4668,9,8,,120000.0,PENDING,2026-04-20 01:07:01.300168
4669,1,4,3.0,570000.0,DELIVERED,2026-05-07 05:51:01.300168
4670,72,1,1.0,185000.0,CANCELLED,2026-05-03 04:34:01.300168
4671,89,6,1.0,72900.0,DELIVERED,2026-04-22 04:22:01.300168
4672,4,10,2.0,319000.0,DELIVERED,2026-05-10 23:56:01.300168
4673,14,4,,317000.0,CANCELLED,2026-05-08 12:28:01.300168
4674,40,8,,270000.0,DELIVERED,2026-04-26 20:59:01.300168
4675,44,4,,657000.0,CANCELLED,2026-05-10 03:23:01.300168
4676,53,8,3.0,25000.0,DELIVERED,2026-05-04 23:11:01.300168
4677,35,4,3.0,1086000.0,DELIVERED,2026-05-10 06:41:01.300168
4678,56,7,2.0,172800.0,DELIVERED,2026-05-10 02:39:01.300168
4679,30,7,2.0,104800.0,DELIVERED,2026-05-09 05:00:01.300168
4680,68,10,,558000.0,DELIVERED,2026-05-09 20:55:01.300168
4681,14,7,1.0,90000.0,DELIVERED,2026-04-23 11:01:01.300168
4682,53,7,2.0,155200.0,DELIVERED,2026-05-19 01:19:01.300168
4683,23,9,,105000.0,DELIVERED,2026-05-18 20:08:01.300168
4684,80,3,,60000.0,DELIVERED,2026-05-09 19:28:01.300168
4685,38,5,3.0,147000.0,DELIVERED,2026-05-08 07:53:01.300168
4686,58,1,,210000.0,PENDING,2026-04-25 18:49:01.300168
4687,9,9,3.0,230000.0,DELIVERED,2026-05-18 05:24:01.300168
4688,7,8,3.0,105000.0,DELIVERED,2026-05-03 17:38:01.300168
4689,11,7,,165000.0,CANCELLED,2026-05-06 18:22:01.300168
4690,14,2,2.0,217000.0,DELIVERED,2026-04-27 15:20:01.300168
4691,33,2,,411000.0,CANCELLED,2026-05-01 12:03:01.300168
4692,28,1,1.0,130500.0,DELIVERED,2026-05-15 04:38:01.300168
4693,11,10,,867000.0,DELIVERED,2026-05-05 16:50:01.300168
4694,14,5,2.0,89600.0,DELIVERED,2026-05-04 21:28:01.300168
4695,97,5,,165000.0,DELIVERED,2026-04-28 16:20:01.300168
4696,5,4,,49000.0,DELIVERED,2026-05-07 06:52:01.300168
4697,31,1,,275000.0,DELIVERED,2026-05-04 14:00:01.300168
4698,90,2,1.0,391000.0,DELIVERED,2026-05-10 10:33:01.300168
4699,28,1,,275000.0,DELIVERED,2026-05-18 23:46:01.300168
4700,79,9,,245000.0,DELIVERED,2026-04-24 07:35:01.300168
4701,82,10,,588000.0,DELIVERED,2026-05-11 10:56:01.300168
4702,59,6,,62000.0,DELIVERED,2026-04-29 10:59:01.300168
4703,47,8,,175000.0,DELIVERED,2026-05-04 21:10:01.300168
4704,17,7,,231000.0,DELIVERED,2026-04-30 22:38:01.300168
4705,52,9,,80000.0,DELIVERED,2026-05-13 04:07:01.300168
4706,60,6,,29000.0,DELIVERED,2026-05-07 23:36:01.300168
4707,25,2,,363000.0,DELIVERED,2026-05-11 12:51:01.300168
4708,80,6,,62000.0,DELIVERED,2026-05-04 10:07:01.300168
4709,72,2,3.0,163000.0,CANCELLED,2026-04-28 03:32:01.300168
4710,35,7,,30000.0,DELIVERED,2026-04-20 21:38:01.300168
4711,60,6,3.0,20000.0,DELIVERED,2026-05-09 17:03:01.300168
4712,14,4,,685000.0,DELIVERED,2026-05-02 07:10:01.300168
4713,47,3,,225000.0,DELIVERED,2026-04-30 03:29:01.300168
4714,70,1,3.0,125000.0,DELIVERED,2026-05-04 02:59:01.300168
4715,58,9,1.0,295000.0,DELIVERED,2026-05-11 08:13:01.300168
4716,73,1,,10000.0,CANCELLED,2026-04-28 20:56:01.300168
4717,13,3,,210000.0,DELIVERED,2026-04-27 02:52:01.300168
4718,69,9,1.0,67500.0,DELIVERED,2026-05-05 12:16:01.300168
4719,89,5,,276000.0,DELIVERED,2026-05-05 06:04:01.300168
4720,24,7,,55000.0,CANCELLED,2026-05-07 01:05:01.300168
4721,52,5,,211000.0,DELIVERED,2026-05-16 22:48:01.300168
4722,18,9,3.0,105000.0,DELIVERED,2026-04-29 11:48:01.300168
4723,37,7,,146000.0,DELIVERED,2026-05-09 14:41:01.300168
4724,58,2,,108000.0,DELIVERED,2026-05-07 14:30:01.300168
4725,26,3,,5000.0,DELIVERED,2026-05-02 06:24:01.300168
4726,15,4,,296000.0,DELIVERED,2026-05-09 17:59:01.300168
4727,67,2,,267000.0,CANCELLED,2026-05-15 05:15:01.300168
4728,36,1,,15000.0,DELIVERED,2026-05-09 22:36:01.300168
4729,10,3,,185000.0,DELIVERED,2026-04-25 05:02:01.300168
4730,22,8,,150000.0,DELIVERED,2026-05-05 02:03:01.300168
4731,55,10,,369000.0,DELIVERED,2026-04-21 23:20:01.300168
4732,3,5,,52000.0,DELIVERED,2026-05-19 17:04:01.300168
4733,35,3,,10000.0,DELIVERED,2026-05-18 02:38:01.300168
4734,76,9,3.0,50000.0,DELIVERED,2026-04-28 00:12:01.300168
4735,70,9,,130000.0,DELIVERED,2026-05-19 06:16:01.300168
4736,96,1,,410000.0,DELIVERED,2026-04-28 22:44:01.300168
4737,28,1,2.0,235000.0,DELIVERED,2026-05-06 22:40:01.300168
4738,10,6,,110000.0,CANCELLED,2026-05-15 14:18:01.300168
4739,41,6,,120000.0,DELIVERED,2026-05-15 22:32:01.300168
4740,8,1,,275000.0,DELIVERED,2026-04-25 21:02:01.300168
4741,44,3,,195000.0,CANCELLED,2026-05-09 08:45:01.300168
4742,49,10,,917000.0,DELIVERED,2026-04-25 21:30:01.300168
4743,23,8,1.0,195000.0,CANCELLED,2026-05-17 09:02:01.300168
4744,85,10,1.0,358000.0,PENDING,2026-05-11 13:35:01.300168
4745,61,9,2.0,144000.0,DELIVERED,2026-04-21 23:40:01.300168
4746,96,7,,209000.0,DELIVERED,2026-05-10 14:47:01.300168
4747,28,1,,15000.0,DELIVERED,2026-05-08 10:48:01.300168
4748,98,9,,220000.0,DELIVERED,2026-04-25 10:14:01.300168
4749,71,3,,245000.0,DELIVERED,2026-05-07 04:30:01.300168
4750,98,5,,331000.0,DELIVERED,2026-05-01 02:16:01.300168
4751,18,10,,498000.0,DELIVERED,2026-05-17 21:12:01.300168
4752,43,7,,100000.0,DELIVERED,2026-05-14 00:00:01.300168
4753,25,5,,165000.0,DELIVERED,2026-05-13 08:44:01.300168
4754,45,5,1.0,100800.0,DELIVERED,2026-05-14 19:06:01.300168
4755,15,6,,5000.0,DELIVERED,2026-05-08 16:45:01.300168
4756,2,7,3.0,202000.0,CANCELLED,2026-04-29 15:42:01.300168
4757,99,3,1.0,148500.0,CANCELLED,2026-05-06 11:32:01.300168
4758,93,3,,80000.0,DELIVERED,2026-05-18 20:44:01.300168
4759,1,6,1.0,55800.0,CANCELLED,2026-04-24 00:14:01.300168
4760,51,5,,60000.0,DELIVERED,2026-05-01 04:05:01.300168
4761,100,1,,145000.0,DELIVERED,2026-05-12 01:32:01.300168
4762,27,3,2.0,132000.0,CANCELLED,2026-05-09 06:44:01.300168
4763,19,6,1.0,77400.0,PENDING,2026-04-29 16:14:01.300168
4764,92,1,3.0,265000.0,CANCELLED,2026-04-22 06:39:01.300168
4765,75,3,,45000.0,CANCELLED,2026-04-21 03:00:01.300168
4766,88,1,1.0,175500.0,DELIVERED,2026-04-26 00:43:01.300168
4767,12,1,,210000.0,DELIVERED,2026-04-29 09:30:01.300168
4768,32,4,,198000.0,DELIVERED,2026-05-08 13:45:01.300168
4769,18,7,,70000.0,CANCELLED,2026-05-02 03:46:01.300168
4770,49,3,3.0,240000.0,DELIVERED,2026-04-30 13:14:01.300168
4771,78,1,,130000.0,CANCELLED,2026-05-05 03:44:01.300168
4772,20,9,,65000.0,DELIVERED,2026-04-21 07:55:01.300168
4773,58,2,1.0,266000.0,DELIVERED,2026-05-02 00:16:01.300168
4774,31,5,3.0,147000.0,DELIVERED,2026-05-10 21:09:01.300168
4775,65,1,3.0,55000.0,DELIVERED,2026-04-26 06:47:01.300168
4776,22,5,2.0,399000.0,DELIVERED,2026-05-03 08:26:01.300168
4777,81,4,,586000.0,DELIVERED,2026-05-02 07:26:01.300168
4778,71,4,3.0,571000.0,DELIVERED,2026-04-30 21:34:01.300168
4779,32,2,,38000.0,DELIVERED,2026-05-11 19:55:01.300168
4780,46,2,,214000.0,CANCELLED,2026-05-07 18:58:01.300168
4781,72,6,,86000.0,DELIVERED,2026-04-22 11:53:01.300168
4782,9,7,1.0,126000.0,DELIVERED,2026-05-09 16:33:01.300168
4783,38,3,,20000.0,DELIVERED,2026-05-11 17:07:01.300168
4784,27,9,,110000.0,DELIVERED,2026-05-09 07:26:01.300168
4785,41,2,,137000.0,PENDING,2026-04-25 10:06:01.300168
4786,92,5,,326000.0,DELIVERED,2026-05-06 11:23:01.300168
4787,39,8,2.0,188000.0,DELIVERED,2026-04-21 01:53:01.300168
4788,23,7,,165000.0,PENDING,2026-05-18 13:00:01.300168
4789,67,9,3.0,25000.0,DELIVERED,2026-04-27 14:18:01.300168
4790,50,4,,98000.0,CANCELLED,2026-05-18 06:13:01.300168
4791,34,8,,185000.0,DELIVERED,2026-05-14 08:37:01.300168
4792,29,10,,657000.0,DELIVERED,2026-05-04 03:32:01.300168
4793,8,5,,219000.0,DELIVERED,2026-04-24 07:42:01.300168
4794,34,3,,60000.0,PENDING,2026-05-18 15:15:01.300168
4795,85,5,,180000.0,DELIVERED,2026-05-04 12:04:01.300168
4796,64,10,3.0,115000.0,DELIVERED,2026-04-30 21:54:01.300168
4797,37,3,,50000.0,DELIVERED,2026-04-21 21:19:01.300168
4798,9,1,,195000.0,PENDING,2026-05-19 11:04:01.300168
4799,19,7,,62000.0,CANCELLED,2026-05-19 12:23:01.300168
4800,26,2,1.0,160200.0,DELIVERED,2026-05-05 08:18:01.300168
4801,25,4,,805000.0,DELIVERED,2026-05-09 02:00:01.300168
4802,89,1,1.0,126000.0,DELIVERED,2026-05-15 14:58:01.300168
4803,23,5,,345000.0,DELIVERED,2026-05-10 03:43:01.300168
4804,100,4,,882000.0,DELIVERED,2026-04-30 14:36:01.300168
4805,11,7,1.0,59400.0,DELIVERED,2026-04-25 04:39:01.300168
4806,73,8,2.0,124000.0,DELIVERED,2026-04-20 05:08:01.300168
4807,32,7,1.0,59400.0,DELIVERED,2026-05-12 20:24:01.300168
4808,57,7,1.0,154800.0,DELIVERED,2026-04-30 14:31:01.300168
4809,28,1,,200000.0,PENDING,2026-05-08 07:13:01.300168
4810,52,5,,165000.0,DELIVERED,2026-05-15 09:36:01.300168
4811,98,8,,95000.0,DELIVERED,2026-04-28 20:49:01.300168
4812,24,9,,185000.0,DELIVERED,2026-04-29 11:13:01.300168
4813,90,8,,285000.0,DELIVERED,2026-05-19 08:25:01.300168
4814,60,2,1.0,206000.0,DELIVERED,2026-04-27 14:35:01.300168
4815,24,6,,105000.0,DELIVERED,2026-04-26 14:54:01.300168
4816,36,8,,135000.0,CANCELLED,2026-05-05 02:46:01.300168
4817,29,9,,115000.0,DELIVERED,2026-05-16 14:19:01.300168
4818,55,5,,115000.0,DELIVERED,2026-05-19 07:05:01.300168
4819,42,6,,75000.0,DELIVERED,2026-04-30 11:25:01.300168
4820,40,10,,747000.0,DELIVERED,2026-05-12 19:07:01.300168
4821,85,4,,147000.0,DELIVERED,2026-04-21 09:19:01.300168
4822,18,9,,75000.0,DELIVERED,2026-05-14 05:56:01.300168
4823,83,9,,65000.0,DELIVERED,2026-05-08 04:13:01.300168
4824,42,3,2.0,84000.0,DELIVERED,2026-04-24 20:54:01.300168
4825,34,10,,220000.0,CANCELLED,2026-05-11 14:52:01.300168
4826,87,9,,25000.0,DELIVERED,2026-04-21 14:22:01.300168
4827,44,3,,10000.0,DELIVERED,2026-05-15 21:51:01.300168
4828,32,3,3.0,105000.0,DELIVERED,2026-05-05 05:46:01.300168
4829,67,4,,219000.0,DELIVERED,2026-05-09 02:02:01.300168
4830,39,4,,99000.0,DELIVERED,2026-04-29 14:02:01.300168
4831,39,2,2.0,196000.0,DELIVERED,2026-05-18 23:09:01.300168
4832,1,7,,231000.0,DELIVERED,2026-04-23 07:33:01.300168
4833,70,7,,30000.0,DELIVERED,2026-04-25 22:22:01.300168
4834,47,6,,35000.0,DELIVERED,2026-04-28 18:25:01.300168
4835,26,10,,638000.0,DELIVERED,2026-05-05 17:28:01.300168
4836,83,10,1.0,72000.0,DELIVERED,2026-05-06 15:07:01.300168
4837,43,4,3.0,550000.0,DELIVERED,2026-04-25 15:47:01.300168
4838,16,8,1.0,162000.0,DELIVERED,2026-05-14 01:12:01.300168
4839,73,5,1.0,140400.0,PENDING,2026-05-07 19:01:01.300168
4840,84,10,,180000.0,DELIVERED,2026-05-01 00:14:01.300168
4841,40,8,,175000.0,DELIVERED,2026-05-11 02:24:01.300168
4842,39,6,,5000.0,DELIVERED,2026-05-18 12:03:01.300168
4843,76,4,,49000.0,CANCELLED,2026-04-24 19:38:01.300168
4844,80,6,1.0,72900.0,DELIVERED,2026-05-18 11:53:01.300168
4845,39,1,,10000.0,CANCELLED,2026-04-29 04:49:01.300168
4846,13,4,,147000.0,DELIVERED,2026-04-30 13:30:01.300168
4847,20,3,2.0,164000.0,DELIVERED,2026-04-24 11:18:01.300168
4848,23,6,,34000.0,DELIVERED,2026-04-23 15:51:01.300168
4849,54,5,,339000.0,DELIVERED,2026-04-28 15:18:01.300168
4850,8,7,3.0,202000.0,DELIVERED,2026-04-24 11:50:01.300168
4851,28,9,,50000.0,DELIVERED,2026-04-26 19:29:01.300168
4852,36,1,1.0,335000.0,DELIVERED,2026-04-29 03:01:01.300168
4853,49,10,,697000.0,DELIVERED,2026-05-08 22:25:01.300168
4854,94,4,,1002000.0,DELIVERED,2026-05-04 11:36:01.300168
4855,45,8,,245000.0,DELIVERED,2026-05-15 03:27:01.300168
4856,98,9,,130000.0,DELIVERED,2026-05-08 17:06:01.300168
4857,54,6,,85000.0,DELIVERED,2026-05-09 00:49:01.300168
4858,6,10,,837000.0,DELIVERED,2026-05-11 14:35:01.300168
4859,74,5,2.0,286000.0,DELIVERED,2026-04-25 19:12:01.300168
4860,92,9,,90000.0,DELIVERED,2026-05-06 18:37:01.300168
4861,30,5,2.0,83200.0,DELIVERED,2026-04-20 00:37:01.300168
4862,37,9,,160000.0,DELIVERED,2026-05-11 08:28:01.300168
4863,55,4,,756000.0,DELIVERED,2026-04-20 20:46:01.300168
4864,79,8,,285000.0,DELIVERED,2026-04-29 10:04:01.300168
4865,77,5,,345000.0,DELIVERED,2026-05-07 16:42:01.300168
4866,30,2,3.0,23000.0,DELIVERED,2026-05-09 20:36:01.300168
4867,18,7,,22000.0,DELIVERED,2026-05-07 06:44:01.300168
4868,93,9,1.0,103500.0,DELIVERED,2026-05-17 08:59:01.300168
4869,40,5,,115000.0,CANCELLED,2026-05-05 01:28:01.300168
4870,91,3,,150000.0,DELIVERED,2026-04-29 19:01:01.300168
4871,47,10,,567000.0,DELIVERED,2026-04-30 07:40:01.300168
4872,57,3,1.0,205000.0,DELIVERED,2026-04-21 03:56:01.300168
4873,3,6,3.0,95000.0,DELIVERED,2026-04-27 04:17:01.300168
4874,86,1,,215000.0,DELIVERED,2026-05-16 15:31:01.300168
4875,76,7,3.0,91000.0,DELIVERED,2026-05-14 01:51:01.300168
4876,87,4,3.0,281000.0,DELIVERED,2026-05-17 10:54:01.300168
4877,24,2,1.0,333000.0,DELIVERED,2026-04-30 13:03:01.300168
4878,15,9,,15000.0,DELIVERED,2026-05-10 12:57:01.300168
4879,30,4,,395000.0,DELIVERED,2026-05-09 04:56:01.300168
4880,11,1,,345000.0,DELIVERED,2026-05-02 15:24:01.300168
4881,41,1,,200000.0,CANCELLED,2026-05-06 23:12:01.300168
4882,54,2,3.0,23000.0,DELIVERED,2026-05-11 10:09:01.300168
4883,1,4,,657000.0,DELIVERED,2026-04-29 07:34:01.300168
4884,73,5,,110000.0,DELIVERED,2026-05-07 15:49:01.300168
4885,100,3,,130000.0,DELIVERED,2026-05-14 22:52:01.300168
4886,77,1,3.0,65000.0,DELIVERED,2026-05-10 07:22:01.300168
4887,34,9,1.0,58500.0,DELIVERED,2026-04-20 08:54:01.300168
4888,40,1,,85000.0,DELIVERED,2026-04-28 19:55:01.300168
4889,21,3,2.0,148000.0,CANCELLED,2026-05-17 23:28:01.300168
4890,89,2,3.0,163000.0,DELIVERED,2026-05-18 12:15:01.300168
4891,94,8,1.0,81000.0,DELIVERED,2026-05-12 09:58:01.300168
4892,29,2,,58000.0,DELIVERED,2026-05-19 12:18:01.300168
4893,1,9,3.0,180000.0,DELIVERED,2026-05-11 04:31:01.300168
4894,39,8,,110000.0,DELIVERED,2026-05-19 01:21:01.300168
4895,61,3,,240000.0,DELIVERED,2026-05-12 20:11:01.300168
4896,44,9,3.0,30000.0,DELIVERED,2026-04-24 05:28:01.300168
4897,31,9,,210000.0,DELIVERED,2026-05-17 22:55:01.300168
4898,5,4,,516000.0,DELIVERED,2026-04-26 22:37:01.300168
4899,92,10,,279000.0,CANCELLED,2026-04-23 11:15:01.300168
4900,86,10,3.0,25000.0,DELIVERED,2026-05-08 05:24:01.300168
4901,49,8,,105000.0,DELIVERED,2026-05-14 04:25:01.300168
4902,80,6,,15000.0,DELIVERED,2026-04-21 07:24:01.300168
4903,80,6,,105000.0,DELIVERED,2026-04-30 10:19:01.300168
4904,79,2,,58000.0,DELIVERED,2026-04-28 15:53:01.300168
4905,64,6,,117000.0,DELIVERED,2026-05-09 12:34:01.300168
4906,26,5,,55000.0,DELIVERED,2026-05-01 19:17:01.300168
4907,33,3,,15000.0,DELIVERED,2026-04-27 23:58:01.300168
4908,81,9,1.0,58500.0,DELIVERED,2026-05-15 03:08:01.300168
4909,43,8,,80000.0,DELIVERED,2026-05-03 00:14:01.300168
4910,48,9,,220000.0,DELIVERED,2026-05-15 23:38:01.300168
4911,75,6,3.0,25000.0,DELIVERED,2026-04-29 12:33:01.300168
4912,29,7,,155000.0,DELIVERED,2026-05-16 20:26:01.300168
4913,3,8,2.0,88000.0,DELIVERED,2026-05-02 11:24:01.300168
4914,41,9,,200000.0,DELIVERED,2026-04-24 21:21:01.300168
4915,3,10,,449000.0,DELIVERED,2026-04-24 00:34:01.300168
4916,65,2,3.0,23000.0,DELIVERED,2026-05-13 21:01:01.300168
4917,63,6,,17000.0,DELIVERED,2026-05-17 10:49:01.300168
4918,16,1,,205000.0,CANCELLED,2026-05-07 22:35:01.300168
4919,28,3,2.0,160000.0,DELIVERED,2026-05-12 02:41:01.300168
4920,73,8,,250000.0,CANCELLED,2026-04-23 18:27:01.300168
4921,53,10,,598000.0,DELIVERED,2026-05-05 16:33:01.300168
4922,32,10,,180000.0,DELIVERED,2026-05-10 08:29:01.300168
4923,51,6,,99000.0,DELIVERED,2026-04-26 02:42:01.300168
4924,90,5,,104000.0,DELIVERED,2026-05-13 10:38:01.300168
4925,90,9,1.0,175500.0,DELIVERED,2026-04-30 16:17:01.300168
4926,86,6,,15000.0,DELIVERED,2026-05-11 05:54:01.300168
4927,36,8,2.0,168000.0,DELIVERED,2026-05-12 17:18:01.300168
4928,12,8,,220000.0,DELIVERED,2026-05-02 05:11:01.300168
4929,31,8,2.0,120000.0,CANCELLED,2026-05-05 20:55:01.300168
4930,91,5,,337000.0,CANCELLED,2026-04-21 05:15:01.300168
4931,54,7,1.0,204000.0,CANCELLED,2026-05-11 07:35:01.300168
4932,20,1,,10000.0,DELIVERED,2026-04-25 09:42:01.300168
4933,56,2,1.0,80100.0,CANCELLED,2026-05-09 13:31:01.300168
4934,85,3,,160000.0,DELIVERED,2026-04-21 09:17:01.300168
4935,75,5,,285000.0,DELIVERED,2026-05-06 15:35:01.300168
4936,32,4,,99000.0,DELIVERED,2026-05-16 00:46:01.300168
4937,68,3,,120000.0,DELIVERED,2026-04-28 04:09:01.300168
4938,97,5,,165000.0,DELIVERED,2026-04-22 00:25:01.300168
4939,37,9,,180000.0,PENDING,2026-05-03 09:26:01.300168
4940,86,3,1.0,171000.0,DELIVERED,2026-05-11 06:42:01.300168
4941,70,7,1.0,95400.0,CANCELLED,2026-04-28 01:12:01.300168
4942,79,4,3.0,621000.0,DELIVERED,2026-05-03 08:29:01.300168
4943,34,7,,85000.0,DELIVERED,2026-05-18 07:54:01.300168
4944,18,4,1.0,496000.0,DELIVERED,2026-04-24 22:59:01.300168
4945,74,8,,15000.0,DELIVERED,2026-04-29 23:21:01.300168
4946,17,4,,99000.0,DELIVERED,2026-05-09 18:59:01.300168
4947,79,7,,45000.0,DELIVERED,2026-05-19 06:42:01.300168
4948,80,1,,215000.0,DELIVERED,2026-05-18 12:36:01.300168
4949,45,3,1.0,49500.0,DELIVERED,2026-04-29 03:41:01.300168
4950,97,10,,229000.0,DELIVERED,2026-05-10 08:32:01.300168
4951,35,5,1.0,46800.0,DELIVERED,2026-05-16 21:32:01.300168
4952,54,9,,105000.0,CANCELLED,2026-05-05 22:15:01.300168
4953,24,5,,339000.0,DELIVERED,2026-05-07 15:24:01.300168
4954,71,8,,65000.0,DELIVERED,2026-05-02 07:44:01.300168
4955,46,7,3.0,91000.0,CANCELLED,2026-05-17 04:26:01.300168
4956,4,2,,58000.0,DELIVERED,2026-05-16 10:23:01.300168
4957,3,4,,98000.0,DELIVERED,2026-05-18 16:37:01.300168
4958,73,10,,270000.0,DELIVERED,2026-05-06 03:25:01.300168
4959,98,1,,65000.0,DELIVERED,2026-05-10 18:58:01.300168
4960,28,10,,588000.0,DELIVERED,2026-04-24 23:05:01.300168
4961,43,2,,197000.0,DELIVERED,2026-04-30 03:35:01.300168
4962,6,9,,50000.0,DELIVERED,2026-04-24 23:14:01.300168
4963,7,3,,60000.0,DELIVERED,2026-04-25 14:42:01.300168
4964,85,5,,216000.0,DELIVERED,2026-05-08 13:01:01.300168
4965,83,7,,125000.0,DELIVERED,2026-04-19 19:25:01.300168
4966,20,10,1.0,547000.0,DELIVERED,2026-04-26 05:24:01.300168
4967,66,10,3.0,862000.0,DELIVERED,2026-05-05 17:31:01.300168
4968,85,9,,75000.0,DELIVERED,2026-04-22 02:46:01.300168
4969,46,8,,235000.0,DELIVERED,2026-04-28 19:27:01.300168
4970,3,5,3.0,220000.0,DELIVERED,2026-04-23 21:25:01.300168
4971,89,3,,135000.0,DELIVERED,2026-05-15 21:48:01.300168
4972,47,3,,15000.0,DELIVERED,2026-05-01 01:05:01.300168
4973,83,6,,36000.0,DELIVERED,2026-04-25 23:17:01.300168
4974,70,4,,147000.0,DELIVERED,2026-04-22 22:02:01.300168
4975,6,7,,7000.0,DELIVERED,2026-04-26 02:16:01.300168
4976,50,2,,108000.0,DELIVERED,2026-04-28 21:47:01.300168
4977,94,9,,245000.0,DELIVERED,2026-05-16 08:28:01.300168
4978,98,2,,284000.0,DELIVERED,2026-05-07 15:59:01.300168
4979,76,2,2.0,253000.0,DELIVERED,2026-05-03 15:51:01.300168
4980,83,6,,36000.0,DELIVERED,2026-05-01 13:49:01.300168
4981,48,4,,833000.0,DELIVERED,2026-05-08 03:25:01.300168
4982,72,2,,38000.0,DELIVERED,2026-05-04 03:02:01.300168
4983,90,1,,5000.0,DELIVERED,2026-04-27 21:02:01.300168
4984,43,9,,130000.0,DELIVERED,2026-05-10 22:33:01.300168
4985,89,8,,150000.0,DELIVERED,2026-04-24 14:22:01.300168
4986,37,7,,59000.0,DELIVERED,2026-05-09 05:14:01.300168
4987,59,7,,110000.0,DELIVERED,2026-04-22 00:18:01.300168
4988,72,10,,390000.0,DELIVERED,2026-05-14 13:30:01.300168
4989,83,7,,139000.0,DELIVERED,2026-04-20 01:33:01.300168
4990,29,4,2.0,197600.0,CANCELLED,2026-05-14 10:25:01.300168
4991,90,10,2.0,328000.0,DELIVERED,2026-05-09 04:33:01.300168
4992,24,4,,903000.0,DELIVERED,2026-05-13 18:37:01.300168
4993,93,8,,145000.0,DELIVERED,2026-04-24 17:12:01.300168
4994,77,5,,381000.0,DELIVERED,2026-04-28 06:32:01.300168
4995,93,5,,232000.0,DELIVERED,2026-04-21 11:20:01.300168
4996,31,7,,21000.0,DELIVERED,2026-04-30 16:31:01.300168
4997,18,9,2.0,200000.0,DELIVERED,2026-05-04 08:15:01.300168
4998,72,9,,160000.0,DELIVERED,2026-04-20 02:05:01.300168
4999,98,4,1.0,594000.0,DELIVERED,2026-04-29 21:51:01.300168
5000,63,5,1.0,49500.0,DELIVERED,2026-05-15 09:08:01.300168
