review_id,user_id,restaurant_id,rating,comment,created_at
1,35,9,4,Hơi ít so với hình nhưng ngon,2026-05-01 10:27:01.300168
2,24,1,4,Đồ ăn nóng hổi ngon miệng,2026-05-15 05:42:01.300168
3,78,5,5,"Giao siêu nhanh, shipper dễ thương",2026-04-29 13:30:01.300168
4,17,3,3,"Ăn vừa vị, giá cả hợp lý",2026-04-24 15:39:01.300168
5,68,7,4,Đồ ăn nóng hổi ngon miệng,2026-05-02 12:27:01.300168
6,75,6,4,Đóng gói cẩn thận sạch sẽ,2026-05-18 07:03:01.300168
7,54,10,3,Đồ ăn nóng hổi ngon miệng,2026-04-28 03:37:01.300168
8,41,6,5,"Giao siêu nhanh, shipper dễ thương",2026-04-24 00:45:01.300168
9,33,3,4,Đồ ăn nóng hổi ngon miệng,2026-05-07 09:22:01.300168
10,37,2,5,"Ăn vừa vị, giá cả hợp lý",2026-05-04 20:27:01.300168
11,17,8,5,"Ăn vừa vị, giá cả hợp lý",2026-05-14 06:11:01.300168
12,3,8,5,Đồ ăn nóng hổi ngon miệng,2026-04-26 14:01:01.300168
13,98,6,5,"Giao siêu nhanh, shipper dễ thương",2026-05-12 18:32:01.300168
14,37,5,5,"Giao siêu nhanh, shipper dễ thương",2026-04-19 21:13:01.300168
15,89,8,5,"Ăn vừa vị, giá cả hợp lý",2026-05-18 22:58:01.300168
16,18,10,5,Hơi ít so với hình nhưng ngon,2026-05-15 02:52:01.300168
17,51,2,4,Đồ ăn nóng hổi ngon miệng,2026-05-18 19:33:01.300168
18,8,7,4,Hơi ít so với hình nhưng ngon,2026-05-01 16:59:01.300168
19,84,8,3,"Giao siêu nhanh, shipper dễ thương",2026-04-30 03:25:01.300168
20,51,3,3,Hơi ít so với hình nhưng ngon,2026-04-23 08:24:01.300168
21,85,6,5,Đóng gói cẩn thận sạch sẽ,2026-05-03 14:44:01.300168
22,35,5,4,"Ăn vừa vị, giá cả hợp lý",2026-05-11 15:51:01.300168
23,48,4,3,Đồ ăn nóng hổi ngon miệng,2026-04-25 20:24:01.300168
24,100,2,3,"Ăn vừa vị, giá cả hợp lý",2026-05-12 02:06:01.300168
25,18,6,4,Hơi ít so với hình nhưng ngon,2026-05-19 14:19:01.300168
26,100,9,4,Đồ ăn nóng hổi ngon miệng,2026-05-17 15:11:01.300168
27,73,3,5,"Giao siêu nhanh, shipper dễ thương",2026-04-22 06:31:01.300168
28,99,2,4,Hơi ít so với hình nhưng ngon,2026-04-27 16:56:01.300168
29,33,2,3,Hơi ít so với hình nhưng ngon,2026-05-02 01:30:01.300168
30,74,8,5,Đóng gói cẩn thận sạch sẽ,2026-04-21 12:02:01.300168
31,4,5,5,Đồ ăn nóng hổi ngon miệng,2026-05-03 19:44:01.300168
32,91,1,4,"Giao siêu nhanh, shipper dễ thương",2026-05-03 15:53:01.300168
33,41,4,5,"Ăn vừa vị, giá cả hợp lý",2026-04-22 16:59:01.300168
34,42,2,3,"Giao siêu nhanh, shipper dễ thương",2026-05-19 14:05:01.300168
35,45,3,4,Hơi ít so với hình nhưng ngon,2026-05-01 01:31:01.300168
36,92,7,4,"Giao siêu nhanh, shipper dễ thương",2026-05-04 15:32:01.300168
37,84,4,5,Đóng gói cẩn thận sạch sẽ,2026-05-14 15:11:01.300168
38,70,3,3,"Ăn vừa vị, giá cả hợp lý",2026-05-05 10:54:01.300168
39,86,6,4,"Giao siêu nhanh, shipper dễ thương",2026-05-08 09:25:01.300168
40,88,7,3,"Giao siêu nhanh, shipper dễ thương",2026-04-22 20:56:01.300168
41,83,2,4,Đồ ăn nóng hổi ngon miệng,2026-05-08 01:23:01.300168
42,78,5,5,Hơi ít so với hình nhưng ngon,2026-05-04 08:34:01.300168
43,38,2,4,"Ăn vừa vị, giá cả hợp lý",2026-04-20 21:57:01.300168
44,41,5,4,Hơi ít so với hình nhưng ngon,2026-05-04 13:16:01.300168
45,49,10,4,Đồ ăn nóng hổi ngon miệng,2026-05-01 09:33:01.300168
46,83,8,3,"Ăn vừa vị, giá cả hợp lý",2026-04-20 12:54:01.300168
47,78,2,3,Đóng gói cẩn thận sạch sẽ,2026-05-14 23:41:01.300168
48,49,4,4,Đồ ăn nóng hổi ngon miệng,2026-04-27 00:14:01.300168
49,50,9,3,"Ăn vừa vị, giá cả hợp lý",2026-05-06 10:48:01.300168
50,98,3,3,Đồ ăn nóng hổi ngon miệng,2026-05-13 19:45:01.300168
51,38,9,5,"Giao siêu nhanh, shipper dễ thương",2026-05-08 02:14:01.300168
52,48,9,3,Đồ ăn nóng hổi ngon miệng,2026-05-13 13:11:01.300168
53,90,3,5,Đồ ăn nóng hổi ngon miệng,2026-04-28 03:31:01.300168
54,51,7,4,"Ăn vừa vị, giá cả hợp lý",2026-04-21 22:41:01.300168
55,30,7,4,"Giao siêu nhanh, shipper dễ thương",2026-05-13 01:24:01.300168
56,12,4,4,Đóng gói cẩn thận sạch sẽ,2026-05-08 07:56:01.300168
57,74,2,4,Đóng gói cẩn thận sạch sẽ,2026-04-27 08:07:01.300168
58,65,6,5,Đồ ăn nóng hổi ngon miệng,2026-04-22 21:10:01.300168
59,48,9,4,"Ăn vừa vị, giá cả hợp lý",2026-05-13 22:58:01.300168
60,66,4,4,Đóng gói cẩn thận sạch sẽ,2026-04-30 05:34:01.300168
61,69,7,4,Hơi ít so với hình nhưng ngon,2026-05-10 15:42:01.300168
62,76,9,3,Đóng gói cẩn thận sạch sẽ,2026-05-08 05:47:01.300168
63,42,7,3,Đóng gói cẩn thận sạch sẽ,2026-05-01 12:22:01.300168
64,74,9,4,Đóng gói cẩn thận sạch sẽ,2026-05-16 18:59:01.300168
65,43,5,5,Đóng gói cẩn thận sạch sẽ,2026-04-25 03:55:01.300168
66,93,4,5,"Ăn vừa vị, giá cả hợp lý",2026-05-11 01:27:01.300168
67,92,2,3,Đồ ăn nóng hổi ngon miệng,2026-05-18 16:49:01.300168
68,3,3,4,Hơi ít so với hình nhưng ngon,2026-05-05 11:55:01.300168
69,90,8,4,Đóng gói cẩn thận sạch sẽ,2026-05-12 00:45:01.300168
70,47,6,5,Đồ ăn nóng hổi ngon miệng,2026-04-28 08:45:01.300168
71,43,3,5,"Ăn vừa vị, giá cả hợp lý",2026-05-04 03:43:01.300168
72,39,5,4,Đóng gói cẩn thận sạch sẽ,2026-04-30 15:58:01.300168
73,6,8,4,"Giao siêu nhanh, shipper dễ thương",2026-05-16 23:20:01.300168
74,2,6,5,"Ăn vừa vị, giá cả hợp lý",2026-05-01 01:01:01.300168
75,90,5,4,"Ăn vừa vị, giá cả hợp lý",2026-05-06 17:55:01.300168
76,43,4,3,"Giao siêu nhanh, shipper dễ thương",2026-04-30 14:51:01.300168
77,60,3,5,Đóng gói cẩn thận sạch sẽ,2026-05-16 04:27:01.300168
78,11,10,5,"Ăn vừa vị, giá cả hợp lý",2026-05-18 01:21:01.300168
79,22,8,5,Hơi ít so với hình nhưng ngon,2026-05-04 06:07:01.300168
80,24,5,5,"Ăn vừa vị, giá cả hợp lý",2026-05-07 10:20:01.300168
81,27,8,4,"Ăn vừa vị, giá cả hợp lý",2026-04-27 10:44:01.300168
82,41,7,4,Đóng gói cẩn thận sạch sẽ,2026-05-10 05:32:01.300168
83,29,9,3,Đóng gói cẩn thận sạch sẽ,2026-05-02 03:25:01.300168
84,4,5,4,"Giao siêu nhanh, shipper dễ thương",2026-04-24 21:35:01.300168
85,34,8,5,Đồ ăn nóng hổi ngon miệng,2026-04-30 02:52:01.300168
86,20,5,5,"Giao siêu nhanh, shipper dễ thương",2026-05-02 00:33:01.300168
87,26,7,3,"Giao siêu nhanh, shipper dễ thương",2026-05-14 09:49:01.300168
88,63,7,5,Đóng gói cẩn thận sạch sẽ,2026-04-21 11:42:01.300168
89,18,10,4,Đồ ăn nóng hổi ngon miệng,2026-05-18 19:36:01.300168
90,23,6,4,"Giao siêu nhanh, shipper dễ thương",2026-05-03 07:13:01.300168
91,45,6,5,Đồ ăn nóng hổi ngon miệng,2026-05-02 17:45:01.300168
92,52,7,4,"Ăn vừa vị, giá cả hợp lý",2026-04-20 17:49:01.300168
93,90,6,4,"Giao siêu nhanh, shipper dễ thương",2026-05-11 18:53:01.300168
94,43,9,4,Đóng gói cẩn thận sạch sẽ,2026-04-21 12:19:01.300168
95,50,7,4,Đóng gói cẩn thận sạch sẽ,2026-04-26 06:49:01.300168
96,35,2,3,"Ăn vừa vị, giá cả hợp lý",2026-04-30 10:43:01.300168
97,48,9,5,Đóng gói cẩn thận sạch sẽ,2026-04-29 10:22:01.300168
98,9,2,4,Đồ ăn nóng hổi ngon miệng,2026-04-27 17:46:01.300168
99,4,10,5,Đóng gói cẩn thận sạch sẽ,2026-05-02 10:33:01.300168
100,65,3,3,Đóng gói cẩn thận sạch sẽ,2026-04-21 20:51:01.300168
101,54,10,3,"Giao siêu nhanh, shipper dễ thương",2026-05-03 03:24:01.300168
102,35,2,5,"Giao siêu nhanh, shipper dễ thương",2026-05-12 23:10:01.300168
103,99,6,3,Hơi ít so với hình nhưng ngon,2026-04-23 19:42:01.300168
104,11,9,3,Đồ ăn nóng hổi ngon miệng,2026-04-29 06:28:01.300168
105,97,7,4,Đồ ăn nóng hổi ngon miệng,2026-05-09 13:21:01.300168
106,50,3,4,Đồ ăn nóng hổi ngon miệng,2026-05-04 20:13:01.300168
107,71,5,4,Hơi ít so với hình nhưng ngon,2026-04-28 20:34:01.300168
108,65,10,4,Hơi ít so với hình nhưng ngon,2026-05-08 21:17:01.300168
109,16,1,4,Đóng gói cẩn thận sạch sẽ,2026-05-02 21:44:01.300168
110,85,10,4,"Giao siêu nhanh, shipper dễ thương",2026-04-30 09:49:01.300168
111,45,2,4,Đồ ăn nóng hổi ngon miệng,2026-04-25 19:44:01.300168
112,80,8,3,"Ăn vừa vị, giá cả hợp lý",2026-05-07 01:55:01.300168
113,78,10,5,Đóng gói cẩn thận sạch sẽ,2026-04-26 16:07:01.300168
114,73,2,4,Hơi ít so với hình nhưng ngon,2026-05-09 11:15:01.300168
115,7,7,5,Hơi ít so với hình nhưng ngon,2026-05-01 23:43:01.300168
116,15,3,4,"Ăn vừa vị, giá cả hợp lý",2026-04-30 04:08:01.300168
117,20,8,3,Hơi ít so với hình nhưng ngon,2026-05-09 22:07:01.300168
118,5,4,5,"Giao siêu nhanh, shipper dễ thương",2026-05-04 21:48:01.300168
119,25,10,4,Đồ ăn nóng hổi ngon miệng,2026-05-02 15:53:01.300168
120,75,10,4,Hơi ít so với hình nhưng ngon,2026-04-23 21:38:01.300168
121,74,1,3,Hơi ít so với hình nhưng ngon,2026-04-20 09:43:01.300168
122,56,3,4,Hơi ít so với hình nhưng ngon,2026-05-13 09:28:01.300168
123,43,3,5,Đồ ăn nóng hổi ngon miệng,2026-05-13 01:37:01.300168
124,74,6,3,"Giao siêu nhanh, shipper dễ thương",2026-05-07 00:33:01.300168
125,52,5,5,Hơi ít so với hình nhưng ngon,2026-04-24 00:32:01.300168
126,46,1,4,"Ăn vừa vị, giá cả hợp lý",2026-05-08 01:15:01.300168
127,46,8,5,Đóng gói cẩn thận sạch sẽ,2026-05-17 10:52:01.300168
128,98,8,3,"Giao siêu nhanh, shipper dễ thương",2026-05-08 17:38:01.300168
129,71,10,4,Đóng gói cẩn thận sạch sẽ,2026-04-22 23:38:01.300168
130,53,1,5,Hơi ít so với hình nhưng ngon,2026-05-06 04:45:01.300168
131,78,1,4,Đóng gói cẩn thận sạch sẽ,2026-05-19 13:44:01.300168
132,5,9,3,"Giao siêu nhanh, shipper dễ thương",2026-04-29 10:00:01.300168
133,82,9,4,"Ăn vừa vị, giá cả hợp lý",2026-04-26 22:12:01.300168
134,42,10,4,Đóng gói cẩn thận sạch sẽ,2026-05-15 19:24:01.300168
135,61,9,4,Hơi ít so với hình nhưng ngon,2026-05-11 18:17:01.300168
136,37,8,4,"Giao siêu nhanh, shipper dễ thương",2026-04-21 10:52:01.300168
137,73,6,5,Đóng gói cẩn thận sạch sẽ,2026-05-03 12:36:01.300168
138,53,4,5,"Ăn vừa vị, giá cả hợp lý",2026-05-13 15:03:01.300168
139,71,6,5,"Ăn vừa vị, giá cả hợp lý",2026-05-16 17:42:01.300168
140,35,1,4,"Ăn vừa vị, giá cả hợp lý",2026-05-13 11:30:01.300168
141,52,6,3,"Ăn vừa vị, giá cả hợp lý",2026-05-13 22:02:01.300168
142,42,5,3,"Giao siêu nhanh, shipper dễ thương",2026-04-27 07:59:01.300168
143,39,4,3,"Ăn vừa vị, giá cả hợp lý",2026-04-21 14:03:01.300168
144,14,7,5,Đóng gói cẩn thận sạch sẽ,2026-04-25 10:44:01.300168
145,72,6,4,Đóng gói cẩn thận sạch sẽ,2026-05-01 08:48:01.300168
146,9,1,4,Đồ ăn nóng hổi ngon miệng,2026-04-20 11:22:01.300168
147,85,9,4,Đóng gói cẩn thận sạch sẽ,2026-05-10 11:54:01.300168
148,69,10,3,"Ăn vừa vị, giá cả hợp lý",2026-05-04 15:24:01.300168
149,50,2,3,Hơi ít so với hình nhưng ngon,2026-05-19 06:57:01.300168
150,2,1,4,"Ăn vừa vị, giá cả hợp lý",2026-05-03 14:37:01.300168
151,3,9,4,"Giao siêu nhanh, shipper dễ thương",2026-05-12 20:41:01.300168
152,28,8,5,"Ăn vừa vị, giá cả hợp lý",2026-05-04 13:05:01.300168
153,39,7,3,"Ăn vừa vị, giá cả hợp lý",2026-05-07 21:03:01.300168
154,9,4,4,Đóng gói cẩn thận sạch sẽ,2026-05-08 23:55:01.300168
155,5,1,5,"Giao siêu nhanh, shipper dễ thương",2026-05-13 22:41:01.300168
156,82,8,4,Hơi ít so với hình nhưng ngon,2026-04-22 02:49:01.300168
157,74,5,5,"Giao siêu nhanh, shipper dễ thương",2026-05-02 05:02:01.300168
158,18,10,4,Hơi ít so với hình nhưng ngon,2026-05-18 16:46:01.300168
159,92,2,4,Đóng gói cẩn thận sạch sẽ,2026-04-28 17:38:01.300168
160,48,7,5,"Giao siêu nhanh, shipper dễ thương",2026-04-21 08:24:01.300168
161,31,2,3,"Ăn vừa vị, giá cả hợp lý",2026-05-15 15:19:01.300168
162,36,7,5,Hơi ít so với hình nhưng ngon,2026-05-06 07:02:01.300168
163,77,8,5,"Ăn vừa vị, giá cả hợp lý",2026-05-17 11:36:01.300168
164,78,6,5,"Giao siêu nhanh, shipper dễ thương",2026-05-05 00:35:01.300168
165,29,9,4,Hơi ít so với hình nhưng ngon,2026-05-17 20:41:01.300168
166,19,3,4,"Ăn vừa vị, giá cả hợp lý",2026-05-11 04:14:01.300168
167,28,10,4,"Ăn vừa vị, giá cả hợp lý",2026-05-17 10:56:01.300168
168,41,7,5,"Giao siêu nhanh, shipper dễ thương",2026-04-25 11:27:01.300168
169,1,6,5,Hơi ít so với hình nhưng ngon,2026-05-06 10:04:01.300168
170,63,5,5,"Ăn vừa vị, giá cả hợp lý",2026-05-08 12:49:01.300168
171,86,6,3,Đóng gói cẩn thận sạch sẽ,2026-05-04 22:54:01.300168
172,71,7,4,Đồ ăn nóng hổi ngon miệng,2026-05-11 23:50:01.300168
173,79,8,4,"Ăn vừa vị, giá cả hợp lý",2026-04-24 00:44:01.300168
174,62,9,4,Đồ ăn nóng hổi ngon miệng,2026-05-04 06:22:01.300168
175,88,2,5,"Ăn vừa vị, giá cả hợp lý",2026-04-28 20:07:01.300168
176,100,10,4,"Giao siêu nhanh, shipper dễ thương",2026-05-13 19:49:01.300168
177,11,3,5,"Giao siêu nhanh, shipper dễ thương",2026-05-09 15:42:01.300168
178,40,8,3,Đóng gói cẩn thận sạch sẽ,2026-05-04 01:18:01.300168
179,3,9,5,"Giao siêu nhanh, shipper dễ thương",2026-04-26 07:09:01.300168
180,92,9,4,Hơi ít so với hình nhưng ngon,2026-05-05 03:47:01.300168
181,3,2,4,Đồ ăn nóng hổi ngon miệng,2026-05-02 04:12:01.300168
182,64,9,5,Đồ ăn nóng hổi ngon miệng,2026-05-13 07:47:01.300168
183,45,2,5,"Ăn vừa vị, giá cả hợp lý",2026-05-02 21:38:01.300168
184,17,10,3,"Ăn vừa vị, giá cả hợp lý",2026-04-22 09:49:01.300168
185,25,7,4,Đóng gói cẩn thận sạch sẽ,2026-05-09 03:32:01.300168
186,43,3,5,"Giao siêu nhanh, shipper dễ thương",2026-05-06 08:57:01.300168
187,93,8,4,"Giao siêu nhanh, shipper dễ thương",2026-05-12 14:42:01.300168
188,20,7,5,Đồ ăn nóng hổi ngon miệng,2026-05-11 01:56:01.300168
189,59,1,4,"Giao siêu nhanh, shipper dễ thương",2026-05-09 19:25:01.300168
190,70,7,5,Đồ ăn nóng hổi ngon miệng,2026-04-30 12:02:01.300168
191,7,4,3,"Giao siêu nhanh, shipper dễ thương",2026-04-23 01:04:01.300168
192,9,9,4,Đồ ăn nóng hổi ngon miệng,2026-05-05 02:54:01.300168
193,37,7,4,Đồ ăn nóng hổi ngon miệng,2026-05-19 00:05:01.300168
194,75,10,5,"Giao siêu nhanh, shipper dễ thương",2026-04-20 04:57:01.300168
195,69,3,3,"Ăn vừa vị, giá cả hợp lý",2026-05-09 02:48:01.300168
196,72,4,4,"Ăn vừa vị, giá cả hợp lý",2026-05-08 15:35:01.300168
197,48,7,5,"Ăn vừa vị, giá cả hợp lý",2026-05-17 10:53:01.300168
198,32,4,5,"Giao siêu nhanh, shipper dễ thương",2026-05-09 17:47:01.300168
199,60,3,3,Đồ ăn nóng hổi ngon miệng,2026-05-09 04:48:01.300168
200,23,3,5,Đóng gói cẩn thận sạch sẽ,2026-04-22 02:33:01.300168
201,7,7,5,Đóng gói cẩn thận sạch sẽ,2026-05-01 19:43:01.300168
202,42,1,4,"Ăn vừa vị, giá cả hợp lý",2026-05-08 12:08:01.300168
203,79,1,4,Đóng gói cẩn thận sạch sẽ,2026-05-06 06:08:01.300168
204,11,9,3,Đóng gói cẩn thận sạch sẽ,2026-05-19 17:40:01.300168
205,18,6,5,Đồ ăn nóng hổi ngon miệng,2026-05-10 14:54:01.300168
206,61,2,4,"Ăn vừa vị, giá cả hợp lý",2026-04-20 20:31:01.300168
207,16,1,4,"Giao siêu nhanh, shipper dễ thương",2026-05-16 23:57:01.300168
208,49,1,4,Hơi ít so với hình nhưng ngon,2026-05-15 02:01:01.300168
209,38,1,4,"Ăn vừa vị, giá cả hợp lý",2026-04-20 13:59:01.300168
210,67,3,4,"Ăn vừa vị, giá cả hợp lý",2026-05-11 08:17:01.300168
211,43,5,5,"Ăn vừa vị, giá cả hợp lý",2026-05-09 12:49:01.300168
212,94,8,4,"Ăn vừa vị, giá cả hợp lý",2026-05-14 05:11:01.300168
213,29,2,4,"Giao siêu nhanh, shipper dễ thương",2026-05-07 00:07:01.300168
214,3,8,4,Hơi ít so với hình nhưng ngon,2026-05-18 18:07:01.300168
215,72,4,4,"Ăn vừa vị, giá cả hợp lý",2026-04-20 04:44:01.300168
216,71,9,4,"Ăn vừa vị, giá cả hợp lý",2026-05-12 08:29:01.300168
217,23,5,5,"Ăn vừa vị, giá cả hợp lý",2026-05-03 09:39:01.300168
218,14,5,4,Đồ ăn nóng hổi ngon miệng,2026-05-01 02:32:01.300168
219,55,10,5,Đồ ăn nóng hổi ngon miệng,2026-05-08 12:55:01.300168
220,98,6,4,Hơi ít so với hình nhưng ngon,2026-04-29 13:08:01.300168
221,38,9,4,"Giao siêu nhanh, shipper dễ thương",2026-04-21 10:34:01.300168
222,40,9,4,"Ăn vừa vị, giá cả hợp lý",2026-05-13 10:27:01.300168
223,64,8,5,Đồ ăn nóng hổi ngon miệng,2026-05-19 19:09:01.300168
224,13,4,5,Đóng gói cẩn thận sạch sẽ,2026-04-30 02:02:01.300168
225,82,3,4,Đóng gói cẩn thận sạch sẽ,2026-04-26 13:15:01.300168
226,19,7,4,"Giao siêu nhanh, shipper dễ thương",2026-04-25 13:10:01.300168
227,28,1,5,Hơi ít so với hình nhưng ngon,2026-04-23 18:31:01.300168
228,13,6,3,Đồ ăn nóng hổi ngon miệng,2026-04-28 09:34:01.300168
229,61,6,4,"Giao siêu nhanh, shipper dễ thương",2026-04-26 01:14:01.300168
230,41,3,4,Hơi ít so với hình nhưng ngon,2026-05-03 16:00:01.300168
231,85,2,4,Đồ ăn nóng hổi ngon miệng,2026-05-09 02:14:01.300168
232,11,8,4,Hơi ít so với hình nhưng ngon,2026-05-14 03:41:01.300168
233,73,5,5,Đồ ăn nóng hổi ngon miệng,2026-05-14 05:55:01.300168
234,49,1,4,Hơi ít so với hình nhưng ngon,2026-04-21 17:17:01.300168
235,89,4,5,Hơi ít so với hình nhưng ngon,2026-05-04 04:19:01.300168
236,60,7,5,Đồ ăn nóng hổi ngon miệng,2026-04-25 16:33:01.300168
237,61,4,3,Đóng gói cẩn thận sạch sẽ,2026-05-01 03:39:01.300168
238,10,9,5,Đóng gói cẩn thận sạch sẽ,2026-05-13 05:27:01.300168
239,41,10,3,"Giao siêu nhanh, shipper dễ thương",2026-05-03 06:06:01.300168
240,73,8,4,Đồ ăn nóng hổi ngon miệng,2026-05-01 23:56:01.300168
241,93,4,3,"Giao siêu nhanh, shipper dễ thương",2026-05-19 09:40:01.300168
242,74,1,4,"Giao siêu nhanh, shipper dễ thương",2026-05-13 06:03:01.300168
243,22,2,5,"Ăn vừa vị, giá cả hợp lý",2026-05-09 12:02:01.300168
244,26,4,4,Hơi ít so với hình nhưng ngon,2026-04-27 05:46:01.300168
245,70,8,4,"Giao siêu nhanh, shipper dễ thương",2026-05-04 16:04:01.300168
246,27,10,3,"Ăn vừa vị, giá cả hợp lý",2026-05-17 20:06:01.300168
247,7,5,4,Đồ ăn nóng hổi ngon miệng,2026-04-22 05:34:01.300168
248,2,5,3,Hơi ít so với hình nhưng ngon,2026-04-30 18:34:01.300168
249,77,7,3,Đồ ăn nóng hổi ngon miệng,2026-05-15 01:28:01.300168
250,59,2,4,"Giao siêu nhanh, shipper dễ thương",2026-04-20 20:25:01.300168
251,2,6,4,Đồ ăn nóng hổi ngon miệng,2026-05-06 19:40:01.300168
252,97,6,5,Đóng gói cẩn thận sạch sẽ,2026-04-27 17:33:01.300168
253,33,7,5,Đóng gói cẩn thận sạch sẽ,2026-04-21 22:31:01.300168
254,14,8,3,Hơi ít so với hình nhưng ngon,2026-05-13 00:00:01.300168
255,9,2,3,Đóng gói cẩn thận sạch sẽ,2026-05-12 05:20:01.300168
256,5,3,5,Hơi ít so với hình nhưng ngon,2026-04-26 05:38:01.300168
257,32,10,4,Đóng gói cẩn thận sạch sẽ,2026-04-26 11:38:01.300168
258,94,9,5,Hơi ít so với hình nhưng ngon,2026-05-05 12:11:01.300168
259,38,2,5,"Giao siêu nhanh, shipper dễ thương",2026-05-10 15:10:01.300168
260,5,5,5,Đồ ăn nóng hổi ngon miệng,2026-05-07 00:06:01.300168
261,49,10,4,Hơi ít so với hình nhưng ngon,2026-05-19 04:39:01.300168
262,9,10,4,Hơi ít so với hình nhưng ngon,2026-04-28 04:13:01.300168
263,64,1,4,"Ăn vừa vị, giá cả hợp lý",2026-04-29 13:35:01.300168
264,41,3,4,Hơi ít so với hình nhưng ngon,2026-05-13 11:19:01.300168
265,14,1,5,"Giao siêu nhanh, shipper dễ thương",2026-05-12 22:22:01.300168
266,68,5,3,Hơi ít so với hình nhưng ngon,2026-05-05 16:44:01.300168
267,8,4,3,"Ăn vừa vị, giá cả hợp lý",2026-05-07 00:20:01.300168
268,18,8,4,Hơi ít so với hình nhưng ngon,2026-04-27 06:37:01.300168
269,52,3,5,"Giao siêu nhanh, shipper dễ thương",2026-04-27 13:41:01.300168
270,39,10,5,"Giao siêu nhanh, shipper dễ thương",2026-05-01 19:56:01.300168
271,25,8,3,"Ăn vừa vị, giá cả hợp lý",2026-04-20 11:00:01.300168
272,35,4,4,"Ăn vừa vị, giá cả hợp lý",2026-05-07 14:15:01.300168
273,76,4,5,"Ăn vừa vị, giá cả hợp lý",2026-05-03 01:05:01.300168
274,54,2,4,Hơi ít so với hình nhưng ngon,2026-05-11 18:41:01.300168
275,65,6,5,Đóng gói cẩn thận sạch sẽ,2026-04-28 10:49:01.300168
276,43,3,4,"Giao siêu nhanh, shipper dễ thương",2026-05-14 19:49:01.300168
277,22,10,3,"Giao siêu nhanh, shipper dễ thương",2026-05-09 01:28:01.300168
278,81,1,4,"Giao siêu nhanh, shipper dễ thương",2026-05-07 03:10:01.300168
279,35,4,5,"Ăn vừa vị, giá cả hợp lý",2026-05-04 16:35:01.300168
280,65,3,4,Hơi ít so với hình nhưng ngon,2026-04-23 22:22:01.300168
281,65,7,4,Hơi ít so với hình nhưng ngon,2026-04-30 15:41:01.300168
282,51,2,5,Hơi ít so với hình nhưng ngon,2026-04-25 01:06:01.300168
283,94,9,4,Đồ ăn nóng hổi ngon miệng,2026-04-21 02:08:01.300168
284,30,5,5,Đồ ăn nóng hổi ngon miệng,2026-04-22 08:00:01.300168
285,45,7,5,"Giao siêu nhanh, shipper dễ thương",2026-05-17 02:18:01.300168
286,53,3,4,"Ăn vừa vị, giá cả hợp lý",2026-05-13 05:34:01.300168
287,42,8,3,"Giao siêu nhanh, shipper dễ thương",2026-05-03 13:37:01.300168
288,16,10,3,Đóng gói cẩn thận sạch sẽ,2026-04-20 19:04:01.300168
289,3,2,4,Đồ ăn nóng hổi ngon miệng,2026-05-10 19:29:01.300168
290,100,2,4,"Ăn vừa vị, giá cả hợp lý",2026-05-14 16:04:01.300168
291,44,7,3,"Giao siêu nhanh, shipper dễ thương",2026-04-22 22:54:01.300168
292,51,7,5,"Giao siêu nhanh, shipper dễ thương",2026-04-29 14:07:01.300168
293,99,6,4,Hơi ít so với hình nhưng ngon,2026-04-22 10:02:01.300168
294,97,7,4,Đồ ăn nóng hổi ngon miệng,2026-05-08 00:16:01.300168
295,100,4,4,"Ăn vừa vị, giá cả hợp lý",2026-05-18 13:48:01.300168
296,32,7,4,Đồ ăn nóng hổi ngon miệng,2026-05-18 13:41:01.300168
297,32,5,4,Hơi ít so với hình nhưng ngon,2026-05-17 12:56:01.300168
298,24,2,5,Đóng gói cẩn thận sạch sẽ,2026-04-21 04:34:01.300168
299,54,6,4,Đồ ăn nóng hổi ngon miệng,2026-05-12 17:30:01.300168
300,15,6,5,"Giao siêu nhanh, shipper dễ thương",2026-04-29 14:37:01.300168
301,89,10,3,Đóng gói cẩn thận sạch sẽ,2026-04-28 10:31:01.300168
302,80,6,3,Đồ ăn nóng hổi ngon miệng,2026-05-05 19:18:01.300168
303,25,3,4,Hơi ít so với hình nhưng ngon,2026-04-25 16:34:01.300168
304,20,2,4,Hơi ít so với hình nhưng ngon,2026-05-17 06:42:01.300168
305,33,3,5,Đồ ăn nóng hổi ngon miệng,2026-05-02 04:04:01.300168
306,75,7,4,"Giao siêu nhanh, shipper dễ thương",2026-05-18 09:54:01.300168
307,79,8,5,Đóng gói cẩn thận sạch sẽ,2026-05-15 20:01:01.300168
308,33,4,3,Đóng gói cẩn thận sạch sẽ,2026-04-25 15:09:01.300168
309,53,8,4,Đồ ăn nóng hổi ngon miệng,2026-05-14 02:37:01.300168
310,57,2,4,Đồ ăn nóng hổi ngon miệng,2026-04-27 13:05:01.300168
311,63,7,4,Đóng gói cẩn thận sạch sẽ,2026-05-14 05:33:01.300168
312,90,10,4,"Giao siêu nhanh, shipper dễ thương",2026-05-14 02:52:01.300168
313,74,6,3,Đồ ăn nóng hổi ngon miệng,2026-05-06 02:03:01.300168
314,69,1,3,Hơi ít so với hình nhưng ngon,2026-04-28 07:08:01.300168
315,7,10,4,Đóng gói cẩn thận sạch sẽ,2026-05-14 11:11:01.300168
316,85,5,3,Đóng gói cẩn thận sạch sẽ,2026-05-16 01:15:01.300168
317,28,4,4,"Ăn vừa vị, giá cả hợp lý",2026-04-30 15:22:01.300168
318,21,4,5,"Giao siêu nhanh, shipper dễ thương",2026-05-15 08:19:01.300168
319,90,10,4,Đồ ăn nóng hổi ngon miệng,2026-04-20 04:24:01.300168
320,80,6,5,Đồ ăn nóng hổi ngon miệng,2026-04-24 14:12:01.300168
321,28,3,4,"Ăn vừa vị, giá cả hợp lý",2026-05-09 06:01:01.300168
322,18,8,3,"Ăn vừa vị, giá cả hợp lý",2026-05-05 07:01:01.300168
323,23,5,3,Đồ ăn nóng hổi ngon miệng,2026-04-21 22:30:01.300168
324,94,4,4,"Ăn vừa vị, giá cả hợp lý",2026-05-06 10:37:01.300168
325,67,6,4,Hơi ít so với hình nhưng ngon,2026-04-21 10:48:01.300168
326,30,3,4,"Ăn vừa vị, giá cả hợp lý",2026-05-06 17:46:01.300168
327,22,1,3,Đồ ăn nóng hổi ngon miệng,2026-05-05 01:37:01.300168
328,81,1,5,Hơi ít so với hình nhưng ngon,2026-05-14 13:51:01.300168
329,26,5,4,Hơi ít so với hình nhưng ngon,2026-05-12 07:56:01.300168
330,82,1,5,Đồ ăn nóng hổi ngon miệng,2026-05-09 18:28:01.300168
331,10,2,5,Đồ ăn nóng hổi ngon miệng,2026-04-23 12:12:01.300168
332,3,10,4,Hơi ít so với hình nhưng ngon,2026-05-07 21:13:01.300168
333,62,8,4,"Ăn vừa vị, giá cả hợp lý",2026-04-26 20:31:01.300168
334,27,7,4,Đồ ăn nóng hổi ngon miệng,2026-05-14 16:48:01.300168
335,56,5,4,Hơi ít so với hình nhưng ngon,2026-04-26 19:36:01.300168
336,7,7,5,Đồ ăn nóng hổi ngon miệng,2026-04-23 11:54:01.300168
337,72,1,4,Đồ ăn nóng hổi ngon miệng,2026-05-15 01:42:01.300168
338,31,8,5,"Ăn vừa vị, giá cả hợp lý",2026-05-06 13:41:01.300168
339,17,6,4,Hơi ít so với hình nhưng ngon,2026-04-26 16:49:01.300168
340,51,8,5,"Ăn vừa vị, giá cả hợp lý",2026-04-25 07:25:01.300168
341,21,4,4,"Ăn vừa vị, giá cả hợp lý",2026-05-10 15:56:01.300168
342,100,10,5,"Giao siêu nhanh, shipper dễ thương",2026-04-26 06:57:01.300168
343,19,10,4,Đóng gói cẩn thận sạch sẽ,2026-05-09 01:01:01.300168
344,58,4,5,"Giao siêu nhanh, shipper dễ thương",2026-04-20 22:08:01.300168
345,32,4,4,Hơi ít so với hình nhưng ngon,2026-05-01 16:56:01.300168
346,25,1,4,Đóng gói cẩn thận sạch sẽ,2026-05-07 13:08:01.300168
347,1,7,4,"Ăn vừa vị, giá cả hợp lý",2026-05-11 11:22:01.300168
348,15,7,5,"Giao siêu nhanh, shipper dễ thương",2026-05-07 22:14:01.300168
349,54,3,5,"Giao siêu nhanh, shipper dễ thương",2026-04-24 01:04:01.300168
350,22,8,4,"Ăn vừa vị, giá cả hợp lý",2026-04-28 20:53:01.300168
351,96,4,5,Đồ ăn nóng hổi ngon miệng,2026-05-07 20:42:01.300168
352,52,6,5,"Giao siêu nhanh, shipper dễ thương",2026-05-11 07:52:01.300168
353,44,7,4,Hơi ít so với hình nhưng ngon,2026-05-02 08:14:01.300168
354,67,6,4,Đóng gói cẩn thận sạch sẽ,2026-05-07 05:32:01.300168
355,75,2,5,Đóng gói cẩn thận sạch sẽ,2026-05-13 04:53:01.300168
356,100,10,3,Hơi ít so với hình nhưng ngon,2026-05-03 17:34:01.300168
357,16,6,5,Hơi ít so với hình nhưng ngon,2026-05-19 18:22:01.300168
358,12,6,3,Đóng gói cẩn thận sạch sẽ,2026-05-14 14:34:01.300168
359,60,9,5,Đồ ăn nóng hổi ngon miệng,2026-04-21 22:27:01.300168
360,56,4,4,Đóng gói cẩn thận sạch sẽ,2026-04-29 07:30:01.300168
361,20,4,4,"Giao siêu nhanh, shipper dễ thương",2026-05-10 09:23:01.300168
362,14,1,3,"Ăn vừa vị, giá cả hợp lý",2026-05-12 10:38:01.300168
363,82,3,4,"Ăn vừa vị, giá cả hợp lý",2026-04-28 11:49:01.300168
364,49,4,4,Đồ ăn nóng hổi ngon miệng,2026-05-08 17:04:01.300168
365,71,9,4,Đồ ăn nóng hổi ngon miệng,2026-05-19 11:36:01.300168
366,3,10,4,"Ăn vừa vị, giá cả hợp lý",2026-05-17 03:21:01.300168
367,27,3,4,"Ăn vừa vị, giá cả hợp lý",2026-04-26 01:13:01.300168
368,39,4,4,Hơi ít so với hình nhưng ngon,2026-04-22 18:24:01.300168
369,3,8,4,"Giao siêu nhanh, shipper dễ thương",2026-04-26 17:32:01.300168
370,8,2,4,Đồ ăn nóng hổi ngon miệng,2026-05-07 13:04:01.300168
371,99,5,5,"Giao siêu nhanh, shipper dễ thương",2026-05-06 05:46:01.300168
372,67,2,5,Hơi ít so với hình nhưng ngon,2026-05-10 12:17:01.300168
373,3,10,5,"Giao siêu nhanh, shipper dễ thương",2026-05-01 21:39:01.300168
374,98,6,3,"Giao siêu nhanh, shipper dễ thương",2026-05-04 16:10:01.300168
375,36,6,5,"Ăn vừa vị, giá cả hợp lý",2026-05-17 22:37:01.300168
376,20,9,3,"Ăn vừa vị, giá cả hợp lý",2026-04-24 12:15:01.300168
377,27,8,4,Đóng gói cẩn thận sạch sẽ,2026-05-12 23:25:01.300168
378,24,4,5,"Giao siêu nhanh, shipper dễ thương",2026-05-18 02:17:01.300168
379,23,2,5,"Giao siêu nhanh, shipper dễ thương",2026-05-13 18:29:01.300168
380,69,10,4,Đồ ăn nóng hổi ngon miệng,2026-04-26 10:52:01.300168
381,69,4,3,Đồ ăn nóng hổi ngon miệng,2026-05-17 14:23:01.300168
382,48,8,4,"Ăn vừa vị, giá cả hợp lý",2026-05-04 17:28:01.300168
383,88,1,4,"Giao siêu nhanh, shipper dễ thương",2026-05-13 08:38:01.300168
384,22,8,4,Đóng gói cẩn thận sạch sẽ,2026-05-06 22:25:01.300168
385,12,5,5,Đóng gói cẩn thận sạch sẽ,2026-05-14 20:56:01.300168
386,34,6,4,Đồ ăn nóng hổi ngon miệng,2026-04-30 10:28:01.300168
387,63,8,5,Đóng gói cẩn thận sạch sẽ,2026-05-06 10:36:01.300168
388,97,6,4,Hơi ít so với hình nhưng ngon,2026-05-16 06:55:01.300168
389,40,5,4,Đồ ăn nóng hổi ngon miệng,2026-05-17 06:54:01.300168
390,67,9,4,Hơi ít so với hình nhưng ngon,2026-05-01 05:13:01.300168
391,81,6,4,Hơi ít so với hình nhưng ngon,2026-05-11 14:32:01.300168
392,39,9,4,"Ăn vừa vị, giá cả hợp lý",2026-04-25 00:39:01.300168
393,38,2,3,Hơi ít so với hình nhưng ngon,2026-05-05 14:24:01.300168
394,14,10,4,Hơi ít so với hình nhưng ngon,2026-05-12 11:54:01.300168
395,1,1,5,Đồ ăn nóng hổi ngon miệng,2026-05-09 20:22:01.300168
396,19,4,5,Hơi ít so với hình nhưng ngon,2026-04-28 04:28:01.300168
397,89,2,4,Hơi ít so với hình nhưng ngon,2026-04-29 11:44:01.300168
398,37,1,5,Hơi ít so với hình nhưng ngon,2026-05-04 11:00:01.300168
399,42,9,5,Đồ ăn nóng hổi ngon miệng,2026-04-25 11:23:01.300168
400,68,6,4,"Giao siêu nhanh, shipper dễ thương",2026-05-06 06:18:01.300168
401,89,7,4,Hơi ít so với hình nhưng ngon,2026-04-28 09:40:01.300168
402,65,7,3,"Giao siêu nhanh, shipper dễ thương",2026-05-16 14:56:01.300168
403,5,4,4,Đóng gói cẩn thận sạch sẽ,2026-05-09 07:19:01.300168
404,71,1,5,Đóng gói cẩn thận sạch sẽ,2026-05-03 01:44:01.300168
405,89,9,3,"Ăn vừa vị, giá cả hợp lý",2026-05-09 18:34:01.300168
406,17,6,4,Đóng gói cẩn thận sạch sẽ,2026-05-07 02:43:01.300168
407,47,7,5,Đóng gói cẩn thận sạch sẽ,2026-05-12 19:15:01.300168
408,100,2,4,Hơi ít so với hình nhưng ngon,2026-04-24 19:24:01.300168
409,46,6,4,Đóng gói cẩn thận sạch sẽ,2026-04-29 14:02:01.300168
410,46,9,5,Hơi ít so với hình nhưng ngon,2026-05-13 07:24:01.300168
411,42,6,4,Hơi ít so với hình nhưng ngon,2026-04-25 22:14:01.300168
412,3,10,3,"Giao siêu nhanh, shipper dễ thương",2026-05-17 22:20:01.300168
413,28,2,4,Đóng gói cẩn thận sạch sẽ,2026-05-14 15:21:01.300168
414,45,8,3,Hơi ít so với hình nhưng ngon,2026-05-16 15:18:01.300168
415,56,4,5,"Ăn vừa vị, giá cả hợp lý",2026-04-28 09:12:01.300168
416,85,5,5,"Giao siêu nhanh, shipper dễ thương",2026-05-15 23:54:01.300168
417,86,10,4,Hơi ít so với hình nhưng ngon,2026-05-19 16:53:01.300168
418,99,7,4,Đồ ăn nóng hổi ngon miệng,2026-05-07 03:56:01.300168
419,88,7,3,"Giao siêu nhanh, shipper dễ thương",2026-05-02 20:49:01.300168
420,68,7,5,Đồ ăn nóng hổi ngon miệng,2026-04-23 09:31:01.300168
421,26,7,3,"Ăn vừa vị, giá cả hợp lý",2026-05-05 01:54:01.300168
422,57,4,5,Đóng gói cẩn thận sạch sẽ,2026-05-04 20:48:01.300168
423,42,7,5,Đồ ăn nóng hổi ngon miệng,2026-05-13 02:33:01.300168
424,99,6,4,Hơi ít so với hình nhưng ngon,2026-04-27 07:44:01.300168
425,18,2,4,Đồ ăn nóng hổi ngon miệng,2026-04-20 15:56:01.300168
426,16,10,5,Đồ ăn nóng hổi ngon miệng,2026-05-14 04:46:01.300168
427,33,10,4,Đồ ăn nóng hổi ngon miệng,2026-05-13 02:19:01.300168
428,68,9,4,"Giao siêu nhanh, shipper dễ thương",2026-04-27 13:28:01.300168
429,37,1,4,"Giao siêu nhanh, shipper dễ thương",2026-04-29 07:12:01.300168
430,97,9,4,Đóng gói cẩn thận sạch sẽ,2026-04-25 02:17:01.300168
431,19,4,3,"Ăn vừa vị, giá cả hợp lý",2026-05-07 04:28:01.300168
432,44,5,5,Hơi ít so với hình nhưng ngon,2026-04-23 22:47:01.300168
433,44,10,5,Đồ ăn nóng hổi ngon miệng,2026-04-25 13:37:01.300168
434,36,5,4,Đóng gói cẩn thận sạch sẽ,2026-05-09 19:05:01.300168
435,46,9,4,"Ăn vừa vị, giá cả hợp lý",2026-04-20 06:16:01.300168
436,61,6,5,Đồ ăn nóng hổi ngon miệng,2026-04-30 09:37:01.300168
437,14,9,4,Đồ ăn nóng hổi ngon miệng,2026-05-18 22:39:01.300168
438,68,7,5,Hơi ít so với hình nhưng ngon,2026-05-13 12:23:01.300168
439,23,9,4,Đóng gói cẩn thận sạch sẽ,2026-05-07 19:00:01.300168
440,20,7,5,Đóng gói cẩn thận sạch sẽ,2026-05-15 01:16:01.300168
441,93,2,4,"Giao siêu nhanh, shipper dễ thương",2026-04-26 15:47:01.300168
442,31,4,5,Đóng gói cẩn thận sạch sẽ,2026-05-12 22:17:01.300168
443,66,1,5,Hơi ít so với hình nhưng ngon,2026-05-14 02:32:01.300168
444,66,7,4,Đồ ăn nóng hổi ngon miệng,2026-05-18 19:40:01.300168
445,42,5,3,"Ăn vừa vị, giá cả hợp lý",2026-05-06 10:52:01.300168
446,10,6,4,Hơi ít so với hình nhưng ngon,2026-04-23 15:35:01.300168
447,100,6,3,Đóng gói cẩn thận sạch sẽ,2026-05-13 15:41:01.300168
448,58,2,4,Đóng gói cẩn thận sạch sẽ,2026-05-01 04:20:01.300168
449,39,9,4,Hơi ít so với hình nhưng ngon,2026-04-29 11:40:01.300168
450,97,1,4,"Giao siêu nhanh, shipper dễ thương",2026-04-22 15:18:01.300168
451,8,2,3,"Giao siêu nhanh, shipper dễ thương",2026-05-12 23:47:01.300168
452,95,10,5,Đồ ăn nóng hổi ngon miệng,2026-04-28 15:59:01.300168
453,50,1,3,Đồ ăn nóng hổi ngon miệng,2026-05-18 12:08:01.300168
454,88,1,5,Đồ ăn nóng hổi ngon miệng,2026-04-28 13:42:01.300168
455,90,6,5,"Giao siêu nhanh, shipper dễ thương",2026-04-26 21:56:01.300168
456,56,10,4,"Giao siêu nhanh, shipper dễ thương",2026-05-15 04:41:01.300168
457,6,6,4,Đồ ăn nóng hổi ngon miệng,2026-04-23 12:24:01.300168
458,19,7,5,Đồ ăn nóng hổi ngon miệng,2026-04-23 12:31:01.300168
459,71,4,4,Hơi ít so với hình nhưng ngon,2026-04-22 06:56:01.300168
460,69,10,5,Hơi ít so với hình nhưng ngon,2026-05-13 18:03:01.300168
461,76,2,4,"Giao siêu nhanh, shipper dễ thương",2026-04-21 05:44:01.300168
462,57,7,4,"Ăn vừa vị, giá cả hợp lý",2026-05-11 04:42:01.300168
463,77,1,4,Đóng gói cẩn thận sạch sẽ,2026-04-28 14:18:01.300168
464,37,4,4,Đồ ăn nóng hổi ngon miệng,2026-04-25 00:52:01.300168
465,9,10,5,Đóng gói cẩn thận sạch sẽ,2026-05-12 14:18:01.300168
466,15,1,4,"Ăn vừa vị, giá cả hợp lý",2026-04-21 12:41:01.300168
467,36,6,5,Đóng gói cẩn thận sạch sẽ,2026-05-16 16:18:01.300168
468,83,9,4,"Giao siêu nhanh, shipper dễ thương",2026-05-05 23:47:01.300168
469,26,8,5,Đóng gói cẩn thận sạch sẽ,2026-05-03 04:07:01.300168
470,59,6,3,Đồ ăn nóng hổi ngon miệng,2026-04-19 22:50:01.300168
471,61,6,3,"Giao siêu nhanh, shipper dễ thương",2026-04-21 04:29:01.300168
472,74,3,4,Đóng gói cẩn thận sạch sẽ,2026-05-18 15:57:01.300168
473,87,10,4,Đồ ăn nóng hổi ngon miệng,2026-05-02 12:15:01.300168
474,90,6,3,Hơi ít so với hình nhưng ngon,2026-04-20 16:43:01.300168
475,90,10,5,"Ăn vừa vị, giá cả hợp lý",2026-05-10 22:50:01.300168
476,80,6,5,Hơi ít so với hình nhưng ngon,2026-04-26 03:53:01.300168
477,73,8,5,Hơi ít so với hình nhưng ngon,2026-05-08 12:59:01.300168
478,8,3,5,Hơi ít so với hình nhưng ngon,2026-04-23 01:24:01.300168
479,8,10,4,"Giao siêu nhanh, shipper dễ thương",2026-05-03 09:58:01.300168
480,83,4,4,"Ăn vừa vị, giá cả hợp lý",2026-05-03 20:44:01.300168
481,21,8,5,"Giao siêu nhanh, shipper dễ thương",2026-05-01 05:45:01.300168
482,46,3,4,Đóng gói cẩn thận sạch sẽ,2026-04-22 20:51:01.300168
483,37,3,4,Hơi ít so với hình nhưng ngon,2026-04-29 19:14:01.300168
484,31,5,4,"Ăn vừa vị, giá cả hợp lý",2026-05-14 02:44:01.300168
485,69,3,5,Hơi ít so với hình nhưng ngon,2026-04-20 10:58:01.300168
486,19,6,5,Hơi ít so với hình nhưng ngon,2026-05-18 04:01:01.300168
487,5,7,4,Hơi ít so với hình nhưng ngon,2026-05-04 16:09:01.300168
488,99,7,5,Hơi ít so với hình nhưng ngon,2026-05-14 17:23:01.300168
489,84,3,4,Đóng gói cẩn thận sạch sẽ,2026-04-23 00:47:01.300168
490,14,3,4,Đóng gói cẩn thận sạch sẽ,2026-04-25 16:53:01.300168
491,67,6,5,Đồ ăn nóng hổi ngon miệng,2026-05-16 16:36:01.300168
492,51,8,4,"Giao siêu nhanh, shipper dễ thương",2026-04-27 20:04:01.300168
493,48,10,4,Đóng gói cẩn thận sạch sẽ,2026-05-15 15:47:01.300168
494,14,8,3,"Ăn vừa vị, giá cả hợp lý",2026-04-26 00:42:01.300168
495,99,5,4,Hơi ít so với hình nhưng ngon,2026-05-04 23:49:01.300168
496,17,9,5,Hơi ít so với hình nhưng ngon,2026-05-12 17:10:01.300168
497,39,10,5,Đóng gói cẩn thận sạch sẽ,2026-05-13 09:47:01.300168
498,87,2,4,"Giao siêu nhanh, shipper dễ thương",2026-05-17 16:05:01.300168
499,32,1,5,Đóng gói cẩn thận sạch sẽ,2026-05-03 01:17:01.300168
500,30,1,4,Đồ ăn nóng hổi ngon miệng,2026-04-19 23:48:01.300168
501,60,7,5,Hơi ít so với hình nhưng ngon,2026-04-22 15:59:01.300168
502,26,4,3,"Ăn vừa vị, giá cả hợp lý",2026-05-08 08:38:01.300168
503,46,3,5,Hơi ít so với hình nhưng ngon,2026-05-01 05:44:01.300168
504,40,3,4,Hơi ít so với hình nhưng ngon,2026-04-29 23:35:01.300168
505,45,4,4,Đóng gói cẩn thận sạch sẽ,2026-05-06 21:26:01.300168
506,21,3,4,"Giao siêu nhanh, shipper dễ thương",2026-05-16 16:02:01.300168
507,86,5,4,"Ăn vừa vị, giá cả hợp lý",2026-05-02 16:09:01.300168
508,18,1,4,Đồ ăn nóng hổi ngon miệng,2026-05-17 03:02:01.300168
509,96,1,4,Đồ ăn nóng hổi ngon miệng,2026-05-16 23:15:01.300168
510,37,7,5,"Giao siêu nhanh, shipper dễ thương",2026-05-19 00:25:01.300168
511,93,2,4,Đồ ăn nóng hổi ngon miệng,2026-05-11 14:20:01.300168
512,13,9,3,Đồ ăn nóng hổi ngon miệng,2026-04-29 04:42:01.300168
513,43,7,3,Hơi ít so với hình nhưng ngon,2026-05-06 17:50:01.300168
514,57,7,3,Đóng gói cẩn thận sạch sẽ,2026-04-30 21:42:01.300168
515,3,1,4,Hơi ít so với hình nhưng ngon,2026-05-17 02:39:01.300168
516,76,8,4,"Ăn vừa vị, giá cả hợp lý",2026-04-22 02:03:01.300168
517,51,5,4,Đồ ăn nóng hổi ngon miệng,2026-05-12 02:08:01.300168
518,99,8,4,Hơi ít so với hình nhưng ngon,2026-05-19 02:40:01.300168
519,36,7,4,Đóng gói cẩn thận sạch sẽ,2026-05-14 13:21:01.300168
520,90,4,4,Đồ ăn nóng hổi ngon miệng,2026-05-09 16:16:01.300168
521,73,1,4,Hơi ít so với hình nhưng ngon,2026-05-19 04:49:01.300168
522,2,5,3,Đồ ăn nóng hổi ngon miệng,2026-04-28 10:47:01.300168
523,49,6,3,Đồ ăn nóng hổi ngon miệng,2026-05-12 13:54:01.300168
524,44,4,5,Đồ ăn nóng hổi ngon miệng,2026-04-22 08:02:01.300168
525,3,4,4,Hơi ít so với hình nhưng ngon,2026-05-10 19:06:01.300168
526,84,6,3,Đóng gói cẩn thận sạch sẽ,2026-05-06 06:24:01.300168
527,61,2,4,Đồ ăn nóng hổi ngon miệng,2026-05-15 18:53:01.300168
528,71,2,5,"Ăn vừa vị, giá cả hợp lý",2026-04-30 07:18:01.300168
529,83,3,4,Hơi ít so với hình nhưng ngon,2026-05-13 02:55:01.300168
530,57,8,4,Đồ ăn nóng hổi ngon miệng,2026-05-12 20:28:01.300168
531,13,5,5,Đồ ăn nóng hổi ngon miệng,2026-05-17 13:03:01.300168
532,82,8,5,"Ăn vừa vị, giá cả hợp lý",2026-05-14 08:30:01.300168
533,40,9,4,Đóng gói cẩn thận sạch sẽ,2026-05-17 18:06:01.300168
534,22,1,4,"Giao siêu nhanh, shipper dễ thương",2026-05-19 16:38:01.300168
535,11,8,5,Đóng gói cẩn thận sạch sẽ,2026-05-14 14:00:01.300168
536,71,2,5,"Giao siêu nhanh, shipper dễ thương",2026-04-28 08:50:01.300168
537,66,8,5,Đóng gói cẩn thận sạch sẽ,2026-04-30 14:40:01.300168
538,32,10,5,Đóng gói cẩn thận sạch sẽ,2026-04-19 19:50:01.300168
539,62,10,5,Hơi ít so với hình nhưng ngon,2026-05-01 16:00:01.300168
540,52,2,5,Đồ ăn nóng hổi ngon miệng,2026-04-20 17:22:01.300168
541,81,9,4,Hơi ít so với hình nhưng ngon,2026-05-04 23:41:01.300168
542,54,2,4,"Giao siêu nhanh, shipper dễ thương",2026-04-25 15:30:01.300168
543,20,2,4,"Ăn vừa vị, giá cả hợp lý",2026-04-20 13:17:01.300168
544,46,7,3,Hơi ít so với hình nhưng ngon,2026-04-26 18:43:01.300168
545,69,8,5,"Ăn vừa vị, giá cả hợp lý",2026-05-11 12:54:01.300168
546,12,8,5,"Ăn vừa vị, giá cả hợp lý",2026-05-03 22:29:01.300168
547,30,8,5,Hơi ít so với hình nhưng ngon,2026-04-20 11:10:01.300168
548,95,3,5,"Giao siêu nhanh, shipper dễ thương",2026-05-16 00:43:01.300168
549,49,1,5,"Ăn vừa vị, giá cả hợp lý",2026-04-20 15:14:01.300168
550,42,2,5,Đóng gói cẩn thận sạch sẽ,2026-04-28 03:40:01.300168
551,17,1,3,Đồ ăn nóng hổi ngon miệng,2026-04-24 13:56:01.300168
552,4,5,4,"Giao siêu nhanh, shipper dễ thương",2026-04-22 02:28:01.300168
553,14,4,4,Đồ ăn nóng hổi ngon miệng,2026-05-01 11:42:01.300168
554,61,10,4,Hơi ít so với hình nhưng ngon,2026-04-27 01:16:01.300168
555,70,6,4,Đồ ăn nóng hổi ngon miệng,2026-05-06 23:36:01.300168
556,39,6,4,"Ăn vừa vị, giá cả hợp lý",2026-05-14 18:11:01.300168
557,14,6,3,"Ăn vừa vị, giá cả hợp lý",2026-05-18 06:59:01.300168
558,35,2,5,Đồ ăn nóng hổi ngon miệng,2026-04-26 02:18:01.300168
559,35,3,4,Hơi ít so với hình nhưng ngon,2026-05-08 03:09:01.300168
560,69,7,5,"Ăn vừa vị, giá cả hợp lý",2026-05-08 01:34:01.300168
561,27,7,4,"Ăn vừa vị, giá cả hợp lý",2026-04-30 09:56:01.300168
562,78,3,5,Hơi ít so với hình nhưng ngon,2026-05-07 20:57:01.300168
563,23,10,5,"Giao siêu nhanh, shipper dễ thương",2026-05-06 04:47:01.300168
564,26,7,5,"Giao siêu nhanh, shipper dễ thương",2026-04-25 02:08:01.300168
565,66,3,5,Đồ ăn nóng hổi ngon miệng,2026-04-27 14:43:01.300168
566,89,2,4,Đồ ăn nóng hổi ngon miệng,2026-05-17 23:55:01.300168
567,67,2,5,Đồ ăn nóng hổi ngon miệng,2026-04-23 21:04:01.300168
568,30,6,4,Đóng gói cẩn thận sạch sẽ,2026-04-20 21:25:01.300168
569,82,2,4,"Ăn vừa vị, giá cả hợp lý",2026-04-29 18:08:01.300168
570,10,2,5,"Ăn vừa vị, giá cả hợp lý",2026-04-24 14:07:01.300168
571,71,3,5,Đồ ăn nóng hổi ngon miệng,2026-04-26 06:18:01.300168
572,12,2,3,Đồ ăn nóng hổi ngon miệng,2026-04-28 21:20:01.300168
573,37,7,4,"Giao siêu nhanh, shipper dễ thương",2026-05-18 01:42:01.300168
574,21,1,4,Hơi ít so với hình nhưng ngon,2026-04-30 17:24:01.300168
575,29,1,5,Đóng gói cẩn thận sạch sẽ,2026-05-03 08:47:01.300168
576,24,6,4,Đóng gói cẩn thận sạch sẽ,2026-04-25 21:43:01.300168
577,21,8,5,Hơi ít so với hình nhưng ngon,2026-05-10 09:12:01.300168
578,18,8,4,Hơi ít so với hình nhưng ngon,2026-05-08 08:20:01.300168
579,51,1,4,Đóng gói cẩn thận sạch sẽ,2026-05-03 09:44:01.300168
580,23,7,5,Hơi ít so với hình nhưng ngon,2026-05-15 01:16:01.300168
581,28,8,5,Đóng gói cẩn thận sạch sẽ,2026-05-17 14:08:01.300168
582,5,7,3,"Ăn vừa vị, giá cả hợp lý",2026-05-09 05:59:01.300168
583,3,5,5,"Giao siêu nhanh, shipper dễ thương",2026-04-27 05:30:01.300168
584,5,1,3,"Ăn vừa vị, giá cả hợp lý",2026-05-11 20:46:01.300168
585,54,1,4,"Giao siêu nhanh, shipper dễ thương",2026-05-18 07:17:01.300168
586,54,5,4,"Ăn vừa vị, giá cả hợp lý",2026-04-20 19:44:01.300168
587,99,8,5,Đồ ăn nóng hổi ngon miệng,2026-04-28 01:00:01.300168
588,66,1,4,"Ăn vừa vị, giá cả hợp lý",2026-05-17 03:32:01.300168
589,39,7,4,Đồ ăn nóng hổi ngon miệng,2026-05-05 05:56:01.300168
590,95,3,3,"Giao siêu nhanh, shipper dễ thương",2026-05-08 16:56:01.300168
591,21,6,4,Đồ ăn nóng hổi ngon miệng,2026-05-09 04:46:01.300168
592,75,1,3,Đóng gói cẩn thận sạch sẽ,2026-04-23 00:05:01.300168
593,75,2,4,Hơi ít so với hình nhưng ngon,2026-05-19 01:36:01.300168
594,100,5,5,"Giao siêu nhanh, shipper dễ thương",2026-04-28 04:06:01.300168
595,89,2,4,Hơi ít so với hình nhưng ngon,2026-05-16 22:56:01.300168
596,37,1,5,"Giao siêu nhanh, shipper dễ thương",2026-04-23 15:28:01.300168
597,15,3,5,"Ăn vừa vị, giá cả hợp lý",2026-05-07 12:30:01.300168
598,62,10,3,Hơi ít so với hình nhưng ngon,2026-05-01 22:23:01.300168
599,41,7,4,Hơi ít so với hình nhưng ngon,2026-04-26 14:33:01.300168
600,56,6,5,"Ăn vừa vị, giá cả hợp lý",2026-05-04 04:42:01.300168
601,10,5,5,Đóng gói cẩn thận sạch sẽ,2026-05-08 11:22:01.300168
602,23,5,4,Hơi ít so với hình nhưng ngon,2026-05-08 23:32:01.300168
603,91,8,4,"Ăn vừa vị, giá cả hợp lý",2026-05-06 10:33:01.300168
604,3,5,5,Hơi ít so với hình nhưng ngon,2026-05-18 19:59:01.300168
605,75,5,3,"Ăn vừa vị, giá cả hợp lý",2026-05-14 13:13:01.300168
606,24,8,4,Hơi ít so với hình nhưng ngon,2026-05-07 05:00:01.300168
607,82,6,3,Hơi ít so với hình nhưng ngon,2026-04-26 15:21:01.300168
608,39,10,4,"Giao siêu nhanh, shipper dễ thương",2026-05-19 13:38:01.300168
609,56,3,4,Đóng gói cẩn thận sạch sẽ,2026-05-13 10:36:01.300168
610,47,7,5,Đóng gói cẩn thận sạch sẽ,2026-04-22 05:22:01.300168
611,50,1,3,Đồ ăn nóng hổi ngon miệng,2026-05-19 15:56:01.300168
612,19,5,5,"Ăn vừa vị, giá cả hợp lý",2026-04-21 04:02:01.300168
613,85,2,3,Đóng gói cẩn thận sạch sẽ,2026-04-30 20:48:01.300168
614,88,6,4,Đồ ăn nóng hổi ngon miệng,2026-04-24 13:33:01.300168
615,40,1,5,"Giao siêu nhanh, shipper dễ thương",2026-05-19 07:52:01.300168
616,48,8,3,Đóng gói cẩn thận sạch sẽ,2026-05-09 13:21:01.300168
617,65,8,5,"Giao siêu nhanh, shipper dễ thương",2026-05-13 18:14:01.300168
618,91,9,4,Đóng gói cẩn thận sạch sẽ,2026-05-11 05:57:01.300168
619,16,8,5,Đóng gói cẩn thận sạch sẽ,2026-05-16 11:48:01.300168
620,65,1,4,Đóng gói cẩn thận sạch sẽ,2026-05-01 05:59:01.300168
621,98,1,3,Hơi ít so với hình nhưng ngon,2026-05-15 19:27:01.300168
622,26,8,3,Đồ ăn nóng hổi ngon miệng,2026-04-28 04:14:01.300168
623,8,2,4,Đóng gói cẩn thận sạch sẽ,2026-05-18 12:10:01.300168
624,97,5,3,"Ăn vừa vị, giá cả hợp lý",2026-04-20 18:52:01.300168
625,78,10,5,Đóng gói cẩn thận sạch sẽ,2026-05-01 04:44:01.300168
626,77,3,4,Đóng gói cẩn thận sạch sẽ,2026-05-04 12:40:01.300168
627,32,9,4,"Ăn vừa vị, giá cả hợp lý",2026-05-14 09:17:01.300168
628,28,1,4,"Giao siêu nhanh, shipper dễ thương",2026-05-09 21:12:01.300168
629,54,7,5,Hơi ít so với hình nhưng ngon,2026-04-28 02:24:01.300168
630,17,10,4,"Giao siêu nhanh, shipper dễ thương",2026-04-27 22:20:01.300168
631,53,10,4,"Ăn vừa vị, giá cả hợp lý",2026-05-12 20:39:01.300168
632,22,8,4,Đồ ăn nóng hổi ngon miệng,2026-05-08 21:30:01.300168
633,73,3,5,Đồ ăn nóng hổi ngon miệng,2026-05-12 08:04:01.300168
634,76,5,4,"Ăn vừa vị, giá cả hợp lý",2026-05-06 06:09:01.300168
635,93,8,5,Đóng gói cẩn thận sạch sẽ,2026-05-18 23:10:01.300168
636,45,4,4,Hơi ít so với hình nhưng ngon,2026-05-15 19:42:01.300168
637,5,4,3,"Ăn vừa vị, giá cả hợp lý",2026-05-11 19:53:01.300168
638,32,3,5,"Ăn vừa vị, giá cả hợp lý",2026-05-05 21:27:01.300168
639,9,8,3,Đóng gói cẩn thận sạch sẽ,2026-05-07 07:54:01.300168
640,5,7,4,Đóng gói cẩn thận sạch sẽ,2026-04-28 04:41:01.300168
641,77,5,4,"Ăn vừa vị, giá cả hợp lý",2026-04-20 05:32:01.300168
642,45,5,3,"Giao siêu nhanh, shipper dễ thương",2026-05-07 19:20:01.300168
643,47,8,4,Đóng gói cẩn thận sạch sẽ,2026-05-10 10:32:01.300168
644,64,1,4,"Ăn vừa vị, giá cả hợp lý",2026-05-09 14:43:01.300168
645,39,9,5,Đóng gói cẩn thận sạch sẽ,2026-05-11 04:35:01.300168
646,6,4,4,Đồ ăn nóng hổi ngon miệng,2026-05-18 21:43:01.300168
647,88,3,4,Đồ ăn nóng hổi ngon miệng,2026-05-10 10:34:01.300168
648,44,3,5,"Ăn vừa vị, giá cả hợp lý",2026-05-03 23:22:01.300168
649,20,6,4,"Giao siêu nhanh, shipper dễ thương",2026-04-24 01:15:01.300168
650,33,7,5,"Giao siêu nhanh, shipper dễ thương",2026-05-01 07:43:01.300168
651,65,5,5,Đóng gói cẩn thận sạch sẽ,2026-04-27 06:21:01.300168
652,68,9,3,"Giao siêu nhanh, shipper dễ thương",2026-05-11 03:24:01.300168
653,50,10,4,Đóng gói cẩn thận sạch sẽ,2026-04-29 10:59:01.300168
654,68,8,4,Đồ ăn nóng hổi ngon miệng,2026-05-09 17:39:01.300168
655,43,5,4,"Ăn vừa vị, giá cả hợp lý",2026-04-27 16:39:01.300168
656,71,8,5,"Ăn vừa vị, giá cả hợp lý",2026-05-02 03:48:01.300168
657,43,1,5,"Ăn vừa vị, giá cả hợp lý",2026-05-07 02:01:01.300168
658,85,10,4,Hơi ít so với hình nhưng ngon,2026-04-27 15:29:01.300168
659,23,8,4,Hơi ít so với hình nhưng ngon,2026-05-11 15:58:01.300168
660,48,4,4,Đồ ăn nóng hổi ngon miệng,2026-04-20 06:48:01.300168
661,15,4,5,"Ăn vừa vị, giá cả hợp lý",2026-04-25 04:10:01.300168
662,72,3,5,Đóng gói cẩn thận sạch sẽ,2026-05-05 06:45:01.300168
663,63,4,4,"Giao siêu nhanh, shipper dễ thương",2026-05-03 10:24:01.300168
664,40,6,4,Đóng gói cẩn thận sạch sẽ,2026-04-22 17:15:01.300168
665,85,4,5,"Giao siêu nhanh, shipper dễ thương",2026-05-08 02:50:01.300168
666,73,9,4,"Ăn vừa vị, giá cả hợp lý",2026-04-21 16:57:01.300168
667,92,10,4,Hơi ít so với hình nhưng ngon,2026-05-17 22:00:01.300168
668,72,7,5,"Ăn vừa vị, giá cả hợp lý",2026-04-23 22:43:01.300168
669,98,8,4,Đóng gói cẩn thận sạch sẽ,2026-05-09 08:30:01.300168
670,75,3,4,Đồ ăn nóng hổi ngon miệng,2026-05-11 12:55:01.300168
671,82,3,3,Đóng gói cẩn thận sạch sẽ,2026-05-14 11:03:01.300168
672,91,4,4,"Giao siêu nhanh, shipper dễ thương",2026-05-04 16:06:01.300168
673,80,7,5,Hơi ít so với hình nhưng ngon,2026-05-11 19:10:01.300168
674,86,2,4,"Giao siêu nhanh, shipper dễ thương",2026-05-17 12:51:01.300168
675,14,1,4,"Ăn vừa vị, giá cả hợp lý",2026-05-11 18:23:01.300168
676,46,3,4,"Ăn vừa vị, giá cả hợp lý",2026-05-08 15:06:01.300168
677,28,1,4,"Ăn vừa vị, giá cả hợp lý",2026-04-20 16:21:01.300168
678,59,9,4,Đóng gói cẩn thận sạch sẽ,2026-05-16 03:03:01.300168
679,3,3,4,Đóng gói cẩn thận sạch sẽ,2026-04-30 09:26:01.300168
680,81,2,5,Đóng gói cẩn thận sạch sẽ,2026-04-19 19:20:01.300168
681,26,7,5,Đồ ăn nóng hổi ngon miệng,2026-05-09 03:43:01.300168
682,71,4,3,Đóng gói cẩn thận sạch sẽ,2026-05-09 14:21:01.300168
683,12,9,5,Đồ ăn nóng hổi ngon miệng,2026-05-04 18:27:01.300168
684,29,1,4,"Giao siêu nhanh, shipper dễ thương",2026-05-02 06:59:01.300168
685,69,8,3,Đóng gói cẩn thận sạch sẽ,2026-05-14 11:15:01.300168
686,31,1,5,"Ăn vừa vị, giá cả hợp lý",2026-04-25 14:21:01.300168
687,56,6,4,Hơi ít so với hình nhưng ngon,2026-05-05 09:29:01.300168
688,9,10,5,Đóng gói cẩn thận sạch sẽ,2026-05-12 16:48:01.300168
689,97,8,3,Đóng gói cẩn thận sạch sẽ,2026-04-25 20:56:01.300168
690,62,5,4,Đóng gói cẩn thận sạch sẽ,2026-04-27 04:31:01.300168
691,97,7,4,Đóng gói cẩn thận sạch sẽ,2026-04-23 15:48:01.300168
692,21,3,5,Đồ ăn nóng hổi ngon miệng,2026-05-10 12:42:01.300168
693,42,6,3,"Ăn vừa vị, giá cả hợp lý",2026-04-24 02:25:01.300168
694,53,9,5,Đồ ăn nóng hổi ngon miệng,2026-05-18 16:09:01.300168
695,61,7,3,Đồ ăn nóng hổi ngon miệng,2026-05-15 22:18:01.300168
696,88,4,5,"Giao siêu nhanh, shipper dễ thương",2026-05-02 19:46:01.300168
697,27,3,5,Hơi ít so với hình nhưng ngon,2026-05-16 00:01:01.300168
698,22,1,5,"Ăn vừa vị, giá cả hợp lý",2026-04-30 08:59:01.300168
699,60,7,5,Đóng gói cẩn thận sạch sẽ,2026-05-06 22:55:01.300168
700,3,10,4,"Ăn vừa vị, giá cả hợp lý",2026-05-04 08:01:01.300168
701,31,4,4,"Ăn vừa vị, giá cả hợp lý",2026-05-05 05:19:01.300168
702,59,4,4,Hơi ít so với hình nhưng ngon,2026-05-19 17:29:01.300168
703,95,7,4,Đóng gói cẩn thận sạch sẽ,2026-05-10 08:18:01.300168
704,86,4,3,Đồ ăn nóng hổi ngon miệng,2026-05-03 20:47:01.300168
705,42,9,4,Đóng gói cẩn thận sạch sẽ,2026-05-17 11:27:01.300168
706,49,8,5,"Ăn vừa vị, giá cả hợp lý",2026-04-30 10:54:01.300168
707,94,2,5,Hơi ít so với hình nhưng ngon,2026-05-02 18:13:01.300168
708,55,7,4,"Ăn vừa vị, giá cả hợp lý",2026-05-17 18:58:01.300168
709,65,9,4,"Giao siêu nhanh, shipper dễ thương",2026-05-08 10:33:01.300168
710,77,7,5,"Ăn vừa vị, giá cả hợp lý",2026-05-14 07:55:01.300168
711,46,2,4,Đóng gói cẩn thận sạch sẽ,2026-04-27 21:22:01.300168
712,36,9,5,"Giao siêu nhanh, shipper dễ thương",2026-05-12 17:58:01.300168
713,46,6,5,"Giao siêu nhanh, shipper dễ thương",2026-05-15 23:48:01.300168
714,94,4,4,Đồ ăn nóng hổi ngon miệng,2026-04-25 14:28:01.300168
715,50,6,4,Hơi ít so với hình nhưng ngon,2026-05-03 00:27:01.300168
716,29,3,4,"Giao siêu nhanh, shipper dễ thương",2026-05-02 16:45:01.300168
717,26,6,4,"Ăn vừa vị, giá cả hợp lý",2026-04-24 03:47:01.300168
718,68,9,4,"Giao siêu nhanh, shipper dễ thương",2026-04-30 14:32:01.300168
719,57,8,4,Đóng gói cẩn thận sạch sẽ,2026-05-08 10:38:01.300168
720,49,7,4,Hơi ít so với hình nhưng ngon,2026-05-08 14:59:01.300168
721,52,8,3,Đóng gói cẩn thận sạch sẽ,2026-05-12 19:32:01.300168
722,66,1,5,"Ăn vừa vị, giá cả hợp lý",2026-04-25 04:12:01.300168
723,96,10,4,Đồ ăn nóng hổi ngon miệng,2026-05-09 10:36:01.300168
724,69,9,4,"Giao siêu nhanh, shipper dễ thương",2026-04-29 00:44:01.300168
725,3,7,4,Đồ ăn nóng hổi ngon miệng,2026-05-01 17:47:01.300168
726,53,10,4,Đóng gói cẩn thận sạch sẽ,2026-05-03 18:18:01.300168
727,61,2,4,"Ăn vừa vị, giá cả hợp lý",2026-05-19 14:22:01.300168
728,46,7,3,"Giao siêu nhanh, shipper dễ thương",2026-05-04 20:42:01.300168
729,77,6,5,"Giao siêu nhanh, shipper dễ thương",2026-04-25 05:15:01.300168
730,93,6,4,Hơi ít so với hình nhưng ngon,2026-05-07 05:59:01.300168
731,80,2,4,Hơi ít so với hình nhưng ngon,2026-05-05 05:10:01.300168
732,65,5,3,"Ăn vừa vị, giá cả hợp lý",2026-05-09 13:50:01.300168
733,2,4,4,"Ăn vừa vị, giá cả hợp lý",2026-04-30 07:45:01.300168
734,23,4,4,Hơi ít so với hình nhưng ngon,2026-04-22 08:43:01.300168
735,87,5,5,Hơi ít so với hình nhưng ngon,2026-04-20 13:47:01.300168
736,55,1,3,"Ăn vừa vị, giá cả hợp lý",2026-04-22 14:13:01.300168
737,94,4,4,"Giao siêu nhanh, shipper dễ thương",2026-05-04 21:00:01.300168
738,43,1,5,Hơi ít so với hình nhưng ngon,2026-04-25 13:25:01.300168
739,100,2,4,"Giao siêu nhanh, shipper dễ thương",2026-05-17 21:33:01.300168
740,66,1,4,"Giao siêu nhanh, shipper dễ thương",2026-04-24 22:59:01.300168
741,71,7,3,"Ăn vừa vị, giá cả hợp lý",2026-04-30 14:54:01.300168
742,95,8,4,"Ăn vừa vị, giá cả hợp lý",2026-05-16 23:53:01.300168
743,90,1,5,"Ăn vừa vị, giá cả hợp lý",2026-05-11 16:42:01.300168
744,8,7,4,Đồ ăn nóng hổi ngon miệng,2026-05-06 16:38:01.300168
745,82,1,3,Đồ ăn nóng hổi ngon miệng,2026-04-24 15:40:01.300168
746,79,7,4,"Giao siêu nhanh, shipper dễ thương",2026-04-25 19:08:01.300168
747,18,1,4,Hơi ít so với hình nhưng ngon,2026-04-26 02:47:01.300168
748,95,6,4,"Ăn vừa vị, giá cả hợp lý",2026-05-12 06:17:01.300168
749,44,6,4,"Ăn vừa vị, giá cả hợp lý",2026-05-12 16:19:01.300168
750,55,10,4,"Giao siêu nhanh, shipper dễ thương",2026-05-12 05:34:01.300168
751,63,7,5,"Ăn vừa vị, giá cả hợp lý",2026-05-12 09:58:01.300168
752,100,2,5,"Ăn vừa vị, giá cả hợp lý",2026-05-02 15:58:01.300168
753,40,7,3,"Giao siêu nhanh, shipper dễ thương",2026-05-07 09:34:01.300168
754,35,10,4,"Ăn vừa vị, giá cả hợp lý",2026-05-07 15:30:01.300168
755,72,3,4,Hơi ít so với hình nhưng ngon,2026-05-01 22:02:01.300168
756,21,10,5,Đóng gói cẩn thận sạch sẽ,2026-05-14 14:36:01.300168
757,90,4,4,"Giao siêu nhanh, shipper dễ thương",2026-04-30 16:41:01.300168
758,55,7,3,"Ăn vừa vị, giá cả hợp lý",2026-04-22 08:57:01.300168
759,54,2,5,Hơi ít so với hình nhưng ngon,2026-05-06 11:09:01.300168
760,100,7,5,Đồ ăn nóng hổi ngon miệng,2026-04-20 12:32:01.300168
761,100,7,4,Đồ ăn nóng hổi ngon miệng,2026-05-06 15:00:01.300168
762,57,2,3,"Ăn vừa vị, giá cả hợp lý",2026-05-03 12:22:01.300168
763,91,2,3,"Giao siêu nhanh, shipper dễ thương",2026-04-26 20:27:01.300168
764,79,7,3,Đóng gói cẩn thận sạch sẽ,2026-04-27 22:48:01.300168
765,88,1,4,Đồ ăn nóng hổi ngon miệng,2026-04-23 14:15:01.300168
766,35,3,4,"Giao siêu nhanh, shipper dễ thương",2026-05-16 10:48:01.300168
767,71,1,4,"Giao siêu nhanh, shipper dễ thương",2026-05-02 05:50:01.300168
768,95,8,4,Đóng gói cẩn thận sạch sẽ,2026-05-13 21:31:01.300168
769,99,5,5,Hơi ít so với hình nhưng ngon,2026-04-22 20:24:01.300168
770,91,3,5,Đồ ăn nóng hổi ngon miệng,2026-04-21 21:03:01.300168
771,6,3,5,Hơi ít so với hình nhưng ngon,2026-05-13 05:26:01.300168
772,29,8,4,"Giao siêu nhanh, shipper dễ thương",2026-05-09 19:07:01.300168
773,15,8,3,Đồ ăn nóng hổi ngon miệng,2026-04-27 08:08:01.300168
774,44,2,5,Đóng gói cẩn thận sạch sẽ,2026-05-14 14:02:01.300168
775,47,9,4,"Ăn vừa vị, giá cả hợp lý",2026-05-06 06:36:01.300168
776,59,8,5,"Ăn vừa vị, giá cả hợp lý",2026-04-22 03:58:01.300168
777,70,6,4,Đồ ăn nóng hổi ngon miệng,2026-05-13 12:42:01.300168
778,30,9,3,Hơi ít so với hình nhưng ngon,2026-05-06 07:14:01.300168
779,48,10,5,"Giao siêu nhanh, shipper dễ thương",2026-05-16 16:48:01.300168
780,97,6,5,Hơi ít so với hình nhưng ngon,2026-04-26 00:51:01.300168
781,17,8,5,Hơi ít so với hình nhưng ngon,2026-05-09 02:21:01.300168
782,95,2,4,Đóng gói cẩn thận sạch sẽ,2026-04-23 03:38:01.300168
783,16,9,5,Hơi ít so với hình nhưng ngon,2026-05-11 05:27:01.300168
784,59,6,3,Đóng gói cẩn thận sạch sẽ,2026-05-15 03:54:01.300168
785,98,5,5,"Giao siêu nhanh, shipper dễ thương",2026-04-26 14:57:01.300168
786,9,10,5,"Ăn vừa vị, giá cả hợp lý",2026-05-08 00:44:01.300168
787,36,2,4,Đồ ăn nóng hổi ngon miệng,2026-05-18 12:32:01.300168
788,41,2,3,Đồ ăn nóng hổi ngon miệng,2026-05-14 06:29:01.300168
789,60,1,4,Đóng gói cẩn thận sạch sẽ,2026-05-11 09:27:01.300168
790,21,7,4,"Giao siêu nhanh, shipper dễ thương",2026-04-19 21:35:01.300168
791,46,9,5,"Ăn vừa vị, giá cả hợp lý",2026-04-28 06:02:01.300168
792,18,8,5,Đồ ăn nóng hổi ngon miệng,2026-04-21 13:42:01.300168
793,84,7,4,Đồ ăn nóng hổi ngon miệng,2026-04-30 02:49:01.300168
794,56,4,3,"Giao siêu nhanh, shipper dễ thương",2026-05-18 08:48:01.300168
795,53,2,3,Hơi ít so với hình nhưng ngon,2026-05-02 20:06:01.300168
796,31,9,4,"Giao siêu nhanh, shipper dễ thương",2026-04-22 05:13:01.300168
797,70,5,4,"Ăn vừa vị, giá cả hợp lý",2026-05-18 23:33:01.300168
798,70,6,4,Đóng gói cẩn thận sạch sẽ,2026-05-09 23:09:01.300168
799,75,7,4,Đồ ăn nóng hổi ngon miệng,2026-05-13 23:39:01.300168
800,54,4,4,Đồ ăn nóng hổi ngon miệng,2026-05-14 02:54:01.300168
801,58,5,3,Hơi ít so với hình nhưng ngon,2026-05-18 11:12:01.300168
802,43,9,5,Đồ ăn nóng hổi ngon miệng,2026-05-19 05:35:01.300168
803,36,10,5,Hơi ít so với hình nhưng ngon,2026-05-04 07:36:01.300168
804,92,1,5,Đóng gói cẩn thận sạch sẽ,2026-05-10 09:14:01.300168
805,86,6,3,"Ăn vừa vị, giá cả hợp lý",2026-04-27 22:21:01.300168
806,12,5,5,Đóng gói cẩn thận sạch sẽ,2026-05-11 17:45:01.300168
807,9,10,5,Hơi ít so với hình nhưng ngon,2026-05-16 16:45:01.300168
808,76,5,4,Đóng gói cẩn thận sạch sẽ,2026-05-17 14:24:01.300168
809,55,6,3,"Ăn vừa vị, giá cả hợp lý",2026-05-18 12:53:01.300168
810,78,1,5,Hơi ít so với hình nhưng ngon,2026-05-04 20:19:01.300168
811,79,8,4,"Ăn vừa vị, giá cả hợp lý",2026-04-24 20:56:01.300168
812,81,9,4,Đồ ăn nóng hổi ngon miệng,2026-05-11 19:51:01.300168
813,74,3,4,Đồ ăn nóng hổi ngon miệng,2026-04-25 04:18:01.300168
814,31,2,4,"Giao siêu nhanh, shipper dễ thương",2026-04-22 16:21:01.300168
815,26,4,5,"Giao siêu nhanh, shipper dễ thương",2026-05-12 06:30:01.300168
816,89,3,3,"Giao siêu nhanh, shipper dễ thương",2026-04-29 09:46:01.300168
817,81,6,5,"Giao siêu nhanh, shipper dễ thương",2026-05-09 05:08:01.300168
818,89,2,4,"Giao siêu nhanh, shipper dễ thương",2026-04-28 16:07:01.300168
819,56,2,4,"Giao siêu nhanh, shipper dễ thương",2026-04-26 17:04:01.300168
820,65,2,4,"Giao siêu nhanh, shipper dễ thương",2026-05-07 21:13:01.300168
821,35,9,5,Hơi ít so với hình nhưng ngon,2026-05-05 18:26:01.300168
822,100,7,4,"Ăn vừa vị, giá cả hợp lý",2026-05-12 11:45:01.300168
823,48,1,5,Hơi ít so với hình nhưng ngon,2026-04-28 09:53:01.300168
824,14,6,5,"Ăn vừa vị, giá cả hợp lý",2026-04-26 22:09:01.300168
825,72,1,5,Đóng gói cẩn thận sạch sẽ,2026-05-02 10:52:01.300168
826,94,7,3,Đồ ăn nóng hổi ngon miệng,2026-05-03 09:27:01.300168
827,89,2,4,Đồ ăn nóng hổi ngon miệng,2026-04-26 13:42:01.300168
828,75,7,5,Hơi ít so với hình nhưng ngon,2026-05-04 15:26:01.300168
829,65,2,5,"Ăn vừa vị, giá cả hợp lý",2026-04-22 19:18:01.300168
830,50,8,5,Đồ ăn nóng hổi ngon miệng,2026-04-27 10:53:01.300168
831,78,9,5,Đóng gói cẩn thận sạch sẽ,2026-05-10 23:07:01.300168
832,70,3,4,"Giao siêu nhanh, shipper dễ thương",2026-05-14 14:32:01.300168
833,25,1,4,"Giao siêu nhanh, shipper dễ thương",2026-04-21 00:00:01.300168
834,35,10,4,Đồ ăn nóng hổi ngon miệng,2026-05-03 02:06:01.300168
835,64,8,3,"Giao siêu nhanh, shipper dễ thương",2026-05-19 02:08:01.300168
836,27,10,5,"Giao siêu nhanh, shipper dễ thương",2026-04-25 02:44:01.300168
837,58,3,4,Hơi ít so với hình nhưng ngon,2026-05-17 02:34:01.300168
838,76,7,5,Đồ ăn nóng hổi ngon miệng,2026-04-19 23:57:01.300168
839,5,5,5,Đóng gói cẩn thận sạch sẽ,2026-04-24 19:46:01.300168
840,67,8,3,"Giao siêu nhanh, shipper dễ thương",2026-05-16 01:06:01.300168
841,17,6,4,Đồ ăn nóng hổi ngon miệng,2026-04-23 14:43:01.300168
842,97,10,4,Hơi ít so với hình nhưng ngon,2026-04-19 20:06:01.300168
843,26,7,5,Hơi ít so với hình nhưng ngon,2026-05-15 20:46:01.300168
844,50,4,3,Hơi ít so với hình nhưng ngon,2026-05-19 07:54:01.300168
845,95,1,3,Đóng gói cẩn thận sạch sẽ,2026-05-05 03:30:01.300168
846,5,10,4,"Giao siêu nhanh, shipper dễ thương",2026-04-20 15:00:01.300168
847,6,5,3,"Ăn vừa vị, giá cả hợp lý",2026-05-16 01:18:01.300168
848,29,2,5,Đóng gói cẩn thận sạch sẽ,2026-05-04 02:36:01.300168
849,95,1,4,Hơi ít so với hình nhưng ngon,2026-04-24 19:33:01.300168
850,2,9,5,Đóng gói cẩn thận sạch sẽ,2026-05-19 01:51:01.300168
851,20,1,4,Hơi ít so với hình nhưng ngon,2026-05-13 02:28:01.300168
852,92,9,4,Đồ ăn nóng hổi ngon miệng,2026-04-23 12:52:01.300168
853,39,6,5,"Ăn vừa vị, giá cả hợp lý",2026-05-12 20:49:01.300168
854,81,4,4,Đồ ăn nóng hổi ngon miệng,2026-05-04 10:40:01.300168
855,17,6,5,"Ăn vừa vị, giá cả hợp lý",2026-05-11 20:06:01.300168
856,68,8,5,Hơi ít so với hình nhưng ngon,2026-04-24 02:04:01.300168
857,22,6,4,Đồ ăn nóng hổi ngon miệng,2026-04-23 12:17:01.300168
858,30,10,5,Hơi ít so với hình nhưng ngon,2026-04-24 21:36:01.300168
859,66,8,4,"Ăn vừa vị, giá cả hợp lý",2026-05-18 09:16:01.300168
860,40,10,4,Đồ ăn nóng hổi ngon miệng,2026-05-18 21:46:01.300168
861,72,9,4,Đồ ăn nóng hổi ngon miệng,2026-04-25 01:14:01.300168
862,62,1,4,Đóng gói cẩn thận sạch sẽ,2026-04-25 12:18:01.300168
863,88,9,3,"Giao siêu nhanh, shipper dễ thương",2026-05-16 17:36:01.300168
864,78,10,4,Đóng gói cẩn thận sạch sẽ,2026-05-19 02:20:01.300168
865,47,2,4,"Ăn vừa vị, giá cả hợp lý",2026-04-28 04:32:01.300168
866,69,1,3,Đồ ăn nóng hổi ngon miệng,2026-05-07 11:34:01.300168
867,15,9,5,"Ăn vừa vị, giá cả hợp lý",2026-05-05 01:07:01.300168
868,64,7,4,"Ăn vừa vị, giá cả hợp lý",2026-05-02 09:15:01.300168
869,80,10,3,Hơi ít so với hình nhưng ngon,2026-05-08 20:44:01.300168
870,4,3,4,Đồ ăn nóng hổi ngon miệng,2026-04-28 10:22:01.300168
871,77,9,5,Hơi ít so với hình nhưng ngon,2026-05-01 05:13:01.300168
872,30,1,5,Đóng gói cẩn thận sạch sẽ,2026-05-16 08:39:01.300168
873,51,3,3,Đóng gói cẩn thận sạch sẽ,2026-05-12 10:00:01.300168
874,60,2,4,Đóng gói cẩn thận sạch sẽ,2026-04-27 01:14:01.300168
875,75,1,5,Đóng gói cẩn thận sạch sẽ,2026-05-07 09:14:01.300168
876,53,8,4,"Ăn vừa vị, giá cả hợp lý",2026-04-28 08:14:01.300168
877,67,2,5,Đóng gói cẩn thận sạch sẽ,2026-05-14 11:19:01.300168
878,51,7,5,"Ăn vừa vị, giá cả hợp lý",2026-05-11 18:40:01.300168
879,77,6,4,Đồ ăn nóng hổi ngon miệng,2026-04-23 04:44:01.300168
880,77,10,4,Hơi ít so với hình nhưng ngon,2026-04-21 08:10:01.300168
881,16,1,4,Đồ ăn nóng hổi ngon miệng,2026-05-09 11:23:01.300168
882,75,9,5,"Ăn vừa vị, giá cả hợp lý",2026-05-16 04:20:01.300168
883,79,4,3,Hơi ít so với hình nhưng ngon,2026-05-03 20:13:01.300168
884,19,7,5,"Ăn vừa vị, giá cả hợp lý",2026-04-26 16:43:01.300168
885,22,3,4,"Giao siêu nhanh, shipper dễ thương",2026-05-11 09:42:01.300168
886,26,5,3,Hơi ít so với hình nhưng ngon,2026-04-23 12:00:01.300168
887,42,8,4,Hơi ít so với hình nhưng ngon,2026-05-03 11:56:01.300168
888,70,1,3,Đồ ăn nóng hổi ngon miệng,2026-04-20 02:32:01.300168
889,85,7,4,Đồ ăn nóng hổi ngon miệng,2026-04-30 22:20:01.300168
890,56,2,5,"Giao siêu nhanh, shipper dễ thương",2026-04-21 22:06:01.300168
891,34,7,4,Hơi ít so với hình nhưng ngon,2026-04-20 06:05:01.300168
892,21,1,5,Hơi ít so với hình nhưng ngon,2026-05-05 11:39:01.300168
893,81,2,3,Hơi ít so với hình nhưng ngon,2026-04-28 12:03:01.300168
894,90,10,4,Hơi ít so với hình nhưng ngon,2026-05-05 12:35:01.300168
895,41,8,5,Đóng gói cẩn thận sạch sẽ,2026-05-10 03:11:01.300168
896,87,4,4,"Ăn vừa vị, giá cả hợp lý",2026-05-16 02:37:01.300168
897,5,10,4,"Ăn vừa vị, giá cả hợp lý",2026-04-29 10:15:01.300168
898,98,8,4,"Ăn vừa vị, giá cả hợp lý",2026-05-07 14:49:01.300168
899,22,6,4,"Giao siêu nhanh, shipper dễ thương",2026-04-22 00:55:01.300168
900,35,6,4,Đồ ăn nóng hổi ngon miệng,2026-05-13 01:37:01.300168
901,44,9,4,Hơi ít so với hình nhưng ngon,2026-04-30 22:05:01.300168
902,52,8,4,Đồ ăn nóng hổi ngon miệng,2026-05-01 16:29:01.300168
903,93,9,5,Hơi ít so với hình nhưng ngon,2026-04-30 22:50:01.300168
904,78,9,5,"Ăn vừa vị, giá cả hợp lý",2026-04-24 15:34:01.300168
905,86,9,5,"Ăn vừa vị, giá cả hợp lý",2026-05-05 21:23:01.300168
906,80,9,4,Đóng gói cẩn thận sạch sẽ,2026-04-21 16:38:01.300168
907,38,1,4,"Giao siêu nhanh, shipper dễ thương",2026-05-15 18:06:01.300168
908,44,9,4,Đồ ăn nóng hổi ngon miệng,2026-05-05 21:53:01.300168
909,82,9,4,"Ăn vừa vị, giá cả hợp lý",2026-05-01 01:44:01.300168
910,96,2,4,"Ăn vừa vị, giá cả hợp lý",2026-04-21 08:18:01.300168
911,82,2,4,Đóng gói cẩn thận sạch sẽ,2026-04-30 20:52:01.300168
912,13,5,3,Đồ ăn nóng hổi ngon miệng,2026-05-12 04:49:01.300168
913,97,7,5,"Ăn vừa vị, giá cả hợp lý",2026-05-15 19:14:01.300168
914,69,10,4,"Ăn vừa vị, giá cả hợp lý",2026-04-21 06:31:01.300168
915,21,9,5,Hơi ít so với hình nhưng ngon,2026-05-02 06:56:01.300168
916,6,2,5,Đồ ăn nóng hổi ngon miệng,2026-05-03 04:33:01.300168
917,22,5,5,Hơi ít so với hình nhưng ngon,2026-04-29 16:18:01.300168
918,81,4,5,"Giao siêu nhanh, shipper dễ thương",2026-04-30 03:04:01.300168
919,33,3,5,Đồ ăn nóng hổi ngon miệng,2026-05-02 02:21:01.300168
920,20,2,3,"Giao siêu nhanh, shipper dễ thương",2026-05-04 06:10:01.300168
921,73,3,4,Hơi ít so với hình nhưng ngon,2026-05-10 00:57:01.300168
922,19,1,5,Đóng gói cẩn thận sạch sẽ,2026-05-02 14:01:01.300168
923,89,8,4,"Ăn vừa vị, giá cả hợp lý",2026-05-17 08:45:01.300168
924,32,3,5,Hơi ít so với hình nhưng ngon,2026-04-26 16:51:01.300168
925,19,5,4,"Giao siêu nhanh, shipper dễ thương",2026-05-12 22:00:01.300168
926,27,3,5,Đóng gói cẩn thận sạch sẽ,2026-05-01 04:31:01.300168
927,54,9,4,Hơi ít so với hình nhưng ngon,2026-04-26 02:45:01.300168
928,96,2,3,Đóng gói cẩn thận sạch sẽ,2026-05-08 03:41:01.300168
929,73,7,4,Đóng gói cẩn thận sạch sẽ,2026-05-06 13:23:01.300168
930,47,4,5,"Ăn vừa vị, giá cả hợp lý",2026-05-02 11:06:01.300168
931,36,3,3,"Ăn vừa vị, giá cả hợp lý",2026-05-10 13:32:01.300168
932,58,5,4,Đồ ăn nóng hổi ngon miệng,2026-05-02 16:51:01.300168
933,80,2,4,Đóng gói cẩn thận sạch sẽ,2026-05-17 08:58:01.300168
934,53,6,4,Hơi ít so với hình nhưng ngon,2026-05-02 16:51:01.300168
935,73,4,4,Đóng gói cẩn thận sạch sẽ,2026-04-25 21:58:01.300168
936,16,9,4,Đồ ăn nóng hổi ngon miệng,2026-05-01 10:27:01.300168
937,48,10,4,"Ăn vừa vị, giá cả hợp lý",2026-05-10 18:37:01.300168
938,10,3,3,"Ăn vừa vị, giá cả hợp lý",2026-05-14 06:55:01.300168
939,51,6,4,Hơi ít so với hình nhưng ngon,2026-05-19 04:25:01.300168
940,13,10,4,"Giao siêu nhanh, shipper dễ thương",2026-05-07 15:19:01.300168
941,66,9,5,Đồ ăn nóng hổi ngon miệng,2026-05-17 02:27:01.300168
942,22,10,3,Hơi ít so với hình nhưng ngon,2026-05-13 08:27:01.300168
943,24,1,3,Hơi ít so với hình nhưng ngon,2026-05-12 02:01:01.300168
944,54,6,4,Đồ ăn nóng hổi ngon miệng,2026-05-14 03:45:01.300168
945,83,7,4,"Giao siêu nhanh, shipper dễ thương",2026-05-11 13:11:01.300168
946,62,7,4,"Ăn vừa vị, giá cả hợp lý",2026-05-11 14:03:01.300168
947,80,6,4,Đồ ăn nóng hổi ngon miệng,2026-05-14 19:01:01.300168
948,6,9,5,Đồ ăn nóng hổi ngon miệng,2026-05-14 14:38:01.300168
949,37,6,4,"Ăn vừa vị, giá cả hợp lý",2026-04-19 21:42:01.300168
950,48,1,4,"Ăn vừa vị, giá cả hợp lý",2026-05-18 03:08:01.300168
951,90,8,5,"Giao siêu nhanh, shipper dễ thương",2026-04-22 04:46:01.300168
952,40,6,4,Đồ ăn nóng hổi ngon miệng,2026-05-05 02:30:01.300168
953,11,10,4,Đóng gói cẩn thận sạch sẽ,2026-05-14 14:46:01.300168
954,96,3,3,"Ăn vừa vị, giá cả hợp lý",2026-05-15 21:25:01.300168
955,14,6,4,"Ăn vừa vị, giá cả hợp lý",2026-05-19 13:14:01.300168
956,45,3,3,Đóng gói cẩn thận sạch sẽ,2026-05-18 23:37:01.300168
957,89,8,3,"Giao siêu nhanh, shipper dễ thương",2026-05-05 02:05:01.300168
958,61,10,4,Hơi ít so với hình nhưng ngon,2026-05-18 06:03:01.300168
959,78,4,4,"Ăn vừa vị, giá cả hợp lý",2026-05-01 23:27:01.300168
960,31,10,3,Hơi ít so với hình nhưng ngon,2026-04-23 09:50:01.300168
961,11,8,4,Hơi ít so với hình nhưng ngon,2026-05-18 02:48:01.300168
962,15,10,3,Đồ ăn nóng hổi ngon miệng,2026-05-15 23:10:01.300168
963,55,3,3,Đồ ăn nóng hổi ngon miệng,2026-04-21 16:15:01.300168
964,25,2,4,"Giao siêu nhanh, shipper dễ thương",2026-05-05 07:11:01.300168
965,75,8,5,Hơi ít so với hình nhưng ngon,2026-04-29 10:38:01.300168
966,49,7,4,"Ăn vừa vị, giá cả hợp lý",2026-04-28 12:41:01.300168
967,18,3,4,Hơi ít so với hình nhưng ngon,2026-05-09 20:37:01.300168
968,25,5,5,"Ăn vừa vị, giá cả hợp lý",2026-04-28 00:42:01.300168
969,14,1,4,"Ăn vừa vị, giá cả hợp lý",2026-05-19 13:36:01.300168
970,86,2,4,"Ăn vừa vị, giá cả hợp lý",2026-05-18 01:25:01.300168
971,60,2,3,"Giao siêu nhanh, shipper dễ thương",2026-04-25 17:50:01.300168
972,47,6,4,Đồ ăn nóng hổi ngon miệng,2026-05-09 23:54:01.300168
973,57,6,4,Đồ ăn nóng hổi ngon miệng,2026-05-12 18:52:01.300168
974,36,4,5,"Giao siêu nhanh, shipper dễ thương",2026-04-28 15:36:01.300168
975,71,2,5,Đồ ăn nóng hổi ngon miệng,2026-05-17 23:56:01.300168
976,16,8,3,Hơi ít so với hình nhưng ngon,2026-04-24 15:22:01.300168
977,57,6,4,Đóng gói cẩn thận sạch sẽ,2026-04-23 18:36:01.300168
978,90,4,3,Đồ ăn nóng hổi ngon miệng,2026-05-15 12:48:01.300168
979,83,8,4,Hơi ít so với hình nhưng ngon,2026-05-16 23:49:01.300168
980,56,1,3,"Giao siêu nhanh, shipper dễ thương",2026-05-09 09:43:01.300168
981,52,5,4,"Giao siêu nhanh, shipper dễ thương",2026-05-03 15:36:01.300168
982,16,8,5,"Giao siêu nhanh, shipper dễ thương",2026-05-17 04:43:01.300168
983,12,8,4,Đóng gói cẩn thận sạch sẽ,2026-04-30 07:08:01.300168
984,79,6,3,Đóng gói cẩn thận sạch sẽ,2026-05-15 18:32:01.300168
985,10,9,3,"Ăn vừa vị, giá cả hợp lý",2026-04-23 12:16:01.300168
986,78,3,5,Đồ ăn nóng hổi ngon miệng,2026-05-16 23:40:01.300168
987,51,10,5,Đồ ăn nóng hổi ngon miệng,2026-04-27 12:55:01.300168
988,85,10,4,Đồ ăn nóng hổi ngon miệng,2026-04-21 17:04:01.300168
989,3,2,5,Đồ ăn nóng hổi ngon miệng,2026-05-13 09:41:01.300168
990,68,8,3,"Ăn vừa vị, giá cả hợp lý",2026-05-06 18:59:01.300168
991,14,8,5,Hơi ít so với hình nhưng ngon,2026-04-27 11:11:01.300168
992,49,4,5,Hơi ít so với hình nhưng ngon,2026-04-29 07:42:01.300168
993,36,1,4,"Ăn vừa vị, giá cả hợp lý",2026-04-22 19:33:01.300168
994,79,1,4,Hơi ít so với hình nhưng ngon,2026-05-17 04:30:01.300168
995,43,8,4,Đóng gói cẩn thận sạch sẽ,2026-04-21 16:15:01.300168
996,80,7,5,Đồ ăn nóng hổi ngon miệng,2026-05-04 12:45:01.300168
997,17,2,5,Hơi ít so với hình nhưng ngon,2026-05-07 10:51:01.300168
998,12,4,4,Đồ ăn nóng hổi ngon miệng,2026-05-01 11:51:01.300168
999,85,4,4,Đóng gói cẩn thận sạch sẽ,2026-05-05 16:20:01.300168
1000,1,1,5,"Giao siêu nhanh, shipper dễ thương",2026-05-16 11:45:01.300168
1001,33,9,4,Đóng gói cẩn thận sạch sẽ,2026-04-24 04:00:01.300168
1002,56,10,4,Đóng gói cẩn thận sạch sẽ,2026-05-04 11:22:01.300168
1003,74,9,4,Đồ ăn nóng hổi ngon miệng,2026-05-06 19:42:01.300168
1004,51,2,5,"Ăn vừa vị, giá cả hợp lý",2026-05-01 14:34:01.300168
1005,79,2,3,Hơi ít so với hình nhưng ngon,2026-05-04 01:54:01.300168
1006,100,9,3,Đồ ăn nóng hổi ngon miệng,2026-05-11 21:07:01.300168
1007,90,9,3,"Giao siêu nhanh, shipper dễ thương",2026-05-08 22:48:01.300168
1008,96,9,3,"Ăn vừa vị, giá cả hợp lý",2026-04-26 05:04:01.300168
1009,64,1,5,Hơi ít so với hình nhưng ngon,2026-05-12 21:34:01.300168
1010,82,8,4,Hơi ít so với hình nhưng ngon,2026-05-08 02:02:01.300168
1011,97,3,5,Hơi ít so với hình nhưng ngon,2026-05-08 17:20:01.300168
1012,39,9,3,Đồ ăn nóng hổi ngon miệng,2026-05-06 16:45:01.300168
1013,42,7,4,Đóng gói cẩn thận sạch sẽ,2026-05-11 09:34:01.300168
1014,37,8,4,Đóng gói cẩn thận sạch sẽ,2026-05-12 10:17:01.300168
1015,41,10,5,Hơi ít so với hình nhưng ngon,2026-05-14 03:31:01.300168
1016,10,6,4,Hơi ít so với hình nhưng ngon,2026-05-14 14:58:01.300168
1017,85,3,5,Đồ ăn nóng hổi ngon miệng,2026-04-29 11:38:01.300168
1018,26,10,5,Đồ ăn nóng hổi ngon miệng,2026-04-30 11:44:01.300168
1019,15,10,5,Đóng gói cẩn thận sạch sẽ,2026-05-17 12:54:01.300168
1020,78,5,5,"Ăn vừa vị, giá cả hợp lý",2026-04-22 18:09:01.300168
1021,71,4,4,Đồ ăn nóng hổi ngon miệng,2026-05-07 12:06:01.300168
1022,24,8,4,Đóng gói cẩn thận sạch sẽ,2026-04-22 09:43:01.300168
1023,52,6,4,"Giao siêu nhanh, shipper dễ thương",2026-05-16 15:28:01.300168
1024,75,7,4,Hơi ít so với hình nhưng ngon,2026-05-12 07:15:01.300168
1025,84,1,5,Đóng gói cẩn thận sạch sẽ,2026-05-17 04:10:01.300168
1026,19,6,5,"Giao siêu nhanh, shipper dễ thương",2026-05-03 02:42:01.300168
1027,54,10,4,"Giao siêu nhanh, shipper dễ thương",2026-05-09 18:02:01.300168
1028,69,2,5,Hơi ít so với hình nhưng ngon,2026-05-17 07:09:01.300168
1029,23,6,5,Đóng gói cẩn thận sạch sẽ,2026-05-14 05:46:01.300168
1030,60,1,4,"Giao siêu nhanh, shipper dễ thương",2026-04-26 22:42:01.300168
1031,5,4,5,Đóng gói cẩn thận sạch sẽ,2026-05-08 19:03:01.300168
1032,84,6,5,Đóng gói cẩn thận sạch sẽ,2026-04-20 14:44:01.300168
1033,60,3,4,Đóng gói cẩn thận sạch sẽ,2026-04-25 19:16:01.300168
1034,1,1,4,Hơi ít so với hình nhưng ngon,2026-05-02 13:16:01.300168
1035,15,1,5,Đóng gói cẩn thận sạch sẽ,2026-05-08 09:36:01.300168
1036,28,8,3,Đóng gói cẩn thận sạch sẽ,2026-04-26 06:24:01.300168
1037,15,6,4,Đồ ăn nóng hổi ngon miệng,2026-05-19 05:51:01.300168
1038,22,5,4,Đóng gói cẩn thận sạch sẽ,2026-04-23 13:26:01.300168
1039,13,6,5,Đồ ăn nóng hổi ngon miệng,2026-05-03 02:45:01.300168
1040,83,6,4,Đóng gói cẩn thận sạch sẽ,2026-05-18 19:44:01.300168
1041,52,10,5,Đồ ăn nóng hổi ngon miệng,2026-05-14 10:59:01.300168
1042,4,10,3,"Giao siêu nhanh, shipper dễ thương",2026-05-15 21:11:01.300168
1043,85,10,4,Đóng gói cẩn thận sạch sẽ,2026-05-11 22:52:01.300168
1044,65,9,4,Đồ ăn nóng hổi ngon miệng,2026-04-30 00:11:01.300168
1045,54,10,5,"Ăn vừa vị, giá cả hợp lý",2026-05-03 12:40:01.300168
1046,34,10,5,Đóng gói cẩn thận sạch sẽ,2026-05-17 04:52:01.300168
1047,74,4,5,Hơi ít so với hình nhưng ngon,2026-04-22 12:54:01.300168
1048,53,4,3,Đóng gói cẩn thận sạch sẽ,2026-04-25 15:35:01.300168
1049,92,4,5,"Giao siêu nhanh, shipper dễ thương",2026-04-24 18:20:01.300168
1050,40,5,5,Đồ ăn nóng hổi ngon miệng,2026-05-01 14:24:01.300168
1051,51,5,5,"Ăn vừa vị, giá cả hợp lý",2026-05-02 08:58:01.300168
1052,18,3,4,"Giao siêu nhanh, shipper dễ thương",2026-04-21 10:08:01.300168
1053,12,6,4,Hơi ít so với hình nhưng ngon,2026-04-21 15:51:01.300168
1054,33,9,5,"Ăn vừa vị, giá cả hợp lý",2026-05-08 20:21:01.300168
1055,82,7,4,"Giao siêu nhanh, shipper dễ thương",2026-05-10 02:46:01.300168
1056,5,8,5,Đóng gói cẩn thận sạch sẽ,2026-05-16 09:01:01.300168
1057,73,1,4,Đồ ăn nóng hổi ngon miệng,2026-04-20 09:03:01.300168
1058,77,8,4,Hơi ít so với hình nhưng ngon,2026-05-11 04:07:01.300168
1059,80,5,3,Đóng gói cẩn thận sạch sẽ,2026-05-15 08:36:01.300168
1060,71,6,3,"Giao siêu nhanh, shipper dễ thương",2026-05-19 16:17:01.300168
1061,20,2,5,"Ăn vừa vị, giá cả hợp lý",2026-05-13 16:01:01.300168
1062,52,4,4,Đồ ăn nóng hổi ngon miệng,2026-05-05 19:14:01.300168
1063,83,7,5,"Giao siêu nhanh, shipper dễ thương",2026-05-03 00:33:01.300168
1064,34,3,5,Đồ ăn nóng hổi ngon miệng,2026-05-14 22:23:01.300168
1065,5,3,4,Đồ ăn nóng hổi ngon miệng,2026-04-27 09:59:01.300168
1066,78,2,5,Đồ ăn nóng hổi ngon miệng,2026-05-14 11:40:01.300168
1067,61,1,4,"Ăn vừa vị, giá cả hợp lý",2026-05-01 23:41:01.300168
1068,33,9,5,Hơi ít so với hình nhưng ngon,2026-05-03 02:25:01.300168
1069,65,1,4,Hơi ít so với hình nhưng ngon,2026-04-21 10:58:01.300168
1070,51,1,4,"Ăn vừa vị, giá cả hợp lý",2026-04-25 23:04:01.300168
1071,96,6,3,"Giao siêu nhanh, shipper dễ thương",2026-05-16 20:57:01.300168
1072,45,2,5,"Ăn vừa vị, giá cả hợp lý",2026-05-11 11:32:01.300168
1073,20,7,5,"Giao siêu nhanh, shipper dễ thương",2026-05-04 08:15:01.300168
1074,62,2,5,"Giao siêu nhanh, shipper dễ thương",2026-04-28 02:27:01.300168
1075,33,7,5,"Giao siêu nhanh, shipper dễ thương",2026-05-13 07:14:01.300168
1076,66,7,5,Hơi ít so với hình nhưng ngon,2026-05-05 01:04:01.300168
1077,79,10,3,"Giao siêu nhanh, shipper dễ thương",2026-05-11 16:31:01.300168
1078,88,8,5,Hơi ít so với hình nhưng ngon,2026-04-24 00:22:01.300168
1079,17,8,5,"Giao siêu nhanh, shipper dễ thương",2026-05-12 19:32:01.300168
1080,77,3,5,Hơi ít so với hình nhưng ngon,2026-04-21 08:09:01.300168
1081,62,6,3,Đóng gói cẩn thận sạch sẽ,2026-05-15 03:05:01.300168
1082,92,2,4,Đóng gói cẩn thận sạch sẽ,2026-05-15 00:37:01.300168
1083,69,3,4,Hơi ít so với hình nhưng ngon,2026-05-13 00:41:01.300168
1084,40,7,4,Đồ ăn nóng hổi ngon miệng,2026-05-06 17:21:01.300168
1085,30,2,5,Đồ ăn nóng hổi ngon miệng,2026-05-03 11:41:01.300168
1086,68,6,4,Đóng gói cẩn thận sạch sẽ,2026-05-04 14:44:01.300168
1087,41,5,4,Đồ ăn nóng hổi ngon miệng,2026-04-28 15:08:01.300168
1088,58,9,3,"Ăn vừa vị, giá cả hợp lý",2026-05-14 15:40:01.300168
1089,71,2,5,Đóng gói cẩn thận sạch sẽ,2026-04-24 22:59:01.300168
1090,17,6,4,"Ăn vừa vị, giá cả hợp lý",2026-04-23 05:34:01.300168
1091,26,10,4,Đồ ăn nóng hổi ngon miệng,2026-05-18 08:05:01.300168
1092,93,6,5,"Giao siêu nhanh, shipper dễ thương",2026-04-28 07:00:01.300168
1093,71,3,5,Đồ ăn nóng hổi ngon miệng,2026-05-16 06:46:01.300168
1094,92,8,3,"Giao siêu nhanh, shipper dễ thương",2026-05-11 01:26:01.300168
1095,64,2,4,Hơi ít so với hình nhưng ngon,2026-05-09 18:54:01.300168
1096,12,7,3,"Giao siêu nhanh, shipper dễ thương",2026-05-06 17:18:01.300168
1097,45,1,3,"Giao siêu nhanh, shipper dễ thương",2026-04-27 13:40:01.300168
1098,72,8,4,"Giao siêu nhanh, shipper dễ thương",2026-05-01 10:49:01.300168
1099,59,10,4,Đồ ăn nóng hổi ngon miệng,2026-05-11 14:49:01.300168
1100,55,3,5,Hơi ít so với hình nhưng ngon,2026-05-11 10:17:01.300168
1101,97,7,4,Đồ ăn nóng hổi ngon miệng,2026-04-27 22:02:01.300168
1102,24,9,5,"Ăn vừa vị, giá cả hợp lý",2026-04-21 05:22:01.300168
1103,16,2,3,"Giao siêu nhanh, shipper dễ thương",2026-05-08 22:02:01.300168
1104,11,1,5,Hơi ít so với hình nhưng ngon,2026-04-24 10:47:01.300168
1105,8,5,5,Hơi ít so với hình nhưng ngon,2026-05-02 22:33:01.300168
1106,15,5,4,Đồ ăn nóng hổi ngon miệng,2026-05-11 15:24:01.300168
1107,67,7,4,"Ăn vừa vị, giá cả hợp lý",2026-04-20 12:35:01.300168
1108,51,10,5,Hơi ít so với hình nhưng ngon,2026-04-29 17:05:01.300168
1109,85,2,5,Hơi ít so với hình nhưng ngon,2026-05-11 10:40:01.300168
1110,95,1,5,Đóng gói cẩn thận sạch sẽ,2026-05-04 19:27:01.300168
1111,57,8,5,"Giao siêu nhanh, shipper dễ thương",2026-04-26 14:44:01.300168
1112,37,10,4,Hơi ít so với hình nhưng ngon,2026-05-01 00:36:01.300168
1113,14,6,5,"Giao siêu nhanh, shipper dễ thương",2026-05-06 06:07:01.300168
1114,72,7,5,"Giao siêu nhanh, shipper dễ thương",2026-04-20 11:27:01.300168
1115,96,5,3,"Ăn vừa vị, giá cả hợp lý",2026-04-25 00:53:01.300168
1116,96,8,4,Đóng gói cẩn thận sạch sẽ,2026-05-18 11:55:01.300168
1117,40,8,5,"Giao siêu nhanh, shipper dễ thương",2026-04-23 11:25:01.300168
1118,66,6,5,Đóng gói cẩn thận sạch sẽ,2026-05-14 14:47:01.300168
1119,37,2,4,Hơi ít so với hình nhưng ngon,2026-05-01 01:53:01.300168
1120,44,5,4,Đồ ăn nóng hổi ngon miệng,2026-05-07 06:51:01.300168
1121,85,2,4,"Ăn vừa vị, giá cả hợp lý",2026-05-02 10:53:01.300168
1122,99,8,5,Đóng gói cẩn thận sạch sẽ,2026-04-29 08:12:01.300168
1123,75,5,4,"Ăn vừa vị, giá cả hợp lý",2026-04-22 12:17:01.300168
1124,12,9,3,"Giao siêu nhanh, shipper dễ thương",2026-04-25 14:30:01.300168
1125,85,7,3,"Ăn vừa vị, giá cả hợp lý",2026-05-03 08:43:01.300168
1126,54,3,4,Đồ ăn nóng hổi ngon miệng,2026-05-02 22:09:01.300168
1127,68,5,5,"Ăn vừa vị, giá cả hợp lý",2026-05-12 07:08:01.300168
1128,65,5,5,Đồ ăn nóng hổi ngon miệng,2026-04-23 02:50:01.300168
1129,77,2,4,Hơi ít so với hình nhưng ngon,2026-04-28 14:48:01.300168
1130,18,7,5,"Giao siêu nhanh, shipper dễ thương",2026-05-01 17:22:01.300168
1131,80,9,5,"Giao siêu nhanh, shipper dễ thương",2026-05-07 10:03:01.300168
1132,20,7,5,Đóng gói cẩn thận sạch sẽ,2026-05-03 08:17:01.300168
1133,24,2,4,"Ăn vừa vị, giá cả hợp lý",2026-04-20 08:18:01.300168
1134,28,9,4,Hơi ít so với hình nhưng ngon,2026-05-08 13:56:01.300168
1135,25,9,4,Đồ ăn nóng hổi ngon miệng,2026-04-30 16:44:01.300168
1136,43,4,3,Đồ ăn nóng hổi ngon miệng,2026-05-10 10:04:01.300168
1137,51,2,4,"Giao siêu nhanh, shipper dễ thương",2026-05-05 21:32:01.300168
1138,84,6,3,"Ăn vừa vị, giá cả hợp lý",2026-04-23 15:42:01.300168
1139,69,9,4,Đồ ăn nóng hổi ngon miệng,2026-05-18 08:02:01.300168
1140,20,6,5,"Giao siêu nhanh, shipper dễ thương",2026-05-09 07:33:01.300168
1141,5,5,3,Đóng gói cẩn thận sạch sẽ,2026-05-05 06:32:01.300168
1142,92,2,4,Đồ ăn nóng hổi ngon miệng,2026-05-03 07:11:01.300168
1143,43,9,3,Đóng gói cẩn thận sạch sẽ,2026-05-18 04:38:01.300168
1144,86,3,4,Đồ ăn nóng hổi ngon miệng,2026-05-15 17:21:01.300168
1145,8,3,5,Đóng gói cẩn thận sạch sẽ,2026-05-09 18:51:01.300168
1146,47,8,4,Đóng gói cẩn thận sạch sẽ,2026-05-19 01:16:01.300168
1147,53,7,5,"Giao siêu nhanh, shipper dễ thương",2026-04-22 02:41:01.300168
1148,60,6,5,Đóng gói cẩn thận sạch sẽ,2026-05-02 15:43:01.300168
1149,14,10,5,"Giao siêu nhanh, shipper dễ thương",2026-04-20 18:22:01.300168
1150,8,2,5,"Giao siêu nhanh, shipper dễ thương",2026-05-02 13:49:01.300168
1151,67,6,4,Hơi ít so với hình nhưng ngon,2026-04-22 00:42:01.300168
1152,20,2,5,Hơi ít so với hình nhưng ngon,2026-05-10 13:45:01.300168
1153,48,6,5,"Giao siêu nhanh, shipper dễ thương",2026-05-01 19:11:01.300168
1154,19,10,4,Đồ ăn nóng hổi ngon miệng,2026-05-04 17:35:01.300168
1155,29,3,4,Đóng gói cẩn thận sạch sẽ,2026-05-03 18:14:01.300168
1156,47,4,4,"Ăn vừa vị, giá cả hợp lý",2026-05-11 23:29:01.300168
1157,51,7,3,Đồ ăn nóng hổi ngon miệng,2026-05-05 09:15:01.300168
1158,93,7,3,Đóng gói cẩn thận sạch sẽ,2026-05-13 20:24:01.300168
1159,69,6,5,Đóng gói cẩn thận sạch sẽ,2026-04-20 11:27:01.300168
1160,10,7,5,Đồ ăn nóng hổi ngon miệng,2026-05-18 00:09:01.300168
1161,90,1,5,"Ăn vừa vị, giá cả hợp lý",2026-05-04 18:51:01.300168
1162,57,1,4,Đóng gói cẩn thận sạch sẽ,2026-04-20 08:07:01.300168
1163,47,8,4,Hơi ít so với hình nhưng ngon,2026-05-11 09:07:01.300168
1164,22,6,4,Đồ ăn nóng hổi ngon miệng,2026-05-09 18:15:01.300168
1165,2,9,5,"Giao siêu nhanh, shipper dễ thương",2026-04-28 02:11:01.300168
1166,14,9,4,Đồ ăn nóng hổi ngon miệng,2026-04-22 18:11:01.300168
1167,71,6,3,Hơi ít so với hình nhưng ngon,2026-05-05 05:10:01.300168
1168,100,3,4,Đóng gói cẩn thận sạch sẽ,2026-05-16 10:44:01.300168
1169,35,9,4,Hơi ít so với hình nhưng ngon,2026-04-28 12:12:01.300168
1170,100,10,3,Đóng gói cẩn thận sạch sẽ,2026-04-20 19:41:01.300168
1171,52,10,4,"Ăn vừa vị, giá cả hợp lý",2026-05-04 09:03:01.300168
1172,82,2,5,Đóng gói cẩn thận sạch sẽ,2026-04-24 11:35:01.300168
1173,26,1,3,Hơi ít so với hình nhưng ngon,2026-04-26 04:25:01.300168
1174,4,8,3,"Ăn vừa vị, giá cả hợp lý",2026-04-25 19:39:01.300168
1175,95,7,4,"Ăn vừa vị, giá cả hợp lý",2026-04-21 17:52:01.300168
1176,56,5,4,Đóng gói cẩn thận sạch sẽ,2026-05-18 08:40:01.300168
1177,67,9,5,"Giao siêu nhanh, shipper dễ thương",2026-05-05 16:07:01.300168
1178,85,10,5,"Giao siêu nhanh, shipper dễ thương",2026-05-16 20:45:01.300168
1179,11,4,5,"Ăn vừa vị, giá cả hợp lý",2026-04-30 22:29:01.300168
1180,39,4,3,"Ăn vừa vị, giá cả hợp lý",2026-05-05 01:29:01.300168
1181,78,7,5,"Giao siêu nhanh, shipper dễ thương",2026-05-08 20:01:01.300168
1182,79,10,5,"Giao siêu nhanh, shipper dễ thương",2026-05-03 08:07:01.300168
1183,3,5,5,Đóng gói cẩn thận sạch sẽ,2026-05-13 13:55:01.300168
1184,16,3,4,Đồ ăn nóng hổi ngon miệng,2026-05-11 13:48:01.300168
1185,99,7,3,Đồ ăn nóng hổi ngon miệng,2026-05-19 02:42:01.300168
1186,46,8,3,"Giao siêu nhanh, shipper dễ thương",2026-05-08 00:42:01.300168
1187,10,7,5,Đóng gói cẩn thận sạch sẽ,2026-05-07 11:24:01.300168
1188,85,9,5,Đóng gói cẩn thận sạch sẽ,2026-05-02 02:55:01.300168
1189,79,8,4,Đóng gói cẩn thận sạch sẽ,2026-05-13 13:39:01.300168
1190,41,9,4,"Giao siêu nhanh, shipper dễ thương",2026-04-27 18:39:01.300168
1191,52,4,5,Đóng gói cẩn thận sạch sẽ,2026-05-16 07:30:01.300168
1192,24,8,5,Đóng gói cẩn thận sạch sẽ,2026-05-05 16:58:01.300168
1193,86,7,4,Đóng gói cẩn thận sạch sẽ,2026-04-26 17:41:01.300168
1194,11,3,4,Đóng gói cẩn thận sạch sẽ,2026-05-14 08:51:01.300168
1195,98,1,5,Đóng gói cẩn thận sạch sẽ,2026-04-29 15:55:01.300168
1196,64,9,5,Đồ ăn nóng hổi ngon miệng,2026-05-12 21:20:01.300168
1197,77,2,4,Hơi ít so với hình nhưng ngon,2026-04-26 21:34:01.300168
1198,42,5,4,"Ăn vừa vị, giá cả hợp lý",2026-05-10 08:04:01.300168
1199,41,9,4,"Giao siêu nhanh, shipper dễ thương",2026-04-26 06:54:01.300168
1200,89,9,4,"Ăn vừa vị, giá cả hợp lý",2026-04-26 17:28:01.300168
1201,44,2,4,Đóng gói cẩn thận sạch sẽ,2026-05-07 12:28:01.300168
1202,23,5,4,"Giao siêu nhanh, shipper dễ thương",2026-04-30 23:44:01.300168
1203,79,6,5,Đồ ăn nóng hổi ngon miệng,2026-05-14 11:36:01.300168
1204,27,5,3,Đóng gói cẩn thận sạch sẽ,2026-04-20 20:37:01.300168
1205,12,2,4,"Giao siêu nhanh, shipper dễ thương",2026-05-11 14:17:01.300168
1206,71,9,3,"Ăn vừa vị, giá cả hợp lý",2026-05-14 02:01:01.300168
1207,91,2,3,Hơi ít so với hình nhưng ngon,2026-05-13 17:59:01.300168
1208,47,1,4,Đồ ăn nóng hổi ngon miệng,2026-04-24 20:11:01.300168
1209,80,8,3,Hơi ít so với hình nhưng ngon,2026-04-28 11:58:01.300168
1210,69,3,4,"Ăn vừa vị, giá cả hợp lý",2026-05-19 09:49:01.300168
1211,31,7,4,Đồ ăn nóng hổi ngon miệng,2026-04-28 01:51:01.300168
1212,15,6,5,"Giao siêu nhanh, shipper dễ thương",2026-05-05 19:19:01.300168
1213,63,7,5,"Ăn vừa vị, giá cả hợp lý",2026-05-05 12:01:01.300168
1214,91,5,3,Hơi ít so với hình nhưng ngon,2026-05-04 15:42:01.300168
1215,54,1,4,"Ăn vừa vị, giá cả hợp lý",2026-05-16 03:18:01.300168
1216,60,3,5,"Ăn vừa vị, giá cả hợp lý",2026-05-08 23:32:01.300168
1217,46,2,3,"Giao siêu nhanh, shipper dễ thương",2026-04-22 18:38:01.300168
1218,69,8,3,Đồ ăn nóng hổi ngon miệng,2026-05-16 11:48:01.300168
1219,36,7,4,"Giao siêu nhanh, shipper dễ thương",2026-05-07 15:22:01.300168
1220,20,2,5,Đóng gói cẩn thận sạch sẽ,2026-04-28 00:43:01.300168
1221,53,2,4,"Ăn vừa vị, giá cả hợp lý",2026-05-11 20:07:01.300168
1222,56,1,4,Đóng gói cẩn thận sạch sẽ,2026-05-07 16:45:01.300168
1223,46,10,4,Đóng gói cẩn thận sạch sẽ,2026-04-27 17:23:01.300168
1224,8,5,3,Đồ ăn nóng hổi ngon miệng,2026-05-02 19:19:01.300168
1225,63,5,3,Hơi ít so với hình nhưng ngon,2026-04-23 14:12:01.300168
1226,20,4,4,Đồ ăn nóng hổi ngon miệng,2026-05-13 07:17:01.300168
1227,83,3,5,Đóng gói cẩn thận sạch sẽ,2026-05-14 06:26:01.300168
1228,4,10,4,Hơi ít so với hình nhưng ngon,2026-04-27 04:49:01.300168
1229,79,6,4,"Ăn vừa vị, giá cả hợp lý",2026-04-29 18:29:01.300168
1230,70,7,4,"Giao siêu nhanh, shipper dễ thương",2026-04-23 11:55:01.300168
1231,36,6,5,Đồ ăn nóng hổi ngon miệng,2026-04-23 22:48:01.300168
1232,61,2,5,Đóng gói cẩn thận sạch sẽ,2026-05-18 13:43:01.300168
1233,65,9,5,"Giao siêu nhanh, shipper dễ thương",2026-04-22 18:58:01.300168
1234,81,8,4,Đồ ăn nóng hổi ngon miệng,2026-04-29 23:07:01.300168
1235,94,10,3,Hơi ít so với hình nhưng ngon,2026-05-07 11:10:01.300168
1236,53,6,4,Đồ ăn nóng hổi ngon miệng,2026-05-05 17:44:01.300168
1237,78,3,5,"Giao siêu nhanh, shipper dễ thương",2026-05-09 04:50:01.300168
1238,12,7,5,Đồ ăn nóng hổi ngon miệng,2026-05-07 22:23:01.300168
1239,85,10,4,Hơi ít so với hình nhưng ngon,2026-04-20 06:05:01.300168
1240,39,10,4,Hơi ít so với hình nhưng ngon,2026-05-19 03:59:01.300168
1241,73,10,5,"Giao siêu nhanh, shipper dễ thương",2026-05-04 22:47:01.300168
1242,23,2,3,Đồ ăn nóng hổi ngon miệng,2026-05-15 10:12:01.300168
1243,46,8,4,Đồ ăn nóng hổi ngon miệng,2026-05-16 03:07:01.300168
1244,40,7,5,Đồ ăn nóng hổi ngon miệng,2026-05-11 05:57:01.300168
1245,13,10,5,"Ăn vừa vị, giá cả hợp lý",2026-05-12 04:35:01.300168
1246,29,6,5,"Giao siêu nhanh, shipper dễ thương",2026-04-21 03:08:01.300168
1247,19,7,4,Hơi ít so với hình nhưng ngon,2026-05-19 05:27:01.300168
1248,21,6,4,Hơi ít so với hình nhưng ngon,2026-05-02 03:06:01.300168
1249,19,5,4,Đồ ăn nóng hổi ngon miệng,2026-05-08 13:12:01.300168
1250,78,2,3,Hơi ít so với hình nhưng ngon,2026-05-14 03:58:01.300168
1251,23,3,4,Hơi ít so với hình nhưng ngon,2026-05-18 08:13:01.300168
1252,35,7,4,Đóng gói cẩn thận sạch sẽ,2026-05-16 18:16:01.300168
1253,68,5,4,Đóng gói cẩn thận sạch sẽ,2026-05-10 05:21:01.300168
1254,78,4,4,"Ăn vừa vị, giá cả hợp lý",2026-04-27 20:30:01.300168
1255,51,10,4,Đồ ăn nóng hổi ngon miệng,2026-05-05 21:59:01.300168
1256,52,8,4,Hơi ít so với hình nhưng ngon,2026-04-20 12:26:01.300168
1257,76,1,4,Đóng gói cẩn thận sạch sẽ,2026-05-07 03:42:01.300168
1258,2,1,4,Hơi ít so với hình nhưng ngon,2026-05-13 01:00:01.300168
1259,14,7,4,Đóng gói cẩn thận sạch sẽ,2026-05-16 23:16:01.300168
1260,2,6,4,Đóng gói cẩn thận sạch sẽ,2026-05-17 16:19:01.300168
1261,33,3,3,Đóng gói cẩn thận sạch sẽ,2026-04-30 06:21:01.300168
1262,88,9,4,Đóng gói cẩn thận sạch sẽ,2026-04-22 22:27:01.300168
1263,97,6,4,Đồ ăn nóng hổi ngon miệng,2026-05-08 01:23:01.300168
1264,36,8,3,Đóng gói cẩn thận sạch sẽ,2026-05-02 07:46:01.300168
1265,89,4,3,Đồ ăn nóng hổi ngon miệng,2026-05-19 10:03:01.300168
1266,70,2,4,Đóng gói cẩn thận sạch sẽ,2026-04-29 23:43:01.300168
1267,6,5,4,Hơi ít so với hình nhưng ngon,2026-04-27 21:55:01.300168
1268,74,1,4,"Ăn vừa vị, giá cả hợp lý",2026-04-25 05:45:01.300168
1269,12,4,3,Hơi ít so với hình nhưng ngon,2026-04-30 20:51:01.300168
1270,92,6,3,"Giao siêu nhanh, shipper dễ thương",2026-05-17 08:38:01.300168
1271,100,8,4,"Giao siêu nhanh, shipper dễ thương",2026-05-01 17:49:01.300168
1272,56,4,4,Đồ ăn nóng hổi ngon miệng,2026-04-30 20:22:01.300168
1273,13,5,5,Đồ ăn nóng hổi ngon miệng,2026-05-16 04:46:01.300168
1274,73,8,4,"Ăn vừa vị, giá cả hợp lý",2026-05-07 17:29:01.300168
1275,73,10,5,Hơi ít so với hình nhưng ngon,2026-05-13 02:08:01.300168
1276,75,4,5,Đồ ăn nóng hổi ngon miệng,2026-04-29 21:05:01.300168
1277,30,1,5,Hơi ít so với hình nhưng ngon,2026-05-19 16:38:01.300168
1278,22,1,5,"Giao siêu nhanh, shipper dễ thương",2026-05-12 03:18:01.300168
1279,59,2,5,Đóng gói cẩn thận sạch sẽ,2026-05-09 21:53:01.300168
1280,83,1,5,Hơi ít so với hình nhưng ngon,2026-05-19 18:55:01.300168
1281,61,3,4,"Ăn vừa vị, giá cả hợp lý",2026-05-07 17:48:01.300168
1282,36,10,4,Đồ ăn nóng hổi ngon miệng,2026-05-10 00:22:01.300168
1283,71,4,5,"Ăn vừa vị, giá cả hợp lý",2026-05-09 00:04:01.300168
1284,4,5,5,"Giao siêu nhanh, shipper dễ thương",2026-04-27 18:21:01.300168
1285,34,8,4,Hơi ít so với hình nhưng ngon,2026-05-14 16:21:01.300168
1286,99,6,4,"Ăn vừa vị, giá cả hợp lý",2026-05-08 07:58:01.300168
1287,64,10,3,"Ăn vừa vị, giá cả hợp lý",2026-05-14 17:37:01.300168
1288,24,7,4,Đóng gói cẩn thận sạch sẽ,2026-04-21 18:47:01.300168
1289,7,5,5,Đóng gói cẩn thận sạch sẽ,2026-05-16 11:16:01.300168
1290,30,9,5,Đồ ăn nóng hổi ngon miệng,2026-05-08 01:35:01.300168
1291,92,2,4,Đồ ăn nóng hổi ngon miệng,2026-05-16 06:44:01.300168
1292,43,4,5,Đồ ăn nóng hổi ngon miệng,2026-04-26 02:27:01.300168
1293,11,10,4,Đóng gói cẩn thận sạch sẽ,2026-04-28 02:29:01.300168
1294,67,8,4,"Giao siêu nhanh, shipper dễ thương",2026-05-01 12:43:01.300168
1295,6,8,3,"Ăn vừa vị, giá cả hợp lý",2026-04-24 00:15:01.300168
1296,41,4,5,Đóng gói cẩn thận sạch sẽ,2026-05-06 20:13:01.300168
1297,39,7,4,Hơi ít so với hình nhưng ngon,2026-05-04 01:43:01.300168
1298,78,9,4,"Ăn vừa vị, giá cả hợp lý",2026-05-16 06:06:01.300168
1299,54,1,5,Đồ ăn nóng hổi ngon miệng,2026-05-05 16:56:01.300168
1300,51,10,4,Hơi ít so với hình nhưng ngon,2026-05-13 07:55:01.300168
1301,28,2,4,Đóng gói cẩn thận sạch sẽ,2026-04-30 18:35:01.300168
1302,12,3,4,Đóng gói cẩn thận sạch sẽ,2026-05-06 23:39:01.300168
1303,9,7,5,"Giao siêu nhanh, shipper dễ thương",2026-05-14 19:57:01.300168
1304,96,1,4,Hơi ít so với hình nhưng ngon,2026-04-27 17:43:01.300168
1305,20,2,5,Đồ ăn nóng hổi ngon miệng,2026-05-03 04:44:01.300168
1306,51,1,5,"Ăn vừa vị, giá cả hợp lý",2026-05-18 22:30:01.300168
1307,10,1,3,Đồ ăn nóng hổi ngon miệng,2026-04-30 08:15:01.300168
1308,100,9,4,Đóng gói cẩn thận sạch sẽ,2026-04-23 23:11:01.300168
1309,2,7,5,Hơi ít so với hình nhưng ngon,2026-05-10 20:26:01.300168
1310,30,2,5,Đóng gói cẩn thận sạch sẽ,2026-04-25 05:21:01.300168
1311,2,9,3,"Ăn vừa vị, giá cả hợp lý",2026-05-13 05:36:01.300168
1312,17,7,5,Hơi ít so với hình nhưng ngon,2026-04-30 00:22:01.300168
1313,93,4,4,"Giao siêu nhanh, shipper dễ thương",2026-04-24 23:42:01.300168
1314,21,4,5,Đóng gói cẩn thận sạch sẽ,2026-05-03 10:08:01.300168
1315,30,9,5,Đồ ăn nóng hổi ngon miệng,2026-05-02 10:18:01.300168
1316,36,6,5,Đồ ăn nóng hổi ngon miệng,2026-04-30 20:12:01.300168
1317,58,7,3,Hơi ít so với hình nhưng ngon,2026-04-29 12:10:01.300168
1318,4,6,5,Đóng gói cẩn thận sạch sẽ,2026-04-23 00:06:01.300168
1319,24,6,5,Hơi ít so với hình nhưng ngon,2026-05-15 16:53:01.300168
1320,9,2,5,Đóng gói cẩn thận sạch sẽ,2026-04-23 14:34:01.300168
1321,98,6,5,"Giao siêu nhanh, shipper dễ thương",2026-05-17 11:58:01.300168
1322,1,8,4,"Giao siêu nhanh, shipper dễ thương",2026-04-24 06:16:01.300168
1323,72,4,5,"Giao siêu nhanh, shipper dễ thương",2026-05-01 16:33:01.300168
1324,45,9,4,Hơi ít so với hình nhưng ngon,2026-05-01 21:45:01.300168
1325,57,7,4,Đóng gói cẩn thận sạch sẽ,2026-05-16 12:27:01.300168
1326,19,4,3,Đồ ăn nóng hổi ngon miệng,2026-04-29 20:23:01.300168
1327,19,9,5,Đóng gói cẩn thận sạch sẽ,2026-05-01 16:54:01.300168
1328,34,5,4,Đồ ăn nóng hổi ngon miệng,2026-04-29 05:55:01.300168
1329,48,1,4,"Ăn vừa vị, giá cả hợp lý",2026-04-27 18:46:01.300168
1330,42,2,4,Đóng gói cẩn thận sạch sẽ,2026-04-23 01:42:01.300168
1331,26,8,4,"Giao siêu nhanh, shipper dễ thương",2026-05-07 13:58:01.300168
1332,73,1,5,"Giao siêu nhanh, shipper dễ thương",2026-05-06 07:40:01.300168
1333,42,9,5,"Giao siêu nhanh, shipper dễ thương",2026-04-30 17:51:01.300168
1334,20,7,4,Đồ ăn nóng hổi ngon miệng,2026-05-03 10:44:01.300168
1335,2,2,4,"Giao siêu nhanh, shipper dễ thương",2026-05-09 05:36:01.300168
1336,68,4,4,"Giao siêu nhanh, shipper dễ thương",2026-05-14 07:05:01.300168
1337,90,6,4,Đồ ăn nóng hổi ngon miệng,2026-05-08 21:08:01.300168
1338,55,1,4,Hơi ít so với hình nhưng ngon,2026-05-04 03:38:01.300168
1339,82,4,5,Đóng gói cẩn thận sạch sẽ,2026-05-10 13:24:01.300168
1340,65,10,4,Hơi ít so với hình nhưng ngon,2026-05-02 14:42:01.300168
1341,69,6,5,"Giao siêu nhanh, shipper dễ thương",2026-04-23 05:58:01.300168
1342,65,4,4,"Giao siêu nhanh, shipper dễ thương",2026-04-23 16:37:01.300168
1343,64,1,4,"Giao siêu nhanh, shipper dễ thương",2026-04-28 21:36:01.300168
1344,89,1,4,Đóng gói cẩn thận sạch sẽ,2026-05-01 21:34:01.300168
1345,65,2,5,"Ăn vừa vị, giá cả hợp lý",2026-05-09 01:34:01.300168
1346,60,9,3,"Giao siêu nhanh, shipper dễ thương",2026-05-15 18:22:01.300168
1347,14,5,3,Đóng gói cẩn thận sạch sẽ,2026-04-27 17:08:01.300168
1348,90,8,3,"Giao siêu nhanh, shipper dễ thương",2026-05-16 17:23:01.300168
1349,65,2,3,"Ăn vừa vị, giá cả hợp lý",2026-05-05 16:56:01.300168
1350,12,7,3,"Giao siêu nhanh, shipper dễ thương",2026-05-03 07:23:01.300168
1351,13,4,3,Đóng gói cẩn thận sạch sẽ,2026-04-30 21:26:01.300168
1352,11,3,4,"Giao siêu nhanh, shipper dễ thương",2026-05-05 02:53:01.300168
1353,41,1,4,Đóng gói cẩn thận sạch sẽ,2026-05-14 17:05:01.300168
1354,34,8,4,Hơi ít so với hình nhưng ngon,2026-05-14 04:28:01.300168
1355,14,7,5,"Ăn vừa vị, giá cả hợp lý",2026-05-12 06:56:01.300168
1356,31,8,4,"Ăn vừa vị, giá cả hợp lý",2026-05-13 18:53:01.300168
1357,61,2,5,Đóng gói cẩn thận sạch sẽ,2026-04-20 05:00:01.300168
1358,39,3,3,Đồ ăn nóng hổi ngon miệng,2026-04-27 06:50:01.300168
1359,48,9,3,Hơi ít so với hình nhưng ngon,2026-05-07 23:36:01.300168
1360,40,7,4,Hơi ít so với hình nhưng ngon,2026-05-13 11:41:01.300168
1361,24,9,4,"Ăn vừa vị, giá cả hợp lý",2026-05-08 15:43:01.300168
1362,8,6,4,Đóng gói cẩn thận sạch sẽ,2026-04-29 12:20:01.300168
1363,62,6,5,Hơi ít so với hình nhưng ngon,2026-04-27 23:16:01.300168
1364,85,9,5,Hơi ít so với hình nhưng ngon,2026-05-05 19:26:01.300168
1365,61,9,4,Đóng gói cẩn thận sạch sẽ,2026-05-05 13:49:01.300168
1366,57,2,4,Đóng gói cẩn thận sạch sẽ,2026-05-12 20:21:01.300168
1367,25,1,4,"Giao siêu nhanh, shipper dễ thương",2026-05-11 14:29:01.300168
1368,13,7,3,"Ăn vừa vị, giá cả hợp lý",2026-04-21 11:29:01.300168
1369,38,5,5,Hơi ít so với hình nhưng ngon,2026-05-10 12:59:01.300168
1370,50,1,3,"Ăn vừa vị, giá cả hợp lý",2026-04-22 01:12:01.300168
1371,37,10,5,Hơi ít so với hình nhưng ngon,2026-04-30 11:41:01.300168
1372,59,4,5,"Ăn vừa vị, giá cả hợp lý",2026-05-10 05:34:01.300168
1373,83,2,3,Đóng gói cẩn thận sạch sẽ,2026-05-14 01:02:01.300168
1374,31,4,3,Hơi ít so với hình nhưng ngon,2026-05-13 18:54:01.300168
1375,52,6,4,Hơi ít so với hình nhưng ngon,2026-04-22 08:39:01.300168
1376,97,4,5,Đóng gói cẩn thận sạch sẽ,2026-05-07 08:18:01.300168
1377,17,9,4,Đồ ăn nóng hổi ngon miệng,2026-05-07 10:21:01.300168
1378,44,8,5,Đồ ăn nóng hổi ngon miệng,2026-05-19 17:31:01.300168
1379,3,9,3,Hơi ít so với hình nhưng ngon,2026-05-08 01:05:01.300168
1380,15,7,5,Đóng gói cẩn thận sạch sẽ,2026-04-27 22:47:01.300168
1381,72,4,4,Đồ ăn nóng hổi ngon miệng,2026-05-16 19:52:01.300168
1382,45,2,5,"Ăn vừa vị, giá cả hợp lý",2026-04-29 05:40:01.300168
1383,72,8,4,Đóng gói cẩn thận sạch sẽ,2026-04-28 09:45:01.300168
1384,70,2,4,Hơi ít so với hình nhưng ngon,2026-05-14 21:57:01.300168
1385,7,7,5,Đóng gói cẩn thận sạch sẽ,2026-04-20 11:45:01.300168
1386,61,5,5,"Giao siêu nhanh, shipper dễ thương",2026-05-16 13:56:01.300168
1387,57,6,4,Đóng gói cẩn thận sạch sẽ,2026-05-13 17:48:01.300168
1388,69,6,5,Hơi ít so với hình nhưng ngon,2026-05-13 02:33:01.300168
1389,88,5,3,Đồ ăn nóng hổi ngon miệng,2026-05-16 19:25:01.300168
1390,84,2,5,Đồ ăn nóng hổi ngon miệng,2026-05-02 02:11:01.300168
1391,35,7,4,Đóng gói cẩn thận sạch sẽ,2026-05-15 05:48:01.300168
1392,14,8,5,Đồ ăn nóng hổi ngon miệng,2026-05-10 23:23:01.300168
1393,79,10,4,Đóng gói cẩn thận sạch sẽ,2026-05-11 15:28:01.300168
1394,97,7,5,"Giao siêu nhanh, shipper dễ thương",2026-05-06 18:38:01.300168
1395,48,2,5,"Ăn vừa vị, giá cả hợp lý",2026-05-17 18:35:01.300168
1396,35,9,4,"Ăn vừa vị, giá cả hợp lý",2026-05-04 23:35:01.300168
1397,68,2,3,"Ăn vừa vị, giá cả hợp lý",2026-05-12 16:10:01.300168
1398,60,7,5,Hơi ít so với hình nhưng ngon,2026-05-16 14:25:01.300168
1399,57,2,4,"Giao siêu nhanh, shipper dễ thương",2026-05-01 06:33:01.300168
1400,52,4,3,Đồ ăn nóng hổi ngon miệng,2026-05-15 19:08:01.300168
1401,79,5,4,"Giao siêu nhanh, shipper dễ thương",2026-04-20 21:56:01.300168
1402,25,4,4,"Giao siêu nhanh, shipper dễ thương",2026-04-23 03:21:01.300168
1403,79,4,4,"Giao siêu nhanh, shipper dễ thương",2026-04-21 17:46:01.300168
1404,100,4,4,"Ăn vừa vị, giá cả hợp lý",2026-04-23 00:22:01.300168
1405,38,6,5,"Ăn vừa vị, giá cả hợp lý",2026-05-19 11:52:01.300168
1406,25,2,4,Đồ ăn nóng hổi ngon miệng,2026-05-19 16:12:01.300168
1407,16,9,4,"Ăn vừa vị, giá cả hợp lý",2026-04-28 19:38:01.300168
1408,68,3,5,Hơi ít so với hình nhưng ngon,2026-05-04 19:25:01.300168
1409,15,1,4,Hơi ít so với hình nhưng ngon,2026-05-06 20:45:01.300168
1410,8,10,4,Đóng gói cẩn thận sạch sẽ,2026-05-05 08:24:01.300168
1411,97,6,5,"Ăn vừa vị, giá cả hợp lý",2026-05-15 15:06:01.300168
1412,54,10,5,"Ăn vừa vị, giá cả hợp lý",2026-05-08 08:20:01.300168
1413,24,1,5,"Giao siêu nhanh, shipper dễ thương",2026-05-15 06:40:01.300168
1414,30,5,5,Hơi ít so với hình nhưng ngon,2026-04-28 13:48:01.300168
1415,9,5,4,"Ăn vừa vị, giá cả hợp lý",2026-04-24 12:52:01.300168
1416,78,7,4,Đồ ăn nóng hổi ngon miệng,2026-05-11 13:38:01.300168
1417,39,9,4,Đóng gói cẩn thận sạch sẽ,2026-05-09 15:46:01.300168
1418,59,6,3,"Ăn vừa vị, giá cả hợp lý",2026-05-18 15:47:01.300168
1419,50,6,5,Đóng gói cẩn thận sạch sẽ,2026-05-11 12:14:01.300168
1420,30,1,4,Đóng gói cẩn thận sạch sẽ,2026-05-13 02:21:01.300168
1421,31,4,5,Đóng gói cẩn thận sạch sẽ,2026-04-25 20:53:01.300168
1422,90,5,4,Đóng gói cẩn thận sạch sẽ,2026-04-24 16:01:01.300168
1423,57,7,4,Hơi ít so với hình nhưng ngon,2026-04-21 00:39:01.300168
1424,55,1,4,"Ăn vừa vị, giá cả hợp lý",2026-05-09 04:30:01.300168
1425,99,10,5,Đóng gói cẩn thận sạch sẽ,2026-05-19 14:04:01.300168
1426,48,10,3,Đóng gói cẩn thận sạch sẽ,2026-05-11 21:06:01.300168
1427,15,1,4,Hơi ít so với hình nhưng ngon,2026-04-27 13:00:01.300168
1428,58,10,5,"Ăn vừa vị, giá cả hợp lý",2026-05-08 13:04:01.300168
1429,71,6,5,"Ăn vừa vị, giá cả hợp lý",2026-04-23 23:27:01.300168
1430,69,4,4,Đóng gói cẩn thận sạch sẽ,2026-05-17 13:36:01.300168
1431,56,1,3,Đồ ăn nóng hổi ngon miệng,2026-04-22 15:51:01.300168
1432,54,2,3,Đồ ăn nóng hổi ngon miệng,2026-04-22 08:28:01.300168
1433,65,6,5,"Giao siêu nhanh, shipper dễ thương",2026-05-06 15:05:01.300168
1434,5,5,3,Đồ ăn nóng hổi ngon miệng,2026-05-11 04:50:01.300168
1435,22,8,4,"Giao siêu nhanh, shipper dễ thương",2026-04-29 16:56:01.300168
1436,9,8,5,"Ăn vừa vị, giá cả hợp lý",2026-05-16 00:05:01.300168
1437,45,7,5,Hơi ít so với hình nhưng ngon,2026-05-01 16:13:01.300168
1438,11,5,4,Hơi ít so với hình nhưng ngon,2026-05-05 02:01:01.300168
1439,81,3,5,Hơi ít so với hình nhưng ngon,2026-05-02 14:35:01.300168
1440,48,10,5,Đóng gói cẩn thận sạch sẽ,2026-05-04 09:08:01.300168
1441,10,4,5,"Giao siêu nhanh, shipper dễ thương",2026-05-18 08:42:01.300168
1442,78,6,4,"Giao siêu nhanh, shipper dễ thương",2026-05-04 09:59:01.300168
1443,58,10,3,"Ăn vừa vị, giá cả hợp lý",2026-05-10 23:28:01.300168
1444,29,6,3,Hơi ít so với hình nhưng ngon,2026-05-07 18:28:01.300168
1445,46,3,4,Đóng gói cẩn thận sạch sẽ,2026-05-11 10:38:01.300168
1446,19,1,5,"Giao siêu nhanh, shipper dễ thương",2026-05-04 06:59:01.300168
1447,93,7,3,Đồ ăn nóng hổi ngon miệng,2026-05-10 06:53:01.300168
1448,5,9,3,Đóng gói cẩn thận sạch sẽ,2026-05-16 20:44:01.300168
1449,96,7,4,"Ăn vừa vị, giá cả hợp lý",2026-05-13 02:21:01.300168
1450,42,2,4,"Giao siêu nhanh, shipper dễ thương",2026-05-02 12:35:01.300168
1451,85,1,5,"Giao siêu nhanh, shipper dễ thương",2026-04-22 11:22:01.300168
1452,97,2,4,Đồ ăn nóng hổi ngon miệng,2026-05-10 05:36:01.300168
1453,58,4,5,Hơi ít so với hình nhưng ngon,2026-05-05 09:40:01.300168
1454,82,2,4,"Ăn vừa vị, giá cả hợp lý",2026-04-29 11:57:01.300168
1455,45,6,4,Hơi ít so với hình nhưng ngon,2026-05-14 08:03:01.300168
1456,21,3,4,Đóng gói cẩn thận sạch sẽ,2026-05-09 09:15:01.300168
1457,19,7,5,Đóng gói cẩn thận sạch sẽ,2026-04-23 10:32:01.300168
1458,94,6,4,Đồ ăn nóng hổi ngon miệng,2026-05-10 00:54:01.300168
1459,57,7,4,"Giao siêu nhanh, shipper dễ thương",2026-05-18 16:58:01.300168
1460,96,3,4,Đóng gói cẩn thận sạch sẽ,2026-05-11 13:44:01.300168
1461,69,9,3,"Ăn vừa vị, giá cả hợp lý",2026-04-21 03:18:01.300168
1462,95,9,5,Đóng gói cẩn thận sạch sẽ,2026-05-09 13:13:01.300168
1463,27,6,5,Đồ ăn nóng hổi ngon miệng,2026-04-29 21:24:01.300168
1464,50,3,4,"Giao siêu nhanh, shipper dễ thương",2026-04-25 11:02:01.300168
1465,6,5,5,"Ăn vừa vị, giá cả hợp lý",2026-05-01 01:26:01.300168
1466,64,6,3,Đóng gói cẩn thận sạch sẽ,2026-05-09 13:26:01.300168
1467,19,5,4,"Giao siêu nhanh, shipper dễ thương",2026-05-16 05:57:01.300168
1468,44,1,5,Đồ ăn nóng hổi ngon miệng,2026-04-21 20:13:01.300168
1469,69,5,3,"Ăn vừa vị, giá cả hợp lý",2026-05-01 13:16:01.300168
1470,87,7,5,"Ăn vừa vị, giá cả hợp lý",2026-05-18 11:53:01.300168
1471,55,2,4,"Giao siêu nhanh, shipper dễ thương",2026-05-06 00:46:01.300168
1472,82,10,5,"Giao siêu nhanh, shipper dễ thương",2026-05-05 20:07:01.300168
1473,91,5,4,Đóng gói cẩn thận sạch sẽ,2026-05-05 18:20:01.300168
1474,70,7,5,"Giao siêu nhanh, shipper dễ thương",2026-04-22 08:44:01.300168
1475,19,10,3,Hơi ít so với hình nhưng ngon,2026-05-16 21:52:01.300168
1476,13,2,3,Hơi ít so với hình nhưng ngon,2026-05-07 09:48:01.300168
1477,74,2,4,Hơi ít so với hình nhưng ngon,2026-05-13 16:49:01.300168
1478,48,6,5,Hơi ít so với hình nhưng ngon,2026-05-08 17:42:01.300168
1479,75,1,5,Đóng gói cẩn thận sạch sẽ,2026-04-27 12:16:01.300168
1480,29,4,3,Đóng gói cẩn thận sạch sẽ,2026-04-29 15:39:01.300168
1481,10,8,4,Đồ ăn nóng hổi ngon miệng,2026-05-07 23:14:01.300168
1482,71,2,5,"Giao siêu nhanh, shipper dễ thương",2026-04-22 10:18:01.300168
1483,99,6,4,Hơi ít so với hình nhưng ngon,2026-04-26 02:02:01.300168
1484,70,9,3,Đồ ăn nóng hổi ngon miệng,2026-04-19 18:26:01.300168
1485,54,9,4,"Giao siêu nhanh, shipper dễ thương",2026-05-07 23:58:01.300168
1486,26,7,5,"Ăn vừa vị, giá cả hợp lý",2026-05-18 01:50:01.300168
1487,56,1,4,"Giao siêu nhanh, shipper dễ thương",2026-05-16 20:25:01.300168
1488,17,3,3,Hơi ít so với hình nhưng ngon,2026-05-05 16:45:01.300168
1489,99,3,4,Đồ ăn nóng hổi ngon miệng,2026-04-20 13:35:01.300168
1490,76,10,5,Đóng gói cẩn thận sạch sẽ,2026-05-05 17:30:01.300168
1491,69,10,3,"Giao siêu nhanh, shipper dễ thương",2026-05-09 17:45:01.300168
1492,44,2,3,"Giao siêu nhanh, shipper dễ thương",2026-04-30 14:07:01.300168
1493,42,9,5,Đóng gói cẩn thận sạch sẽ,2026-05-04 13:49:01.300168
1494,40,7,3,Đóng gói cẩn thận sạch sẽ,2026-05-04 10:23:01.300168
1495,51,10,4,Hơi ít so với hình nhưng ngon,2026-04-24 09:33:01.300168
1496,65,7,4,Hơi ít so với hình nhưng ngon,2026-04-26 08:26:01.300168
1497,33,9,4,"Ăn vừa vị, giá cả hợp lý",2026-04-30 08:19:01.300168
1498,52,2,4,Đồ ăn nóng hổi ngon miệng,2026-04-23 09:59:01.300168
1499,89,3,3,"Ăn vừa vị, giá cả hợp lý",2026-05-11 14:48:01.300168
1500,52,8,5,Đóng gói cẩn thận sạch sẽ,2026-04-26 14:59:01.300168
1501,60,5,3,"Ăn vừa vị, giá cả hợp lý",2026-05-05 20:39:01.300168
1502,53,8,4,Đóng gói cẩn thận sạch sẽ,2026-04-26 15:19:01.300168
1503,89,6,4,"Giao siêu nhanh, shipper dễ thương",2026-05-04 19:53:01.300168
1504,93,5,4,Đóng gói cẩn thận sạch sẽ,2026-05-11 03:36:01.300168
1505,58,6,5,"Giao siêu nhanh, shipper dễ thương",2026-05-12 06:43:01.300168
1506,41,5,5,"Giao siêu nhanh, shipper dễ thương",2026-05-13 03:38:01.300168
1507,8,4,5,"Giao siêu nhanh, shipper dễ thương",2026-04-25 17:38:01.300168
1508,70,2,5,"Ăn vừa vị, giá cả hợp lý",2026-05-19 10:24:01.300168
1509,71,3,5,Đồ ăn nóng hổi ngon miệng,2026-05-13 06:52:01.300168
1510,4,1,4,Hơi ít so với hình nhưng ngon,2026-05-02 01:32:01.300168
1511,88,8,3,Đồ ăn nóng hổi ngon miệng,2026-04-20 04:25:01.300168
1512,80,1,4,Đóng gói cẩn thận sạch sẽ,2026-05-12 08:59:01.300168
1513,57,2,5,Đóng gói cẩn thận sạch sẽ,2026-04-20 17:54:01.300168
1514,12,3,3,Hơi ít so với hình nhưng ngon,2026-05-08 08:07:01.300168
1515,19,9,5,Hơi ít so với hình nhưng ngon,2026-05-04 14:51:01.300168
1516,36,9,5,Hơi ít so với hình nhưng ngon,2026-05-04 10:53:01.300168
1517,45,7,5,Đóng gói cẩn thận sạch sẽ,2026-05-05 05:26:01.300168
1518,34,2,4,"Giao siêu nhanh, shipper dễ thương",2026-05-11 06:32:01.300168
1519,5,3,5,Đồ ăn nóng hổi ngon miệng,2026-05-09 19:11:01.300168
1520,11,1,4,"Ăn vừa vị, giá cả hợp lý",2026-04-25 16:05:01.300168
1521,94,10,3,Đồ ăn nóng hổi ngon miệng,2026-05-12 19:46:01.300168
1522,21,9,5,"Giao siêu nhanh, shipper dễ thương",2026-05-11 01:21:01.300168
1523,3,7,5,Hơi ít so với hình nhưng ngon,2026-04-23 18:55:01.300168
1524,82,1,4,"Giao siêu nhanh, shipper dễ thương",2026-05-08 06:44:01.300168
1525,37,4,3,"Ăn vừa vị, giá cả hợp lý",2026-05-18 12:30:01.300168
1526,14,6,5,"Giao siêu nhanh, shipper dễ thương",2026-04-25 17:18:01.300168
1527,97,4,5,"Ăn vừa vị, giá cả hợp lý",2026-05-02 00:58:01.300168
1528,12,5,4,Hơi ít so với hình nhưng ngon,2026-05-11 15:02:01.300168
1529,4,3,5,"Giao siêu nhanh, shipper dễ thương",2026-04-23 09:23:01.300168
1530,82,7,3,Hơi ít so với hình nhưng ngon,2026-05-02 15:52:01.300168
1531,8,8,4,Đóng gói cẩn thận sạch sẽ,2026-05-05 07:40:01.300168
1532,82,3,5,Đóng gói cẩn thận sạch sẽ,2026-04-21 08:04:01.300168
1533,3,8,4,Đóng gói cẩn thận sạch sẽ,2026-05-03 23:56:01.300168
1534,17,8,4,Hơi ít so với hình nhưng ngon,2026-05-10 00:36:01.300168
1535,53,2,4,Đóng gói cẩn thận sạch sẽ,2026-05-10 23:26:01.300168
1536,53,5,4,"Giao siêu nhanh, shipper dễ thương",2026-04-30 02:48:01.300168
1537,6,7,3,Đóng gói cẩn thận sạch sẽ,2026-04-27 12:27:01.300168
1538,97,8,5,Đóng gói cẩn thận sạch sẽ,2026-05-08 11:30:01.300168
1539,92,3,4,"Ăn vừa vị, giá cả hợp lý",2026-04-24 14:36:01.300168
1540,8,2,5,Đồ ăn nóng hổi ngon miệng,2026-05-13 13:28:01.300168
1541,69,5,5,Đồ ăn nóng hổi ngon miệng,2026-04-30 08:50:01.300168
1542,44,4,4,"Giao siêu nhanh, shipper dễ thương",2026-04-26 11:18:01.300168
1543,16,4,5,Hơi ít so với hình nhưng ngon,2026-05-10 16:26:01.300168
1544,99,2,3,Đóng gói cẩn thận sạch sẽ,2026-04-24 00:24:01.300168
1545,54,10,5,Đóng gói cẩn thận sạch sẽ,2026-05-07 01:57:01.300168
1546,29,7,5,"Giao siêu nhanh, shipper dễ thương",2026-04-23 03:41:01.300168
1547,90,8,4,"Giao siêu nhanh, shipper dễ thương",2026-04-25 18:55:01.300168
1548,1,10,5,Đồ ăn nóng hổi ngon miệng,2026-05-19 08:57:01.300168
1549,92,6,5,Đóng gói cẩn thận sạch sẽ,2026-05-19 00:59:01.300168
1550,2,7,5,Đóng gói cẩn thận sạch sẽ,2026-05-07 13:57:01.300168
1551,58,5,4,Đồ ăn nóng hổi ngon miệng,2026-05-13 06:28:01.300168
1552,53,8,3,Đồ ăn nóng hổi ngon miệng,2026-05-04 23:40:01.300168
1553,35,4,3,"Ăn vừa vị, giá cả hợp lý",2026-05-10 07:01:01.300168
1554,30,7,5,Đóng gói cẩn thận sạch sẽ,2026-05-09 05:34:01.300168
1555,14,7,3,Đóng gói cẩn thận sạch sẽ,2026-04-23 12:02:01.300168
1556,53,7,5,Hơi ít so với hình nhưng ngon,2026-05-19 02:23:01.300168
1557,80,3,5,"Ăn vừa vị, giá cả hợp lý",2026-05-09 20:17:01.300168
1558,38,5,4,Hơi ít so với hình nhưng ngon,2026-05-08 09:05:01.300168
1559,7,8,5,Hơi ít so với hình nhưng ngon,2026-05-03 18:18:01.300168
1560,28,1,5,"Giao siêu nhanh, shipper dễ thương",2026-05-15 05:29:01.300168
1561,5,4,5,"Ăn vừa vị, giá cả hợp lý",2026-05-07 07:37:01.300168
1562,31,1,5,Đồ ăn nóng hổi ngon miệng,2026-05-04 14:53:01.300168
1563,90,2,4,"Giao siêu nhanh, shipper dễ thương",2026-05-10 10:56:01.300168
1564,28,1,4,Đóng gói cẩn thận sạch sẽ,2026-05-19 01:15:01.300168
1565,25,2,5,Hơi ít so với hình nhưng ngon,2026-05-11 14:04:01.300168
1566,35,7,3,Đóng gói cẩn thận sạch sẽ,2026-04-20 22:39:01.300168
1567,70,1,5,"Giao siêu nhanh, shipper dễ thương",2026-05-04 03:43:01.300168
1568,58,9,4,"Giao siêu nhanh, shipper dễ thương",2026-05-11 08:56:01.300168
1569,69,9,4,Đồ ăn nóng hổi ngon miệng,2026-05-05 13:43:01.300168
1570,89,5,3,"Giao siêu nhanh, shipper dễ thương",2026-05-05 06:55:01.300168
1571,18,9,4,Hơi ít so với hình nhưng ngon,2026-04-29 12:18:01.300168
1572,15,4,4,"Giao siêu nhanh, shipper dễ thương",2026-05-09 19:08:01.300168
1573,36,1,3,Hơi ít so với hình nhưng ngon,2026-05-09 23:16:01.300168
1574,22,8,4,Đồ ăn nóng hổi ngon miệng,2026-05-05 03:05:01.300168
1575,55,10,4,Hơi ít so với hình nhưng ngon,2026-04-22 00:37:01.300168
1576,3,5,5,Đóng gói cẩn thận sạch sẽ,2026-05-19 18:12:01.300168
1577,8,1,4,Đồ ăn nóng hổi ngon miệng,2026-04-25 22:25:01.300168
1578,49,10,3,Đóng gói cẩn thận sạch sẽ,2026-04-25 21:55:01.300168
1579,61,9,4,Hơi ít so với hình nhưng ngon,2026-04-22 00:11:01.300168
1580,98,9,5,Hơi ít so với hình nhưng ngon,2026-04-25 11:35:01.300168
1581,71,3,4,Đóng gói cẩn thận sạch sẽ,2026-05-07 05:45:01.300168
1582,98,5,3,Đóng gói cẩn thận sạch sẽ,2026-05-01 03:35:01.300168
1583,18,10,5,Hơi ít so với hình nhưng ngon,2026-05-17 21:56:01.300168
1584,45,5,4,"Ăn vừa vị, giá cả hợp lý",2026-05-14 19:26:01.300168
1585,15,6,5,Đóng gói cẩn thận sạch sẽ,2026-05-08 17:40:01.300168
1586,100,1,4,Hơi ít so với hình nhưng ngon,2026-05-12 01:55:01.300168
1587,32,4,4,"Ăn vừa vị, giá cả hợp lý",2026-05-08 15:12:01.300168
1588,20,9,5,Đồ ăn nóng hổi ngon miệng,2026-04-21 09:15:01.300168
1589,58,2,4,Hơi ít so với hình nhưng ngon,2026-05-02 01:02:01.300168
1590,31,5,4,"Ăn vừa vị, giá cả hợp lý",2026-05-10 21:51:01.300168
1591,32,2,5,Hơi ít so với hình nhưng ngon,2026-05-11 20:41:01.300168
1592,72,6,5,"Ăn vừa vị, giá cả hợp lý",2026-04-22 13:23:01.300168
1593,27,9,5,"Giao siêu nhanh, shipper dễ thương",2026-05-09 08:24:01.300168
1594,92,5,3,"Ăn vừa vị, giá cả hợp lý",2026-05-06 12:24:01.300168
1595,34,8,5,"Giao siêu nhanh, shipper dễ thương",2026-05-14 10:06:01.300168
1596,85,5,5,Đồ ăn nóng hổi ngon miệng,2026-05-04 12:26:01.300168
1597,89,1,3,Đóng gói cẩn thận sạch sẽ,2026-05-15 15:58:01.300168
1598,100,4,4,"Ăn vừa vị, giá cả hợp lý",2026-04-30 15:22:01.300168
1599,73,8,4,Đóng gói cẩn thận sạch sẽ,2026-04-20 05:46:01.300168
1600,52,5,5,Hơi ít so với hình nhưng ngon,2026-05-15 10:34:01.300168
1601,98,8,5,"Giao siêu nhanh, shipper dễ thương",2026-04-28 21:30:01.300168
1602,90,8,5,Hơi ít so với hình nhưng ngon,2026-05-19 09:16:01.300168
1603,60,2,4,"Giao siêu nhanh, shipper dễ thương",2026-04-27 15:29:01.300168
1604,24,6,5,"Ăn vừa vị, giá cả hợp lý",2026-04-26 16:15:01.300168
1605,18,9,4,Đóng gói cẩn thận sạch sẽ,2026-05-14 06:21:01.300168
1606,87,9,4,Đồ ăn nóng hổi ngon miệng,2026-04-21 14:57:01.300168
1607,32,3,5,Hơi ít so với hình nhưng ngon,2026-05-05 06:54:01.300168
1608,67,4,4,Đóng gói cẩn thận sạch sẽ,2026-05-09 02:36:01.300168
1609,39,4,4,Đồ ăn nóng hổi ngon miệng,2026-04-29 14:56:01.300168
1610,39,2,3,"Ăn vừa vị, giá cả hợp lý",2026-05-18 23:58:01.300168
1611,16,8,5,Hơi ít so với hình nhưng ngon,2026-05-14 02:37:01.300168
1612,40,8,4,"Ăn vừa vị, giá cả hợp lý",2026-05-11 03:48:01.300168
1613,39,6,4,"Giao siêu nhanh, shipper dễ thương",2026-05-18 13:32:01.300168
1614,13,4,5,Hơi ít so với hình nhưng ngon,2026-04-30 13:55:01.300168
1615,23,6,4,"Giao siêu nhanh, shipper dễ thương",2026-04-23 16:50:01.300168
1616,54,5,5,Đóng gói cẩn thận sạch sẽ,2026-04-28 15:47:01.300168
1617,28,9,4,Hơi ít so với hình nhưng ngon,2026-04-26 20:38:01.300168
1618,49,10,4,"Giao siêu nhanh, shipper dễ thương",2026-05-08 23:28:01.300168
1619,94,4,4,"Ăn vừa vị, giá cả hợp lý",2026-05-04 12:41:01.300168
1620,45,8,4,"Giao siêu nhanh, shipper dễ thương",2026-05-15 03:50:01.300168
1621,54,6,4,Hơi ít so với hình nhưng ngon,2026-05-09 01:11:01.300168
1622,30,5,5,"Giao siêu nhanh, shipper dễ thương",2026-04-20 02:05:01.300168
1623,37,9,4,"Giao siêu nhanh, shipper dễ thương",2026-05-11 09:40:01.300168
1624,55,4,3,Đồ ăn nóng hổi ngon miệng,2026-04-20 21:20:01.300168
1625,30,2,5,Đóng gói cẩn thận sạch sẽ,2026-05-09 21:54:01.300168
1626,93,9,4,Đóng gói cẩn thận sạch sẽ,2026-05-17 09:44:01.300168
1627,91,3,4,Hơi ít so với hình nhưng ngon,2026-04-29 20:17:01.300168
1628,24,2,5,Hơi ít so với hình nhưng ngon,2026-04-30 14:24:01.300168
1629,30,4,4,Đồ ăn nóng hổi ngon miệng,2026-05-09 05:23:01.300168
1630,11,1,5,"Giao siêu nhanh, shipper dễ thương",2026-05-02 16:45:01.300168
1631,54,2,4,Đóng gói cẩn thận sạch sẽ,2026-05-11 11:13:01.300168
1632,73,5,4,Đồ ăn nóng hổi ngon miệng,2026-05-07 17:04:01.300168
1633,40,1,4,"Ăn vừa vị, giá cả hợp lý",2026-04-28 20:44:01.300168
1634,89,2,4,"Ăn vừa vị, giá cả hợp lý",2026-05-18 12:58:01.300168
1635,94,8,5,"Giao siêu nhanh, shipper dễ thương",2026-05-12 10:20:01.300168
1636,44,9,4,"Ăn vừa vị, giá cả hợp lý",2026-04-24 06:51:01.300168
1637,31,9,3,Đồ ăn nóng hổi ngon miệng,2026-05-17 23:17:01.300168
1638,86,10,4,"Giao siêu nhanh, shipper dễ thương",2026-05-08 06:33:01.300168
1639,49,8,4,"Giao siêu nhanh, shipper dễ thương",2026-05-14 05:54:01.300168
1640,80,6,4,Đóng gói cẩn thận sạch sẽ,2026-04-30 11:07:01.300168
1641,79,2,3,"Ăn vừa vị, giá cả hợp lý",2026-04-28 16:22:01.300168
1642,48,9,5,"Giao siêu nhanh, shipper dễ thương",2026-05-16 00:25:01.300168
1643,28,3,4,Đồ ăn nóng hổi ngon miệng,2026-05-12 03:11:01.300168
1644,32,10,5,"Ăn vừa vị, giá cả hợp lý",2026-05-10 09:44:01.300168
1645,90,9,3,Đồ ăn nóng hổi ngon miệng,2026-04-30 17:03:01.300168
1646,86,6,4,Đồ ăn nóng hổi ngon miệng,2026-05-11 06:34:01.300168
1647,20,1,4,"Ăn vừa vị, giá cả hợp lý",2026-04-25 10:23:01.300168
1648,85,3,4,Đồ ăn nóng hổi ngon miệng,2026-04-21 09:38:01.300168
1649,97,5,4,Đóng gói cẩn thận sạch sẽ,2026-04-22 01:03:01.300168
1650,79,4,4,Đóng gói cẩn thận sạch sẽ,2026-05-03 08:49:01.300168
1651,18,4,4,Đồ ăn nóng hổi ngon miệng,2026-04-25 00:12:01.300168
1652,74,8,4,"Giao siêu nhanh, shipper dễ thương",2026-04-30 00:36:01.300168
1653,17,4,4,Hơi ít so với hình nhưng ngon,2026-05-09 19:43:01.300168
1654,79,7,5,Đồ ăn nóng hổi ngon miệng,2026-05-19 07:07:01.300168
1655,80,1,5,Đóng gói cẩn thận sạch sẽ,2026-05-18 13:06:01.300168
1656,45,3,3,Hơi ít so với hình nhưng ngon,2026-04-29 04:28:01.300168
1657,71,8,5,"Giao siêu nhanh, shipper dễ thương",2026-05-02 09:06:01.300168
1658,4,2,4,Đóng gói cẩn thận sạch sẽ,2026-05-16 11:42:01.300168
1659,7,3,4,Hơi ít so với hình nhưng ngon,2026-04-25 15:59:01.300168
1660,85,5,3,Hơi ít so với hình nhưng ngon,2026-05-08 14:10:01.300168
1661,20,10,4,"Giao siêu nhanh, shipper dễ thương",2026-04-26 06:01:01.300168
1662,89,3,4,"Giao siêu nhanh, shipper dễ thương",2026-05-15 22:26:01.300168
1663,47,3,4,Hơi ít so với hình nhưng ngon,2026-05-01 02:34:01.300168
1664,70,4,4,Đóng gói cẩn thận sạch sẽ,2026-04-22 23:06:01.300168
1665,6,7,3,"Ăn vừa vị, giá cả hợp lý",2026-04-26 02:37:01.300168
1666,94,9,4,Hơi ít so với hình nhưng ngon,2026-05-16 09:30:01.300168
1667,76,2,4,Đồ ăn nóng hổi ngon miệng,2026-05-03 16:26:01.300168
1668,48,4,5,Đồ ăn nóng hổi ngon miệng,2026-05-08 04:27:01.300168
1669,72,2,3,Đồ ăn nóng hổi ngon miệng,2026-05-04 03:33:01.300168
1670,43,9,4,Hơi ít so với hình nhưng ngon,2026-05-10 23:50:01.300168
1671,90,10,4,Đóng gói cẩn thận sạch sẽ,2026-05-09 05:07:01.300168
1672,24,4,4,Đồ ăn nóng hổi ngon miệng,2026-05-13 19:40:01.300168
1673,93,5,4,"Ăn vừa vị, giá cả hợp lý",2026-04-21 11:44:01.300168
1674,18,9,3,Đóng gói cẩn thận sạch sẽ,2026-05-04 08:38:01.300168
1675,63,5,5,"Ăn vừa vị, giá cả hợp lý",2026-05-15 10:16:01.300168
